timestamp,open,high,low,close,volume
2025-01-01T00:00:00Z,42000.000000,42006.176518,41981.491305,41995.158565,2757.813349
2025-01-01T00:01:00Z,41995.158565,41999.810436,41962.064810,41963.783654,1273.084705
2025-01-01T00:02:00Z,41963.783654,41973.935621,41959.364618,41971.861835,5032.143971
2025-01-01T00:03:00Z,41971.861835,41998.553624,41944.062931,41949.523260,2728.509421
2025-01-01T00:04:00Z,41949.523260,41973.988751,41929.794580,41967.928379,1549.836338
2025-01-01T00:05:00Z,41967.928379,41976.149719,41954.650984,41960.959089,3532.898931
2025-01-01T00:06:00Z,41960.959089,42009.564777,41946.809134,41980.872385,1507.888827
2025-01-01T00:07:00Z,41980.872385,42010.099955,41900.634895,41922.034505,2271.464906
2025-01-01T00:08:00Z,41922.034505,41928.293887,41916.678100,41920.256702,2611.669889
2025-01-01T00:09:00Z,41920.256702,41935.447965,41911.964683,41923.179698,3664.493429
2025-01-01T00:10:00Z,41923.179698,41939.389223,41896.715021,41908.808625,3731.989992
2025-01-01T00:11:00Z,41908.808625,41920.321640,41876.079633,41894.437457,2503.423300
2025-01-01T00:12:00Z,41894.437457,41966.215885,41868.137801,41943.906821,2857.457824
2025-01-01T00:13:00Z,41943.906821,41952.433493,41941.377794,41949.646490,2164.059606
2025-01-01T00:14:00Z,41949.646490,41990.275224,41917.737780,41971.077229,8472.948454
2025-01-01T00:15:00Z,41971.077229,41981.072408,41904.524493,41914.127230,5478.631645
2025-01-01T00:16:00Z,41914.127230,41942.922880,41876.355453,41892.077595,2611.954097
2025-01-01T00:17:00Z,41892.077595,41923.483812,41886.291723,41916.672590,13777.852772
2025-01-01T00:18:00Z,41916.672590,41976.743447,41907.685123,41955.525025,4456.013626
2025-01-01T00:19:00Z,41955.525025,41983.781945,41850.233775,41875.829302,8228.366421
2025-01-01T00:20:00Z,41875.829302,41953.988409,41861.861852,41931.938193,3139.451988
2025-01-01T00:21:00Z,41931.938193,41945.402959,41900.724860,41924.490040,2516.235997
2025-01-01T00:22:00Z,41924.490040,41954.883156,41898.796678,41946.139137,2327.460812
2025-01-01T00:23:00Z,41946.139137,41991.603993,41936.142794,41968.684935,2263.461567
2025-01-01T00:24:00Z,41968.684935,41999.785277,41961.943262,41975.236446,1705.169470
2025-01-01T00:25:00Z,41975.236446,42018.032546,41934.694958,41975.641879,3228.386670
2025-01-01T00:26:00Z,41975.641879,42018.499441,41964.391589,41975.065478,3447.537697
2025-01-01T00:27:00Z,41975.065478,42006.864731,41955.235945,41966.047947,3025.958430
2025-01-01T00:28:00Z,41966.047947,41981.270853,41919.073936,41927.919216,3254.976205
2025-01-01T00:29:00Z,41927.919216,41954.479342,41911.673606,41941.743879,5136.790548
2025-01-01T00:30:00Z,41941.743879,42009.249199,41935.080669,41994.354196,2922.320644
2025-01-01T00:31:00Z,41994.354196,42014.706955,41983.243577,42003.334649,4463.267919
2025-01-01T00:32:00Z,42003.334649,42064.643988,41989.697746,42050.417863,3921.276605
2025-01-01T00:33:00Z,42050.417863,42089.436513,42040.600852,42077.199311,3438.823615
2025-01-01T00:34:00Z,42077.199311,42143.757993,42054.902348,42121.967335,2366.609515
2025-01-01T00:35:00Z,42121.967335,42144.992419,42108.254490,42132.172747,3601.577276
2025-01-01T00:36:00Z,42132.172747,42144.566014,42105.294001,42130.320808,1529.412002
2025-01-01T00:37:00Z,42130.320808,42135.639915,42090.679322,42099.520855,6360.253716
2025-01-01T00:38:00Z,42099.520855,42114.874584,42071.710862,42080.501709,3538.295922
2025-01-01T00:39:00Z,42080.501709,42120.352092,42074.152223,42113.002069,1928.922552
2025-01-01T00:40:00Z,42113.002069,42207.059962,42088.011801,42193.708644,2443.125437
2025-01-01T00:41:00Z,42193.708644,42210.487554,42186.065767,42206.754333,4646.402611
2025-01-01T00:42:00Z,42206.754333,42220.151833,42181.666079,42206.553682,6530.948588
2025-01-01T00:43:00Z,42206.553682,42266.286802,42190.884399,42255.094282,2932.220964
2025-01-01T00:44:00Z,42255.094282,42327.950512,42248.697568,42304.370623,2655.383641
2025-01-01T00:45:00Z,42304.370623,42317.478352,42233.025436,42275.593375,2279.137059
2025-01-01T00:46:00Z,42275.593375,42323.984104,42263.893668,42300.455523,3426.128004
2025-01-01T00:47:00Z,42300.455523,42369.144505,42289.293766,42358.321427,5693.739320
2025-01-01T00:48:00Z,42358.321427,42385.720851,42315.431103,42325.192633,3981.978687
2025-01-01T00:49:00Z,42325.192633,42342.922288,42315.537954,42326.090412,2154.112009
2025-01-01T00:50:00Z,42326.090412,42330.693994,42301.139495,42309.520634,5927.163825
2025-01-01T00:51:00Z,42309.520634,42334.824107,42295.521174,42329.077360,2968.152708
2025-01-01T00:52:00Z,42329.077360,42393.107757,42310.123301,42386.548349,1588.005594
2025-01-01T00:53:00Z,42386.548349,42422.323744,42370.971307,42379.677584,1647.866351
2025-01-01T00:54:00Z,42379.677584,42431.680647,42369.798100,42398.021241,2108.319260
2025-01-01T00:55:00Z,42398.021241,42428.807378,42377.609890,42416.828119,3435.905196
2025-01-01T00:56:00Z,42416.828119,42432.220811,42397.235754,42419.018020,2214.149479
2025-01-01T00:57:00Z,42419.018020,42485.146927,42415.310969,42480.297497,1830.185349
2025-01-01T00:58:00Z,42480.297497,42558.871431,42453.330932,42545.636266,3032.718887
2025-01-01T00:59:00Z,42545.636266,42546.908413,42513.633303,42518.639304,2561.436476
2025-01-01T01:00:00Z,42518.639304,42589.313885,42506.029554,42560.967357,2162.830710
2025-01-01T01:01:00Z,42560.967357,42627.122386,42519.900616,42588.555971,3933.756059
2025-01-01T01:02:00Z,42588.555971,42618.897340,42574.999253,42614.709176,2481.614614
2025-01-01T01:03:00Z,42614.709176,42658.052165,42582.973262,42648.093528,2195.589150
2025-01-01T01:04:00Z,42648.093528,42755.411067,42640.126621,42717.083372,1182.053581
2025-01-01T01:05:00Z,42717.083372,42762.193876,42674.454919,42722.042407,1992.345947
2025-01-01T01:06:00Z,42722.042407,42750.335354,42684.987364,42739.687293,2145.197800
2025-01-01T01:07:00Z,42739.687293,42786.238312,42721.650088,42762.663015,2326.822126
2025-01-01T01:08:00Z,42762.663015,42779.360526,42759.921968,42777.320653,2185.574528
2025-01-01T01:09:00Z,42777.320653,42856.602593,42768.297096,42843.940541,1231.028032
2025-01-01T01:10:00Z,42843.940541,42906.796327,42796.482806,42894.009760,2790.803411
2025-01-01T01:11:00Z,42894.009760,42944.601803,42884.774794,42940.113543,8426.161606
2025-01-01T01:12:00Z,42940.113543,42963.835762,42923.889466,42944.112125,2024.544957
2025-01-01T01:13:00Z,42944.112125,42950.501193,42893.160483,42928.815849,2540.926624
2025-01-01T01:14:00Z,42928.815849,42957.480613,42865.177168,42883.753719,2510.772894
2025-01-01T01:15:00Z,42883.753719,42946.522035,42865.880846,42937.757708,3955.931543
2025-01-01T01:16:00Z,42937.757708,42950.351716,42927.970634,42940.467283,2051.920470
2025-01-01T01:17:00Z,42940.467283,42967.058980,42922.443395,42943.630999,3733.960487
2025-01-01T01:18:00Z,42943.630999,43002.746296,42940.435856,42990.821667,2086.442789
2025-01-01T01:19:00Z,42990.821667,43013.676209,42972.981309,42990.762871,4742.303161
2025-01-01T01:20:00Z,42990.762871,43015.649690,42954.318433,42976.828712,3330.648531
2025-01-01T01:21:00Z,42976.828712,43012.406167,42963.853821,42992.212681,3518.630454
2025-01-01T01:22:00Z,42992.212681,43037.431239,42980.097288,43024.541481,1506.835293
2025-01-01T01:23:00Z,43024.541481,43082.336457,43018.343195,43058.487848,3138.669161
2025-01-01T01:24:00Z,43058.487848,43069.093145,43017.048592,43025.264178,4125.045828
2025-01-01T01:25:00Z,43025.264178,43039.964287,43020.881190,43035.667516,5750.184035
2025-01-01T01:26:00Z,43035.667516,43085.479528,43027.679830,43072.596500,3999.572031
2025-01-01T01:27:00Z,43072.596500,43130.383996,43035.321667,43105.949105,3313.391404
2025-01-01T01:28:00Z,43105.949105,43137.442454,43033.914095,43063.802332,932.895461
2025-01-01T01:29:00Z,43063.802332,43088.383374,43012.821174,43030.659348,1869.893593
2025-01-01T01:30:00Z,43030.659348,43095.033784,43020.500520,43084.603475,1906.649064
2025-01-01T01:31:00Z,43084.603475,43104.863500,43043.481007,43055.111336,1663.118919
2025-01-01T01:32:00Z,43055.111336,43096.405308,43044.123086,43088.689735,3542.921166
2025-01-01T01:33:00Z,43088.689735,43141.752293,43080.435741,43113.437527,3825.074832
2025-01-01T01:34:00Z,43113.437527,43121.749658,43073.318137,43085.988437,4059.128127
2025-01-01T01:35:00Z,43085.988437,43165.429998,43055.752953,43132.340744,2131.247874
2025-01-01T01:36:00Z,43132.340744,43155.356433,43113.409603,43138.221868,3082.250332
2025-01-01T01:37:00Z,43138.221868,43206.174688,43111.418180,43181.277043,2603.798940
2025-01-01T01:38:00Z,43181.277043,43199.241443,43169.877571,43194.371796,4069.732441
2025-01-01T01:39:00Z,43194.371796,43201.535505,43184.319307,43187.836036,1971.603884
2025-01-01T01:40:00Z,43187.836036,43205.632882,43183.376832,43190.623859,2770.799326
2025-01-01T01:41:00Z,43190.623859,43196.196302,43174.669400,43187.562814,2465.363877
2025-01-01T01:42:00Z,43187.562814,43223.105403,43155.271279,43203.461831,4397.551872
2025-01-01T01:43:00Z,43203.461831,43226.632828,43197.909640,43224.985510,2211.290385
2025-01-01T01:44:00Z,43224.985510,43294.697884,43199.737326,43265.611630,2980.237036
2025-01-01T01:45:00Z,43265.611630,43279.041399,43261.350452,43276.376457,992.598281
2025-01-01T01:46:00Z,43276.376457,43332.013479,43252.701944,43321.012376,4803.435912
2025-01-01T01:47:00Z,43321.012376,43358.263691,43312.200758,43331.707616,2272.867747
2025-01-01T01:48:00Z,43331.707616,43379.895288,43327.326291,43377.963934,1037.705153
2025-01-01T01:49:00Z,43377.963934,43396.089904,43342.369276,43347.836624,1077.366264
2025-01-01T01:50:00Z,43347.836624,43355.916448,43329.723369,43338.449694,1654.592498
2025-01-01T01:51:00Z,43338.449694,43380.410680,43309.192514,43332.559484,2604.911288
2025-01-01T01:52:00Z,43332.559484,43345.577878,43285.567963,43310.813718,3598.768145
2025-01-01T01:53:00Z,43310.813718,43361.165178,43267.816627,43326.240055,2462.760914
2025-01-01T01:54:00Z,43326.240055,43364.636263,43309.129564,43324.616298,1874.290674
2025-01-01T01:55:00Z,43324.616298,43362.917654,43303.018652,43348.173801,1768.026909
2025-01-01T01:56:00Z,43348.173801,43358.999504,43308.429620,43348.466170,7139.013474
2025-01-01T01:57:00Z,43348.466170,43374.314346,43342.027740,43358.014468,4928.149007
2025-01-01T01:58:00Z,43358.014468,43391.630637,43351.195768,43379.038688,2369.314964
2025-01-01T01:59:00Z,43379.038688,43429.562592,43361.656736,43426.380852,1848.684176
2025-01-01T02:00:00Z,43426.380852,43504.373919,43405.479990,43481.887666,4306.657708
2025-01-01T02:01:00Z,43481.887666,43492.251486,43450.234543,43465.144283,1968.579244
2025-01-01T02:02:00Z,43465.144283,43483.385867,43442.485686,43462.289572,2081.132216
2025-01-01T02:03:00Z,43462.289572,43477.880179,43410.504239,43418.636080,4171.735485
2025-01-01T02:04:00Z,43418.636080,43429.911496,43409.901757,43426.118547,3745.047085
2025-01-01T02:05:00Z,43426.118547,43444.148179,43414.281626,43435.388785,2236.972377
2025-01-01T02:06:00Z,43435.388785,43489.443950,43429.309911,43484.808632,2750.739839
2025-01-01T02:07:00Z,43484.808632,43498.926496,43482.482903,43495.326751,3944.929234
2025-01-01T02:08:00Z,43495.326751,43556.628300,43461.469808,43546.289294,2719.283240
2025-01-01T02:09:00Z,43546.289294,43564.238575,43465.785743,43482.959341,3141.125364
2025-01-01T02:10:00Z,43482.959341,43522.599680,43440.860843,43494.685636,3408.067814
2025-01-01T02:11:00Z,43494.685636,43502.036905,43480.600593,43490.722649,3304.836593
2025-01-01T02:12:00Z,43490.722649,43504.490100,43428.726757,43470.422038,2572.626903
2025-01-01T02:13:00Z,43470.422038,43479.934093,43420.513166,43429.076638,1820.712471
2025-01-01T02:14:00Z,43429.076638,43450.799044,43336.134176,43371.423820,4082.057770
2025-01-01T02:15:00Z,43371.423820,43388.261455,43317.230269,43334.201573,1863.934419
2025-01-01T02:16:00Z,43334.201573,43337.257879,43327.788793,43330.040767,2386.346785
2025-01-01T02:17:00Z,43330.040767,43336.805273,43278.080718,43292.299596,3586.182021
2025-01-01T02:18:00Z,43292.299596,43327.262811,43256.934087,43287.663960,1856.341702
2025-01-01T02:19:00Z,43287.663960,43313.091848,43227.723617,43258.009120,1866.236304
2025-01-01T02:20:00Z,43258.009120,43267.908891,43205.536552,43218.883716,1356.497038
2025-01-01T02:21:00Z,43218.883716,43231.809242,43196.095970,43204.676303,6001.044847
2025-01-01T02:22:00Z,43204.676303,43233.369261,43162.152313,43190.571768,1561.094471
2025-01-01T02:23:00Z,43190.571768,43216.166182,43181.060095,43205.134863,3172.090025
2025-01-01T02:24:00Z,43205.134863,43313.782265,43162.676976,43285.181545,5566.400065
2025-01-01T02:25:00Z,43285.181545,43346.213267,43270.983388,43342.646438,2975.579681
2025-01-01T02:26:00Z,43342.646438,43357.916780,43267.365759,43298.801128,3362.413268
2025-01-01T02:27:00Z,43298.801128,43303.119962,43273.429867,43277.633214,2013.777378
2025-01-01T02:28:00Z,43277.633214,43292.971038,43241.773225,43250.152345,1367.686505
2025-01-01T02:29:00Z,43250.152345,43332.016804,43236.890010,43315.137832,2256.472565
2025-01-01T02:30:00Z,43315.137832,43329.480638,43255.667586,43279.514566,8678.121732
2025-01-01T02:31:00Z,43279.514566,43287.427365,43249.370291,43260.839454,1861.739514
2025-01-01T02:32:00Z,43260.839454,43281.435864,43235.424766,43267.746545,1587.474882
2025-01-01T02:33:00Z,43267.746545,43316.106362,43230.739453,43305.966928,2411.248101
2025-01-01T02:34:00Z,43305.966928,43313.850565,43282.919495,43290.817961,2415.526448
2025-01-01T02:35:00Z,43290.817961,43411.842125,43278.123894,43385.393748,6474.027668
2025-01-01T02:36:00Z,43385.393748,43432.910765,43370.084150,43409.987286,1882.321556
2025-01-01T02:37:00Z,43409.987286,43474.146540,43401.886833,43463.718621,1006.017496
2025-01-01T02:38:00Z,43463.718621,43545.746591,43445.249928,43504.484031,2315.175875
2025-01-01T02:39:00Z,43504.484031,43546.530764,43462.700347,43517.554328,1898.282461
2025-01-01T02:40:00Z,43517.554328,43550.330360,43496.673932,43515.527573,4319.660416
2025-01-01T02:41:00Z,43515.527573,43558.579991,43502.234943,43545.135606,4674.479674
2025-01-01T02:42:00Z,43545.135606,43555.673102,43510.297984,43519.359631,3326.944471
2025-01-01T02:43:00Z,43519.359631,43534.880111,43513.871369,43529.152503,6462.280868
2025-01-01T02:44:00Z,43529.152503,43576.549750,43493.296743,43545.554563,1974.684263
2025-01-01T02:45:00Z,43545.554563,43564.547657,43513.602285,43539.314032,2991.790517
2025-01-01T02:46:00Z,43539.314032,43585.313139,43516.270932,43568.902754,2112.110109
2025-01-01T02:47:00Z,43568.902754,43575.865576,43516.880189,43529.040118,4237.570359
2025-01-01T02:48:00Z,43529.040118,43560.376034,43472.348682,43503.701761,5361.492899
2025-01-01T02:49:00Z,43503.701761,43543.458616,43487.624021,43528.062668,2121.351167
2025-01-01T02:50:00Z,43528.062668,43543.098764,43520.177278,43537.251803,2731.359337
2025-01-01T02:51:00Z,43537.251803,43603.856471,43519.419770,43597.473429,2945.217987
2025-01-01T02:52:00Z,43597.473429,43661.020816,43589.697274,43626.139875,2101.067062
2025-01-01T02:53:00Z,43626.139875,43643.278339,43612.185706,43636.683206,2081.073333
2025-01-01T02:54:00Z,43636.683206,43639.759007,43570.287904,43582.094584,2161.967197
2025-01-01T02:55:00Z,43582.094584,43595.869829,43538.595931,43565.139304,2372.668643
2025-01-01T02:56:00Z,43565.139304,43571.019057,43559.935983,43566.272068,4210.902001
2025-01-01T02:57:00Z,43566.272068,43578.096141,43541.883221,43558.952305,2351.804354
2025-01-01T02:58:00Z,43558.952305,43573.746861,43531.287777,43536.938036,2074.846251
2025-01-01T02:59:00Z,43536.938036,43547.466458,43497.774413,43508.342243,4199.336983
2025-01-01T03:00:00Z,43508.342243,43575.280550,43488.094070,43538.656094,2929.893087
2025-01-01T03:01:00Z,43538.656094,43546.998336,43464.210827,43491.223046,2262.873268
2025-01-01T03:02:00Z,43491.223046,43506.730111,43404.299801,43416.829292,3041.293492
2025-01-01T03:03:00Z,43416.829292,43441.919399,43361.670290,43387.994198,4976.433347
2025-01-01T03:04:00Z,43387.994198,43419.825184,43328.435268,43352.850499,1446.694595
2025-01-01T03:05:00Z,43352.850499,43377.968966,43332.006190,43339.822599,4685.922560
2025-01-01T03:06:00Z,43339.822599,43343.536449,43315.828950,43324.096203,6104.587415
2025-01-01T03:07:00Z,43324.096203,43407.479931,43305.822107,43366.271641,2700.932213
2025-01-01T03:08:00Z,43366.271641,43418.249186,43346.970279,43384.335380,1881.383165
2025-01-01T03:09:00Z,43384.335380,43462.511527,43373.893488,43451.022043,6404.438608
2025-01-01T03:10:00Z,43451.022043,43493.371087,43411.276572,43435.127187,861.109471
2025-01-01T03:11:00Z,43435.127187,43452.814614,43413.027489,43436.235670,2771.390464
2025-01-01T03:12:00Z,43436.235670,43477.828383,43402.888739,43414.135816,1760.147149
2025-01-01T03:13:00Z,43414.135816,43443.889931,43370.762395,43414.278034,3297.065806
2025-01-01T03:14:00Z,43414.278034,43456.257840,43395.931508,43415.728554,3498.199336
2025-01-01T03:15:00Z,43415.728554,43436.558731,43370.201574,43398.806860,3410.249462
2025-01-01T03:16:00Z,43398.806860,43463.461888,43390.405161,43457.153094,5110.902518
2025-01-01T03:17:00Z,43457.153094,43476.692034,43444.954849,43452.306254,1006.117102
2025-01-01T03:18:00Z,43452.306254,43466.581191,43410.246342,43437.277205,3310.111745
2025-01-01T03:19:00Z,43437.277205,43493.453692,43414.381613,43468.495014,3256.399493
2025-01-01T03:20:00Z,43468.495014,43540.003571,43454.152962,43509.766468,4447.817595
2025-01-01T03:21:00Z,43509.766468,43519.335453,43483.873693,43489.851539,3548.799778
2025-01-01T03:22:00Z,43489.851539,43495.984026,43434.598303,43461.936461,1719.347207
2025-01-01T03:23:00Z,43461.936461,43469.035629,43435.075896,43460.584290,3764.156393
2025-01-01T03:24:00Z,43460.584290,43485.092555,43447.249500,43464.813038,4034.310909
2025-01-01T03:25:00Z,43464.813038,43477.885568,43452.061778,43464.576958,2922.394600
2025-01-01T03:26:00Z,43464.576958,43471.396419,43455.498551,43461.988190,3938.991263
2025-01-01T03:27:00Z,43461.988190,43472.088362,43457.694318,43465.721597,2161.768531
2025-01-01T03:28:00Z,43465.721597,43488.384302,43427.959086,43460.734900,1721.261237
2025-01-01T03:29:00Z,43460.734900,43488.273814,43435.319952,43441.171111,2927.878693
2025-01-01T03:30:00Z,43441.171111,43468.869657,43412.375635,43452.591116,1231.207591
2025-01-01T03:31:00Z,43452.591116,43504.019806,43438.739515,43486.238518,3610.632676
2025-01-01T03:32:00Z,43486.238518,43500.452882,43484.242720,43494.380971,2712.184851
2025-01-01T03:33:00Z,43494.380971,43507.935057,43452.382274,43483.213455,5593.544107
2025-01-01T03:34:00Z,43483.213455,43491.594971,43416.813435,43442.076880,2712.363501
2025-01-01T03:35:00Z,43442.076880,43500.415242,43427.787591,43468.710624,1769.816701
2025-01-01T03:36:00Z,43468.710624,43480.209109,43430.128294,43440.966794,3285.077953
2025-01-01T03:37:00Z,43440.966794,43484.743696,43430.258514,43467.304395,3893.437391
2025-01-01T03:38:00Z,43467.304395,43485.493186,43456.363428,43474.675230,2757.143833
2025-01-01T03:39:00Z,43474.675230,43495.210991,43446.085504,43465.971647,1312.397131
2025-01-01T03:40:00Z,43465.971647,43481.698127,43435.824304,43453.094529,3646.806204
2025-01-01T03:41:00Z,43453.094529,43519.968352,43429.787836,43486.151545,1754.508589
2025-01-01T03:42:00Z,43486.151545,43498.893229,43451.050960,43460.307928,2575.080065
2025-01-01T03:43:00Z,43460.307928,43500.815502,43425.875217,43474.352241,2088.686631
2025-01-01T03:44:00Z,43474.352241,43552.170025,43443.669333,43522.547598,1088.113779
2025-01-01T03:45:00Z,43522.547598,43613.836934,43508.508285,43596.585705,3533.338830
2025-01-01T03:46:00Z,43596.585705,43600.231243,43563.778812,43582.702222,2059.193547
2025-01-01T03:47:00Z,43582.702222,43590.962863,43542.930613,43545.217506,2479.134486
2025-01-01T03:48:00Z,43545.217506,43556.470966,43527.436406,43539.296486,2179.546770
2025-01-01T03:49:00Z,43539.296486,43546.872191,43516.429435,43523.145148,1384.363905
2025-01-01T03:50:00Z,43523.145148,43558.655193,43496.625832,43544.129979,5021.491637
2025-01-01T03:51:00Z,43544.129979,43558.496929,43496.264063,43500.985392,3114.222945
2025-01-01T03:52:00Z,43500.985392,43522.196218,43442.736956,43469.523616,3486.134545
2025-01-01T03:53:00Z,43469.523616,43502.894345,43455.578277,43497.118208,3384.811435
2025-01-01T03:54:00Z,43497.118208,43504.697909,43492.713567,43495.694942,3779.279435
2025-01-01T03:55:00Z,43495.694942,43513.072853,43475.735480,43489.201768,2253.666931
2025-01-01T03:56:00Z,43489.201768,43522.150842,43487.463455,43514.533584,1471.527181
2025-01-01T03:57:00Z,43514.533584,43615.779625,43485.007444,43586.163407,3358.222664
2025-01-01T03:58:00Z,43586.163407,43588.123161,43565.974658,43570.631147,1895.217415
2025-01-01T03:59:00Z,43570.631147,43620.881187,43559.972859,43579.459491,1648.764340
2025-01-01T04:00:00Z,43579.459491,43607.306299,43563.100102,43587.426731,2256.258570
2025-01-01T04:01:00Z,43587.426731,43593.838578,43556.618235,43568.992877,4362.573051
2025-01-01T04:02:00Z,43568.992877,43615.528308,43531.988080,43593.606831,4242.715413
2025-01-01T04:03:00Z,43593.606831,43618.352416,43588.189851,43613.628493,1407.606268
2025-01-01T04:04:00Z,43613.628493,43624.963326,43530.247994,43559.486185,1888.942231
2025-01-01T04:05:00Z,43559.486185,43581.610319,43455.754891,43494.082426,3065.203628
2025-01-01T04:06:00Z,43494.082426,43524.691578,43417.753783,43441.545654,2317.019711
2025-01-01T04:07:00Z,43441.545654,43452.850982,43431.276778,43441.973192,3420.431397
2025-01-01T04:08:00Z,43441.973192,43484.257071,43437.736454,43473.505436,3587.045248
2025-01-01T04:09:00Z,43473.505436,43513.777188,43441.872220,43472.974297,2548.755003
2025-01-01T04:10:00Z,43472.974297,43498.769153,43398.313941,43426.815127,2915.312893
2025-01-01T04:11:00Z,43426.815127,43442.342398,43339.035269,43359.150584,3845.509216
2025-01-01T04:12:00Z,43359.150584,43368.355584,43354.273965,43358.825164,3396.929238
2025-01-01T04:13:00Z,43358.825164,43363.779609,43335.000077,43342.057100,1772.299117
2025-01-01T04:14:00Z,43342.057100,43348.080740,43290.130984,43295.208695,3653.121906
2025-01-01T04:15:00Z,43295.208695,43322.516040,43237.620563,43261.010201,3721.261660
2025-01-01T04:16:00Z,43261.010201,43282.205198,43232.611651,43267.320960,3231.452699
2025-01-01T04:17:00Z,43267.320960,43287.742761,43187.754438,43217.724608,1319.021389
2025-01-01T04:18:00Z,43217.724608,43267.744727,43192.878237,43230.032648,4122.068655
2025-01-01T04:19:00Z,43230.032648,43239.455218,43138.408904,43154.612025,1641.366450
2025-01-01T04:20:00Z,43154.612025,43200.759665,43122.275309,43166.474149,1606.698506
2025-01-01T04:21:00Z,43166.474149,43178.125573,43097.647754,43109.315137,2678.312336
2025-01-01T04:22:00Z,43109.315137,43139.555727,43091.792373,43111.363114,3955.764736
2025-01-01T04:23:00Z,43111.363114,43123.340784,43075.367110,43112.175734,3419.267928
2025-01-01T04:24:00Z,43112.175734,43143.537723,43106.590822,43140.435417,1335.282856
2025-01-01T04:25:00Z,43140.435417,43165.942750,43130.125176,43154.992857,4109.029658
2025-01-01T04:26:00Z,43154.992857,43168.012779,43135.546639,43154.225555,2316.217971
2025-01-01T04:27:00Z,43154.225555,43168.813815,43138.838429,43148.818782,4847.544447
2025-01-01T04:28:00Z,43148.818782,43172.693254,43074.478770,43111.417797,2745.921734
2025-01-01T04:29:00Z,43111.417797,43139.501991,43026.155681,43046.603890,6670.791418
2025-01-01T04:30:00Z,43046.603890,43089.009754,42965.358485,43007.112471,4326.153348
2025-01-01T04:31:00Z,43007.112471,43046.794891,42985.137127,43015.512168,3869.205040
2025-01-01T04:32:00Z,43015.512168,43078.334020,42979.595325,43060.244904,5028.754399
2025-01-01T04:33:00Z,43060.244904,43066.627245,43029.594143,43041.071971,7840.436740
2025-01-01T04:34:00Z,43041.071971,43045.116940,43034.627855,43039.147268,4843.134340
2025-01-01T04:35:00Z,43039.147268,43063.749775,42995.598078,43005.363014,2968.578189
2025-01-01T04:36:00Z,43005.363014,43085.712190,42995.406472,43056.474233,2075.062462
2025-01-01T04:37:00Z,43056.474233,43067.065560,43004.707843,43033.016689,6796.547974
2025-01-01T04:38:00Z,43033.016689,43036.376689,43013.459571,43021.086886,3024.965331
2025-01-01T04:39:00Z,43021.086886,43028.773679,42947.553233,42959.610091,2394.762741
2025-01-01T04:40:00Z,42959.610091,42980.007111,42934.145672,42947.631105,3406.905408
2025-01-01T04:41:00Z,42947.631105,43002.175741,42928.035955,42996.247272,5578.197498
2025-01-01T04:42:00Z,42996.247272,43013.281689,42979.407899,42988.618339,3828.469928
2025-01-01T04:43:00Z,42988.618339,42997.547984,42933.991711,42936.026591,4158.182936
2025-01-01T04:44:00Z,42936.026591,42968.030334,42862.059903,42887.116829,2731.808223
2025-01-01T04:45:00Z,42887.116829,42906.215396,42821.541659,42830.645405,3358.643260
2025-01-01T04:46:00Z,42830.645405,42857.593083,42798.035571,42829.643764,1994.697520
2025-01-01T04:47:00Z,42829.643764,42834.112656,42812.164795,42818.236080,1992.468418
2025-01-01T04:48:00Z,42818.236080,42856.577225,42799.774628,42836.702903,5985.143221
2025-01-01T04:49:00Z,42836.702903,42859.198888,42815.966723,42832.844968,2564.465958
2025-01-01T04:50:00Z,42832.844968,42853.025653,42828.623776,42846.338087,3234.344941
2025-01-01T04:51:00Z,42846.338087,42894.054965,42840.837570,42880.647789,2868.486918
2025-01-01T04:52:00Z,42880.647789,42900.680755,42822.735798,42834.955944,5505.662962
2025-01-01T04:53:00Z,42834.955944,42870.964313,42758.637076,42777.934900,5981.917553
2025-01-01T04:54:00Z,42777.934900,42835.422367,42761.068196,42809.057778,2733.663364
2025-01-01T04:55:00Z,42809.057778,42823.984077,42801.570800,42818.107419,1498.052921
2025-01-01T04:56:00Z,42818.107419,42824.444606,42777.092661,42780.820954,2666.044321
2025-01-01T04:57:00Z,42780.820954,42797.813645,42736.211513,42743.678268,2241.642742
2025-01-01T04:58:00Z,42743.678268,42777.493495,42693.307542,42757.236593,2195.557419
2025-01-01T04:59:00Z,42757.236593,42778.020186,42728.393777,42761.790494,2815.382763
2025-01-01T05:00:00Z,42761.790494,42769.673190,42707.734821,42717.313379,1091.820945
2025-01-01T05:01:00Z,42717.313379,42740.980562,42697.376467,42721.608930,3091.518743
2025-01-01T05:02:00Z,42721.608930,42756.470828,42653.650397,42671.008564,2318.010209
2025-01-01T05:03:00Z,42671.008564,42685.718945,42645.720506,42666.617915,1659.343026
2025-01-01T05:04:00Z,42666.617915,42689.344166,42639.572167,42658.655406,3717.606708
2025-01-01T05:05:00Z,42658.655406,42667.863654,42609.040516,42626.086601,2611.072389
2025-01-01T05:06:00Z,42626.086601,42633.537379,42577.035836,42601.349119,7925.064685
2025-01-01T05:07:00Z,42601.349119,42607.475451,42505.099379,42523.873407,3967.070978
2025-01-01T05:08:00Z,42523.873407,42537.622558,42510.846352,42532.972182,2151.913272
2025-01-01T05:09:00Z,42532.972182,42612.360059,42506.556495,42576.811475,1712.331017
2025-01-01T05:10:00Z,42576.811475,42583.742658,42573.792459,42580.170369,1778.545666
2025-01-01T05:11:00Z,42580.170369,42594.669611,42548.975210,42574.554482,2695.829712
2025-01-01T05:12:00Z,42574.554482,42578.400522,42513.554528,42522.613580,2446.908271
2025-01-01T05:13:00Z,42522.613580,42557.075724,42497.873508,42507.092382,1738.627985
2025-01-01T05:14:00Z,42507.092382,42566.659818,42495.393135,42547.750115,2666.639448
2025-01-01T05:15:00Z,42547.750115,42594.105744,42514.187017,42583.113499,1731.000675
2025-01-01T05:16:00Z,42583.113499,42585.178626,42505.351872,42507.600821,4475.543514
2025-01-01T05:17:00Z,42507.600821,42532.925035,42471.783726,42515.783400,4194.228399
2025-01-01T05:18:00Z,42515.783400,42572.237207,42505.380190,42560.667155,1748.020404
2025-01-01T05:19:00Z,42560.667155,42591.442524,42551.562395,42574.090009,3907.129519
2025-01-01T05:20:00Z,42574.090009,42612.728022,42550.333728,42585.564001,2715.086874
2025-01-01T05:21:00Z,42585.564001,42611.014095,42576.751448,42602.815046,1836.642708
2025-01-01T05:22:00Z,42602.815046,42631.052462,42549.874821,42567.880567,1885.392819
2025-01-01T05:23:00Z,42567.880567,42581.719977,42502.841927,42535.531906,1988.335643
2025-01-01T05:24:00Z,42535.531906,42550.667743,42459.505306,42467.811284,3251.869643
2025-01-01T05:25:00Z,42467.811284,42504.541336,42449.443542,42495.341688,3561.847556
2025-01-01T05:26:00Z,42495.341688,42529.614305,42430.245467,42468.220587,5777.347794
2025-01-01T05:27:00Z,42468.220587,42497.550751,42451.076519,42484.197227,4093.076091
2025-01-01T05:28:00Z,42484.197227,42488.093630,42470.551165,42475.194223,4178.237480
2025-01-01T05:29:00Z,42475.194223,42488.612449,42430.209534,42449.884985,2379.322251
2025-01-01T05:30:00Z,42449.884985,42473.189465,42394.065463,42417.919269,2483.033523
2025-01-01T05:31:00Z,42417.919269,42423.785540,42379.272150,42382.885675,2989.951329
2025-01-01T05:32:00Z,42382.885675,42404.630820,42370.581491,42400.194612,2793.118796
2025-01-01T05:33:00Z,42400.194612,42447.415480,42376.932882,42431.050742,1916.232893
2025-01-01T05:34:00Z,42431.050742,42461.867977,42343.653419,42361.748042,4409.671261
2025-01-01T05:35:00Z,42361.748042,42370.520216,42317.376662,42320.562264,4196.670117
2025-01-01T05:36:00Z,42320.562264,42338.237000,42244.584761,42257.671075,2920.596470
2025-01-01T05:37:00Z,42257.671075,42339.017762,42247.301795,42319.880964,6839.087334
2025-01-01T05:38:00Z,42319.880964,42375.800089,42311.601176,42367.413331,2247.438486
2025-01-01T05:39:00Z,42367.413331,42391.474559,42356.283378,42380.060752,3192.657356
2025-01-01T05:40:00Z,42380.060752,42393.665572,42337.042463,42343.108099,2131.504628
2025-01-01T05:41:00Z,42343.108099,42402.175700,42327.008702,42393.777978,2854.111834
2025-01-01T05:42:00Z,42393.777978,42409.681238,42328.036119,42336.934719,2584.698508
2025-01-01T05:43:00Z,42336.934719,42363.293423,42264.306822,42288.776578,976.054275
2025-01-01T05:44:00Z,42288.776578,42314.788052,42259.465927,42281.372725,2706.029810
2025-01-01T05:45:00Z,42281.372725,42309.165422,42269.634173,42284.341861,1664.281415
2025-01-01T05:46:00Z,42284.341861,42296.934282,42215.864703,42247.754464,1894.034125
2025-01-01T05:47:00Z,42247.754464,42326.176093,42243.429912,42324.332955,3698.871139
2025-01-01T05:48:00Z,42324.332955,42369.881687,42302.060617,42350.502386,5224.879431
2025-01-01T05:49:00Z,42350.502386,42387.479511,42347.808085,42385.243315,1761.167997
2025-01-01T05:50:00Z,42385.243315,42397.711392,42349.805986,42358.862616,5381.112602
2025-01-01T05:51:00Z,42358.862616,42398.974096,42342.514423,42381.719397,2401.672370
2025-01-01T05:52:00Z,42381.719397,42392.500939,42333.631266,42345.904028,1733.422669
2025-01-01T05:53:00Z,42345.904028,42366.449658,42299.830035,42320.020155,2658.085296
2025-01-01T05:54:00Z,42320.020155,42339.837871,42301.527639,42330.885990,5872.026080
2025-01-01T05:55:00Z,42330.885990,42343.252068,42325.739938,42335.470130,2110.845141
2025-01-01T05:56:00Z,42335.470130,42435.490076,42315.526985,42394.639650,2688.281586
2025-01-01T05:57:00Z,42394.639650,42405.848282,42371.329569,42379.293926,5957.114113
2025-01-01T05:58:00Z,42379.293926,42407.353579,42331.878244,42354.072176,3101.466953
2025-01-01T05:59:00Z,42354.072176,42393.832411,42330.915301,42382.053214,4782.141153
2025-01-01T06:00:00Z,42382.053214,42385.875975,42326.552256,42332.270230,2632.483314
2025-01-01T06:01:00Z,42332.270230,42380.277103,42327.262321,42376.949056,4703.818684
2025-01-01T06:02:00Z,42376.949056,42402.474283,42293.708431,42308.759322,5329.301389
2025-01-01T06:03:00Z,42308.759322,42367.790870,42300.410190,42335.833816,2727.005865
2025-01-01T06:04:00Z,42335.833816,42371.930465,42261.206804,42296.559091,2321.186431
2025-01-01T06:05:00Z,42296.559091,42338.865384,42283.475019,42326.628725,6832.902482
2025-01-01T06:06:00Z,42326.628725,42372.975173,42248.584959,42293.492051,4094.264822
2025-01-01T06:07:00Z,42293.492051,42303.333877,42262.912261,42295.390310,2855.657907
2025-01-01T06:08:00Z,42295.390310,42312.666705,42243.864058,42272.210893,11170.879864
2025-01-01T06:09:00Z,42272.210893,42297.242174,42268.017347,42293.625293,1984.180046
2025-01-01T06:10:00Z,42293.625293,42304.218328,42256.205866,42267.411327,3257.131184
2025-01-01T06:11:00Z,42267.411327,42278.911814,42202.804449,42214.750259,2180.180866
2025-01-01T06:12:00Z,42214.750259,42239.488885,42211.856639,42232.951935,1845.622068
2025-01-01T06:13:00Z,42232.951935,42257.638996,42227.003836,42251.345856,4054.485931
2025-01-01T06:14:00Z,42251.345856,42267.400951,42248.024714,42252.904709,976.001215
2025-01-01T06:15:00Z,42252.904709,42254.999608,42219.743823,42223.080170,1688.225987
2025-01-01T06:16:00Z,42223.080170,42257.602753,42170.345314,42189.868464,4014.799009
2025-01-01T06:17:00Z,42189.868464,42258.056499,42183.396216,42245.476930,5848.228179
2025-01-01T06:18:00Z,42245.476930,42284.957355,42225.360767,42258.638460,3615.927248
2025-01-01T06:19:00Z,42258.638460,42279.936754,42212.277160,42222.590216,2554.051893
2025-01-01T06:20:00Z,42222.590216,42234.458091,42198.399995,42223.915337,6338.252896
2025-01-01T06:21:00Z,42223.915337,42230.631952,42201.392805,42220.577211,2505.198163
2025-01-01T06:22:00Z,42220.577211,42225.808772,42170.125565,42177.261307,2921.266715
2025-01-01T06:23:00Z,42177.261307,42202.820029,42158.532319,42195.149376,3653.997300
2025-01-01T06:24:00Z,42195.149376,42225.086146,42189.036247,42209.507875,1879.241252
2025-01-01T06:25:00Z,42209.507875,42228.371707,42118.918246,42151.092498,3608.795378
2025-01-01T06:26:00Z,42151.092498,42154.416308,42149.527548,42151.185490,1650.511394
2025-01-01T06:27:00Z,42151.185490,42239.044692,42149.598936,42231.282390,2867.531361
2025-01-01T06:28:00Z,42231.282390,42270.513437,42156.051173,42184.213655,4525.054743
2025-01-01T06:29:00Z,42184.213655,42204.214439,42072.109519,42092.804913,5876.454116
2025-01-01T06:30:00Z,42092.804913,42114.434158,42033.418316,42058.389629,4818.377524
2025-01-01T06:31:00Z,42058.389629,42076.272862,42025.408759,42048.175134,3754.014873
2025-01-01T06:32:00Z,42048.175134,42053.260522,42043.750414,42050.736061,3093.279505
2025-01-01T06:33:00Z,42050.736061,42066.548473,41993.809704,42013.107739,2558.458440
2025-01-01T06:34:00Z,42013.107739,42022.996127,41970.853377,42002.760946,8481.706302
2025-01-01T06:35:00Z,42002.760946,42010.861869,41939.931604,41955.186416,4327.392106
2025-01-01T06:36:00Z,41955.186416,41989.052655,41948.528392,41964.868200,3196.027595
2025-01-01T06:37:00Z,41964.868200,41971.036762,41950.989363,41965.592514,1889.900758
2025-01-01T06:38:00Z,41965.592514,42021.124064,41951.492851,42005.748890,3586.836561
2025-01-01T06:39:00Z,42005.748890,42021.168107,41974.871227,41989.730711,5174.020069
2025-01-01T06:40:00Z,41989.730711,42029.835862,41986.452443,42023.548341,5003.942610
2025-01-01T06:41:00Z,42023.548341,42124.426410,41999.248893,42092.425201,2220.813698
2025-01-01T06:42:00Z,42092.425201,42127.102328,41966.454718,42005.687133,3081.449009
2025-01-01T06:43:00Z,42005.687133,42011.359020,41985.229056,41994.619714,4555.497585
2025-01-01T06:44:00Z,41994.619714,42008.726455,41918.178942,41933.812026,3446.123791
2025-01-01T06:45:00Z,41933.812026,42005.538898,41920.195165,41974.673612,2218.737965
2025-01-01T06:46:00Z,41974.673612,42011.722837,41944.692547,41979.591750,4036.439248
2025-01-01T06:47:00Z,41979.591750,42034.046055,41969.624905,42028.701847,4432.061806
2025-01-01T06:48:00Z,42028.701847,42039.575480,41967.825219,41978.276081,1717.304687
2025-01-01T06:49:00Z,41978.276081,41998.005957,41903.935819,41946.767687,2475.456103
2025-01-01T06:50:00Z,41946.767687,42042.613443,41898.070763,42029.731913,3300.520895
2025-01-01T06:51:00Z,42029.731913,42040.674977,41979.232940,42009.399822,3115.981465
2025-01-01T06:52:00Z,42009.399822,42023.024347,41948.632970,41959.018910,2321.544351
2025-01-01T06:53:00Z,41959.018910,41967.697248,41931.877365,41960.836533,5106.372343
2025-01-01T06:54:00Z,41960.836533,41982.906737,41878.889275,41902.631079,3512.431842
2025-01-01T06:55:00Z,41902.631079,41907.095720,41874.694629,41885.689795,2639.017007
2025-01-01T06:56:00Z,41885.689795,41890.950288,41854.382383,41860.139021,2384.633131
2025-01-01T06:57:00Z,41860.139021,41910.559103,41846.938311,41885.018057,1884.958409
2025-01-01T06:58:00Z,41885.018057,41947.899141,41874.557475,41928.281075,1036.729419
2025-01-01T06:59:00Z,41928.281075,41960.981428,41893.229990,41939.380347,2291.166513
2025-01-01T07:00:00Z,41939.380347,41940.877884,41891.784588,41898.488218,2518.114222
2025-01-01T07:01:00Z,41898.488218,41971.206296,41864.028599,41950.964667,2378.712003
2025-01-01T07:02:00Z,41950.964667,41966.011875,41948.361464,41962.806773,6005.771503
2025-01-01T07:03:00Z,41962.806773,41981.567443,41913.002745,41931.891109,1900.711644
2025-01-01T07:04:00Z,41931.891109,41983.651360,41929.685567,41980.262644,3052.371070
2025-01-01T07:05:00Z,41980.262644,42023.000403,41945.116121,41992.469489,2945.983875
2025-01-01T07:06:00Z,41992.469489,42014.811305,41989.395598,42012.074930,2657.177432
2025-01-01T07:07:00Z,42012.074930,42020.604795,41949.193030,41957.382143,2599.743435
2025-01-01T07:08:00Z,41957.382143,41975.080410,41890.970450,41927.710472,4118.539907
2025-01-01T07:09:00Z,41927.710472,41997.412457,41916.966070,41962.284149,1745.281356
2025-01-01T07:10:00Z,41962.284149,41963.606155,41935.520573,41937.864669,4414.599793
2025-01-01T07:11:00Z,41937.864669,41963.732088,41872.911690,41908.645144,2982.231481
2025-01-01T07:12:00Z,41908.645144,41951.618383,41902.448533,41949.231573,4068.583261
2025-01-01T07:13:00Z,41949.231573,41986.608160,41942.525440,41984.973618,2139.053606
2025-01-01T07:14:00Z,41984.973618,42032.831828,41982.171145,42026.683273,2116.236424
2025-01-01T07:15:00Z,42026.683273,42106.853704,42007.121949,42077.012550,2582.520439
2025-01-01T07:16:00Z,42077.012550,42115.548241,42069.163777,42101.764574,3376.325303
2025-01-01T07:17:00Z,42101.764574,42144.094864,42062.704395,42132.922145,2334.233558
2025-01-01T07:18:00Z,42132.922145,42144.109027,42106.699592,42133.666882,1766.107478
2025-01-01T07:19:00Z,42133.666882,42195.735837,42113.741230,42157.171755,2103.676372
2025-01-01T07:20:00Z,42157.171755,42183.104416,42147.096475,42165.705667,2672.700711
2025-01-01T07:21:00Z,42165.705667,42183.813509,42105.841141,42123.557410,6925.496762
2025-01-01T07:22:00Z,42123.557410,42202.679866,42113.825253,42171.171644,4106.807936
2025-01-01T07:23:00Z,42171.171644,42235.404660,42156.548894,42208.811040,5350.940529
2025-01-01T07:24:00Z,42208.811040,42228.022660,42201.325215,42219.100259,3067.146804
2025-01-01T07:25:00Z,42219.100259,42257.459362,42206.156249,42241.392500,3693.851954
2025-01-01T07:26:00Z,42241.392500,42286.461626,42237.318028,42280.261361,3194.193074
2025-01-01T07:27:00Z,42280.261361,42285.664582,42246.032448,42266.930557,3815.442269
2025-01-01T07:28:00Z,42266.930557,42361.796599,42251.810265,42352.173913,1482.949263
2025-01-01T07:29:00Z,42352.173913,42384.579129,42337.547212,42378.511894,3990.751789
2025-01-01T07:30:00Z,42378.511894,42381.749326,42348.944419,42352.145229,3813.559182
2025-01-01T07:31:00Z,42352.145229,42355.731355,42322.090052,42327.985590,1944.543842
2025-01-01T07:32:00Z,42327.985590,42392.887787,42313.220153,42364.890695,2623.317849
2025-01-01T07:33:00Z,42364.890695,42408.322480,42328.913825,42341.346264,6080.219085
2025-01-01T07:34:00Z,42341.346264,42347.454964,42300.332466,42314.168071,7989.222813
2025-01-01T07:35:00Z,42314.168071,42371.111982,42290.330554,42349.882006,2771.289599
2025-01-01T07:36:00Z,42349.882006,42380.614430,42338.781758,42359.646025,4612.759131
2025-01-01T07:37:00Z,42359.646025,42381.704291,42307.328495,42326.094117,2355.767981
2025-01-01T07:38:00Z,42326.094117,42390.356025,42310.740283,42370.404653,2576.715343
2025-01-01T07:39:00Z,42370.404653,42391.460794,42332.502208,42356.674957,1368.022711
2025-01-01T07:40:00Z,42356.674957,42383.526745,42319.100910,42348.119073,2323.993215
2025-01-01T07:41:00Z,42348.119073,42462.649622,42332.182356,42449.099254,5524.183945
2025-01-01T07:42:00Z,42449.099254,42528.016727,42435.085102,42503.202817,2140.764717
2025-01-01T07:43:00Z,42503.202817,42553.218766,42475.402776,42545.042414,2119.979887
2025-01-01T07:44:00Z,42545.042414,42552.132469,42501.655528,42536.006574,2095.654470
2025-01-01T07:45:00Z,42536.006574,42574.548581,42508.495304,42529.340009,1981.929769
2025-01-01T07:46:00Z,42529.340009,42581.205056,42510.748665,42564.083848,3050.500498
2025-01-01T07:47:00Z,42564.083848,42582.780821,42524.473767,42539.637405,2386.058389
2025-01-01T07:48:00Z,42539.637405,42541.218496,42513.630817,42516.828700,2977.348976
2025-01-01T07:49:00Z,42516.828700,42555.495307,42496.214686,42541.735921,2826.411282
2025-01-01T07:50:00Z,42541.735921,42557.109746,42513.468171,42527.978072,3244.966809
2025-01-01T07:51:00Z,42527.978072,42543.883434,42521.733518,42526.694530,2053.842553
2025-01-01T07:52:00Z,42526.694530,42574.892279,42490.945584,42563.890278,1758.062949
2025-01-01T07:53:00Z,42563.890278,42581.102758,42551.850304,42573.205601,3938.045825
2025-01-01T07:54:00Z,42573.205601,42595.180636,42566.044740,42585.659636,4701.393132
2025-01-01T07:55:00Z,42585.659636,42649.762859,42578.689805,42640.385844,3338.464355
2025-01-01T07:56:00Z,42640.385844,42675.816155,42631.685242,42642.389775,2223.417428
2025-01-01T07:57:00Z,42642.389775,42712.412968,42634.856496,42706.386979,5137.891680
2025-01-01T07:58:00Z,42706.386979,42730.200268,42686.816879,42709.595449,7287.728772
2025-01-01T07:59:00Z,42709.595449,42728.031945,42668.880211,42683.293455,2027.891844
2025-01-01T08:00:00Z,42683.293455,42725.360944,42678.821304,42712.569117,1558.689231
2025-01-01T08:01:00Z,42712.569117,42738.535904,42698.258141,42732.400336,3526.496242
2025-01-01T08:02:00Z,42732.400336,42737.986108,42701.617766,42705.309209,2887.560608
2025-01-01T08:03:00Z,42705.309209,42740.170006,42657.136090,42679.068638,1771.349322
2025-01-01T08:04:00Z,42679.068638,42689.710753,42664.532319,42668.678181,3029.315058
2025-01-01T08:05:00Z,42668.678181,42683.646907,42657.608732,42673.990952,3128.653637
2025-01-01T08:06:00Z,42673.990952,42692.793309,42610.627538,42642.387528,2927.872301
2025-01-01T08:07:00Z,42642.387528,42647.623231,42633.806568,42636.487406,3020.755454
2025-01-01T08:08:00Z,42636.487406,42645.141053,42626.384827,42638.095416,5177.727971
2025-01-01T08:09:00Z,42638.095416,42653.260595,42629.698995,42650.555051,1693.206257
2025-01-01T08:10:00Z,42650.555051,42681.831698,42617.600062,42673.167451,2027.507646
2025-01-01T08:11:00Z,42673.167451,42681.596760,42574.455244,42582.240326,2015.846358
2025-01-01T08:12:00Z,42582.240326,42594.022904,42530.022740,42551.860483,15379.989519
2025-01-01T08:13:00Z,42551.860483,42566.666441,42424.631356,42458.879112,5101.729037
2025-01-01T08:14:00Z,42458.879112,42485.021350,42428.409622,42439.898474,2393.618604
2025-01-01T08:15:00Z,42439.898474,42465.691795,42433.203403,42462.539343,3770.507820
2025-01-01T08:16:00Z,42462.539343,42477.560131,42453.986884,42462.117120,5162.558093
2025-01-01T08:17:00Z,42462.117120,42499.388796,42449.744837,42462.539159,7214.666689
2025-01-01T08:18:00Z,42462.539159,42575.207499,42420.477165,42528.200834,2482.272917
2025-01-01T08:19:00Z,42528.200834,42596.079907,42513.979749,42583.477813,5685.019178
2025-01-01T08:20:00Z,42583.477813,42612.618419,42572.686541,42594.719756,1519.193821
2025-01-01T08:21:00Z,42594.719756,42625.539258,42561.772993,42570.135946,3840.291990
2025-01-01T08:22:00Z,42570.135946,42592.962625,42504.047450,42550.186634,2876.726847
2025-01-01T08:23:00Z,42550.186634,42588.038411,42518.622808,42556.413823,3065.623873
2025-01-01T08:24:00Z,42556.413823,42561.142821,42501.910900,42515.099987,3538.933248
2025-01-01T08:25:00Z,42515.099987,42535.319937,42502.387704,42529.527931,4755.994478
2025-01-01T08:26:00Z,42529.527931,42547.287094,42499.145020,42513.234947,4931.825054
2025-01-01T08:27:00Z,42513.234947,42523.797561,42507.917569,42515.865695,2619.606754
2025-01-01T08:28:00Z,42515.865695,42574.786206,42491.356814,42570.539049,5570.766842
2025-01-01T08:29:00Z,42570.539049,42600.693743,42567.194826,42592.775197,5748.897373
2025-01-01T08:30:00Z,42592.775197,42637.675946,42575.978001,42624.446324,2571.556014
2025-01-01T08:31:00Z,42624.446324,42657.892176,42606.927294,42648.046029,2555.882845
2025-01-01T08:32:00Z,42648.046029,42665.926675,42626.873136,42659.635989,5731.235579
2025-01-01T08:33:00Z,42659.635989,42688.969419,42632.419371,42682.609323,3784.347044
2025-01-01T08:34:00Z,42682.609323,42737.507852,42677.053481,42730.693525,877.482392
2025-01-01T08:35:00Z,42730.693525,42734.905832,42687.102861,42695.972919,4859.474509
2025-01-01T08:36:00Z,42695.972919,42751.651281,42656.313128,42740.575696,5369.551778
2025-01-01T08:37:00Z,42740.575696,42776.885739,42737.628974,42772.972638,4594.595883
2025-01-01T08:38:00Z,42772.972638,42779.153370,42761.805537,42770.763423,1598.083284
2025-01-01T08:39:00Z,42770.763423,42793.792903,42764.330562,42786.033084,2571.675444
2025-01-01T08:40:00Z,42786.033084,42791.594895,42718.468334,42726.274596,6439.471264
2025-01-01T08:41:00Z,42726.274596,42791.611862,42699.477469,42769.505789,3977.968154
2025-01-01T08:42:00Z,42769.505789,42784.358513,42729.666257,42750.917216,1322.200574
2025-01-01T08:43:00Z,42750.917216,42754.895523,42682.650815,42699.808565,2850.739313
2025-01-01T08:44:00Z,42699.808565,42749.594161,42692.971625,42743.569694,2571.455874
2025-01-01T08:45:00Z,42743.569694,42791.367447,42642.095605,42656.089515,2393.678989
2025-01-01T08:46:00Z,42656.089515,42705.843966,42638.463568,42689.678732,1905.379746
2025-01-01T08:47:00Z,42689.678732,42752.303713,42687.406057,42750.988191,2397.288962
2025-01-01T08:48:00Z,42750.988191,42792.181942,42722.272193,42767.692747,3100.625118
2025-01-01T08:49:00Z,42767.692747,42776.523628,42714.095993,42737.126715,2971.810673
2025-01-01T08:50:00Z,42737.126715,42748.641177,42714.809602,42721.336485,2340.903755
2025-01-01T08:51:00Z,42721.336485,42757.205753,42701.365598,42741.100224,1770.025812
2025-01-01T08:52:00Z,42741.100224,42770.067961,42707.721495,42740.318452,2562.996357
2025-01-01T08:53:00Z,42740.318452,42772.010789,42723.336346,42758.292706,3190.713224
2025-01-01T08:54:00Z,42758.292706,42768.759499,42712.343944,42742.091999,5940.969223
2025-01-01T08:55:00Z,42742.091999,42771.686655,42699.877256,42740.113700,2305.860471
2025-01-01T08:56:00Z,42740.113700,42749.356298,42735.821415,42740.372546,2281.470237
2025-01-01T08:57:00Z,42740.372546,42794.137204,42737.819427,42788.689382,1797.026802
2025-01-01T08:58:00Z,42788.689382,42849.563760,42771.314354,42842.216208,3934.292359
2025-01-01T08:59:00Z,42842.216208,42857.049177,42808.252928,42820.144540,4481.674159
2025-01-01T09:00:00Z,42820.144540,42873.168329,42797.344483,42859.388275,4247.654136
2025-01-01T09:01:00Z,42859.388275,42937.777195,42851.377397,42928.546297,3808.833191
2025-01-01T09:02:00Z,42928.546297,43006.693850,42886.811218,42978.487075,6922.595643
2025-01-01T09:03:00Z,42978.487075,42989.851906,42963.076151,42979.532219,1866.050342
2025-01-01T09:04:00Z,42979.532219,42993.842863,42958.904687,42980.701168,3567.446281
2025-01-01T09:05:00Z,42980.701168,43059.062513,42969.328054,43010.255571,6210.797990
2025-01-01T09:06:00Z,43010.255571,43029.756851,42957.794250,42985.645987,3228.407449
2025-01-01T09:07:00Z,42985.645987,43024.405827,42964.151547,43011.240617,3026.235226
2025-01-01T09:08:00Z,43011.240617,43033.976526,42959.591956,42968.835391,3413.009368
2025-01-01T09:09:00Z,42968.835391,43021.125203,42960.421608,43018.278783,1909.385523
2025-01-01T09:10:00Z,43018.278783,43063.512927,42975.908612,43023.859168,4503.715544
2025-01-01T09:11:00Z,43023.859168,43110.799925,43012.545441,43076.286708,2999.046697
2025-01-01T09:12:00Z,43076.286708,43082.360563,43025.259686,43053.233120,2802.267707
2025-01-01T09:13:00Z,43053.233120,43097.125781,43022.589132,43051.380264,2457.463447
2025-01-01T09:14:00Z,43051.380264,43063.362462,43030.481233,43042.912374,1970.660218
2025-01-01T09:15:00Z,43042.912374,43092.559490,43038.333828,43087.023116,5540.854333
2025-01-01T09:16:00Z,43087.023116,43120.517254,43072.573103,43113.081442,2769.031462
2025-01-01T09:17:00Z,43113.081442,43120.937791,43092.589781,43097.162328,1481.981342
2025-01-01T09:18:00Z,43097.162328,43125.394862,43087.323942,43115.798522,6302.508882
2025-01-01T09:19:00Z,43115.798522,43145.017113,43072.065966,43082.292826,3285.583557
2025-01-01T09:20:00Z,43082.292826,43085.495599,43065.455815,43073.391246,4145.138705
2025-01-01T09:21:00Z,43073.391246,43104.703422,43070.290878,43098.618188,1608.847789
2025-01-01T09:22:00Z,43098.618188,43133.928984,43082.725304,43121.002460,3584.320108
2025-01-01T09:23:00Z,43121.002460,43124.337222,43111.027380,43114.625930,11769.031468
2025-01-01T09:24:00Z,43114.625930,43136.952744,43106.966757,43114.523805,2119.221371
2025-01-01T09:25:00Z,43114.523805,43193.438128,43071.015720,43179.382096,3176.778388
2025-01-01T09:26:00Z,43179.382096,43202.341930,43131.987373,43145.452956,4706.047332
2025-01-01T09:27:00Z,43145.452956,43155.536361,43141.065746,43148.019038,2731.938784
2025-01-01T09:28:00Z,43148.019038,43218.785515,43139.144891,43199.349490,6043.745823
2025-01-01T09:29:00Z,43199.349490,43226.546111,43162.671995,43178.510485,3185.032641
2025-01-01T09:30:00Z,43178.510485,43233.922438,43174.233920,43229.341383,3380.141318
2025-01-01T09:31:00Z,43229.341383,43233.985428,43212.649826,43215.177052,7454.717856
2025-01-01T09:32:00Z,43215.177052,43221.892911,43191.931841,43204.278072,4652.907392
2025-01-01T09:33:00Z,43204.278072,43246.312842,43172.101624,43218.200901,3744.050203
2025-01-01T09:34:00Z,43218.200901,43278.840591,43194.257231,43236.790586,1396.459122
2025-01-01T09:35:00Z,43236.790586,43264.747419,43173.724895,43197.143794,2583.610454
2025-01-01T09:36:00Z,43197.143794,43222.631777,43184.581271,43208.564294,4258.360273
2025-01-01T09:37:00Z,43208.564294,43330.681318,43178.615239,43306.543380,4916.113752
2025-01-01T09:38:00Z,43306.543380,43334.421617,43276.113624,43320.452799,2882.330662
2025-01-01T09:39:00Z,43320.452799,43346.834157,43275.256310,43328.720598,2763.270573
2025-01-01T09:40:00Z,43328.720598,43374.906767,43314.780279,43336.165212,1992.736673
2025-01-01T09:41:00Z,43336.165212,43371.258937,43274.269710,43281.458904,1905.190826
2025-01-01T09:42:00Z,43281.458904,43301.502304,43243.210150,43253.407282,1053.222262
2025-01-01T09:43:00Z,43253.407282,43334.174824,43237.165366,43322.199793,2779.452519
2025-01-01T09:44:00Z,43322.199793,43350.189907,43319.617175,43340.841160,3554.297476
2025-01-01T09:45:00Z,43340.841160,43366.947420,43330.293457,43358.302665,2568.551835
2025-01-01T09:46:00Z,43358.302665,43376.605770,43352.501335,43372.521201,2142.844463
2025-01-01T09:47:00Z,43372.521201,43423.752787,43350.759160,43379.721172,1260.189421
2025-01-01T09:48:00Z,43379.721172,43413.232692,43376.932644,43409.074038,2537.282411
2025-01-01T09:49:00Z,43409.074038,43493.209038,43379.087946,43452.223959,7455.243599
2025-01-01T09:50:00Z,43452.223959,43526.281398,43421.137494,43490.727093,8543.055988
2025-01-01T09:51:00Z,43490.727093,43500.586979,43480.763736,43494.903614,5386.158102
2025-01-01T09:52:00Z,43494.903614,43578.041107,43470.337957,43530.342567,5022.063358
2025-01-01T09:53:00Z,43530.342567,43621.193940,43524.027924,43616.674203,2858.697685
2025-01-01T09:54:00Z,43616.674203,43667.032815,43607.621735,43636.825770,2794.995688
2025-01-01T09:55:00Z,43636.825770,43652.622864,43585.347262,43631.950937,2139.566228
2025-01-01T09:56:00Z,43631.950937,43706.285081,43612.882780,43674.241281,4333.181196
2025-01-01T09:57:00Z,43674.241281,43677.452093,43665.169129,43667.334954,4185.652043
2025-01-01T09:58:00Z,43667.334954,43736.120930,43631.348954,43697.329523,2991.641049
2025-01-01T09:59:00Z,43697.329523,43705.112605,43641.078125,43658.622980,3038.375278
2025-01-01T10:00:00Z,43658.622980,43698.540956,43650.032120,43687.158331,1821.968184
2025-01-01T10:01:00Z,43687.158331,43718.289984,43682.523061,43698.821504,2186.107494
2025-01-01T10:02:00Z,43698.821504,43734.923897,43662.400379,43710.146858,4371.070767
2025-01-01T10:03:00Z,43710.146858,43763.656749,43703.555822,43744.175905,4161.598077
2025-01-01T10:04:00Z,43744.175905,43772.670251,43732.301293,43758.594371,2709.136521
2025-01-01T10:05:00Z,43758.594371,43788.855262,43728.989547,43759.503070,3947.356064
2025-01-01T10:06:00Z,43759.503070,43762.930284,43740.710851,43751.306381,4290.867222
2025-01-01T10:07:00Z,43751.306381,43768.203154,43742.114974,43756.538836,2393.361781
2025-01-01T10:08:00Z,43756.538836,43759.299689,43721.419630,43725.955081,1774.723365
2025-01-01T10:09:00Z,43725.955081,43745.053680,43693.951467,43716.398035,3567.740514
2025-01-01T10:10:00Z,43716.398035,43722.311590,43656.108055,43659.166698,3119.136852
2025-01-01T10:11:00Z,43659.166698,43688.530306,43644.607576,43678.388058,2242.237220
2025-01-01T10:12:00Z,43678.388058,43684.854310,43670.493486,43676.384121,4238.380934
2025-01-01T10:13:00Z,43676.384121,43727.745663,43656.116709,43697.700864,3684.321506
2025-01-01T10:14:00Z,43697.700864,43720.279544,43601.282843,43628.127465,2241.540500
2025-01-01T10:15:00Z,43628.127465,43674.637804,43617.248435,43648.264101,2040.507478
2025-01-01T10:16:00Z,43648.264101,43713.562596,43624.142751,43687.030082,1981.142359
2025-01-01T10:17:00Z,43687.030082,43695.732989,43655.638905,43659.029178,1698.615430
2025-01-01T10:18:00Z,43659.029178,43757.162595,43636.460329,43745.353261,2648.898058
2025-01-01T10:19:00Z,43745.353261,43811.985402,43700.195544,43775.861861,2877.278642
2025-01-01T10:20:00Z,43775.861861,43786.645025,43741.393527,43765.143660,8007.679923
2025-01-01T10:21:00Z,43765.143660,43775.176992,43716.927908,43733.292454,3790.879666
2025-01-01T10:22:00Z,43733.292454,43752.799684,43717.966011,43737.344745,1616.307132
2025-01-01T10:23:00Z,43737.344745,43797.021354,43698.824541,43757.997040,4821.123529
2025-01-01T10:24:00Z,43757.997040,43769.498554,43727.332449,43735.835758,2752.640155
2025-01-01T10:25:00Z,43735.835758,43754.820251,43693.804430,43699.377207,3770.206222
2025-01-01T10:26:00Z,43699.377207,43724.668903,43682.126815,43688.884650,3818.493927
2025-01-01T10:27:00Z,43688.884650,43718.502056,43673.511581,43705.530408,2302.481198
2025-01-01T10:28:00Z,43705.530408,43723.902386,43686.081855,43703.624507,2821.874014
2025-01-01T10:29:00Z,43703.624507,43712.412986,43639.362912,43642.112225,3091.958837
2025-01-01T10:30:00Z,43642.112225,43689.003563,43619.399087,43671.716805,2755.826279
2025-01-01T10:31:00Z,43671.716805,43684.690023,43638.288892,43650.210227,2368.349416
2025-01-01T10:32:00Z,43650.210227,43676.400398,43633.435220,43646.579283,1208.797958
2025-01-01T10:33:00Z,43646.579283,43656.764274,43612.690677,43623.147294,4895.463570
2025-01-01T10:34:00Z,43623.147294,43676.121924,43606.481912,43637.674790,3144.057629
2025-01-01T10:35:00Z,43637.674790,43652.830899,43521.772019,43554.500097,3912.764876
2025-01-01T10:36:00Z,43554.500097,43556.621045,43491.724373,43496.990487,2920.217619
2025-01-01T10:37:00Z,43496.990487,43527.209489,43449.725450,43470.838188,2548.438586
2025-01-01T10:38:00Z,43470.838188,43530.773903,43454.504698,43500.844100,6747.301271
2025-01-01T10:39:00Z,43500.844100,43531.993683,43448.689634,43476.956502,3552.763865
2025-01-01T10:40:00Z,43476.956502,43486.015704,43433.998755,43437.269428,1735.032588
2025-01-01T10:41:00Z,43437.269428,43445.452058,43433.293644,43440.236937,1401.290625
2025-01-01T10:42:00Z,43440.236937,43454.516813,43421.097762,43428.279142,2878.929509
2025-01-01T10:43:00Z,43428.279142,43480.774805,43416.796320,43468.710919,2610.199484
2025-01-01T10:44:00Z,43468.710919,43500.294239,43441.412288,43459.824726,4937.179340
2025-01-01T10:45:00Z,43459.824726,43516.285308,43442.442465,43484.704510,4117.150043
2025-01-01T10:46:00Z,43484.704510,43489.639114,43443.344373,43447.569989,1821.055138
2025-01-01T10:47:00Z,43447.569989,43506.222039,43412.886948,43488.667341,2843.989213
2025-01-01T10:48:00Z,43488.667341,43512.865419,43477.428059,43502.997849,2351.255800
2025-01-01T10:49:00Z,43502.997849,43539.790986,43478.467541,43515.823984,1391.751882
2025-01-01T10:50:00Z,43515.823984,43535.762641,43471.270692,43498.115846,1562.113964
2025-01-01T10:51:00Z,43498.115846,43522.865914,43469.882886,43482.382752,3222.541620
2025-01-01T10:52:00Z,43482.382752,43507.264805,43442.181681,43470.136534,2173.968395
2025-01-01T10:53:00Z,43470.136534,43509.054573,43401.730918,43441.989911,1859.004770
2025-01-01T10:54:00Z,43441.989911,43446.276513,43430.521556,43439.945631,3587.283651
2025-01-01T10:55:00Z,43439.945631,43456.503695,43424.133322,43433.076478,2241.221266
2025-01-01T10:56:00Z,43433.076478,43449.212658,43380.482551,43389.159316,5357.972626
2025-01-01T10:57:00Z,43389.159316,43414.351277,43338.505806,43378.570049,4336.002610
2025-01-01T10:58:00Z,43378.570049,43386.310319,43292.758386,43297.735212,1733.418334
2025-01-01T10:59:00Z,43297.735212,43315.989464,43280.908152,43311.934299,2150.892090
2025-01-01T11:00:00Z,43311.934299,43333.939703,43289.486725,43318.332512,3746.654324
2025-01-01T11:01:00Z,43318.332512,43349.859410,43258.369385,43280.512994,3305.676693
2025-01-01T11:02:00Z,43280.512994,43286.455355,43243.433946,43257.179366,2426.285504
2025-01-01T11:03:00Z,43257.179366,43280.681907,43217.177661,43250.018550,2269.261895
2025-01-01T11:04:00Z,43250.018550,43299.539101,43216.218248,43282.037690,4131.663571
2025-01-01T11:05:00Z,43282.037690,43288.967488,43263.690553,43266.279120,3240.606136
2025-01-01T11:06:00Z,43266.279120,43276.569938,43219.254738,43228.957964,6409.473137
2025-01-01T11:07:00Z,43228.957964,43234.785576,43210.430103,43220.768770,5955.382597
2025-01-01T11:08:00Z,43220.768770,43238.876623,43176.624255,43194.464073,2581.564923
2025-01-01T11:09:00Z,43194.464073,43213.445667,43158.608387,43179.465476,1635.498878
2025-01-01T11:10:00Z,43179.465476,43186.557381,43109.081350,43130.043143,6692.789758
2025-01-01T11:11:00Z,43130.043143,43164.332983,43125.675775,43152.107086,2380.721692
2025-01-01T11:12:00Z,43152.107086,43158.268634,43129.804385,43139.053810,1639.821265
2025-01-01T11:13:00Z,43139.053810,43209.770571,43135.507754,43199.289710,3692.666589
2025-01-01T11:14:00Z,43199.289710,43248.304185,43172.811245,43241.764790,2915.658008
2025-01-01T11:15:00Z,43241.764790,43259.029846,43195.037051,43204.077371,3713.892683
2025-01-01T11:16:00Z,43204.077371,43217.881000,43165.473965,43179.290704,1639.978957
2025-01-01T11:17:00Z,43179.290704,43189.231475,43162.169628,43165.110563,5481.016756
2025-01-01T11:18:00Z,43165.110563,43167.788345,43150.018729,43153.504251,2390.092623
2025-01-01T11:19:00Z,43153.504251,43163.583897,43131.249455,43153.689286,4163.765896
2025-01-01T11:20:00Z,43153.689286,43163.305562,43116.067316,43142.794315,3369.287349
2025-01-01T11:21:00Z,43142.794315,43176.428219,43102.005508,43133.462303,3069.100856
2025-01-01T11:22:00Z,43133.462303,43139.018715,43108.658773,43115.869201,2384.245401
2025-01-01T11:23:00Z,43115.869201,43145.006436,43109.279196,43129.214169,3661.498179
2025-01-01T11:24:00Z,43129.214169,43131.869175,43100.418986,43105.858489,3121.067272
2025-01-01T11:25:00Z,43105.858489,43117.227661,43074.272528,43107.503417,2060.267960
2025-01-01T11:26:00Z,43107.503417,43175.471220,43090.729437,43164.323848,3828.110752
2025-01-01T11:27:00Z,43164.323848,43175.572242,43073.081505,43112.052887,3787.139103
2025-01-01T11:28:00Z,43112.052887,43138.314507,43087.654306,43118.659814,4516.566397
2025-01-01T11:29:00Z,43118.659814,43177.044004,43109.421099,43147.623879,1554.557544
2025-01-01T11:30:00Z,43147.623879,43162.324054,43110.890031,43136.087113,2571.933360
2025-01-01T11:31:00Z,43136.087113,43147.756748,43058.557815,43076.302845,1924.938862
2025-01-01T11:32:00Z,43076.302845,43108.325427,43027.465911,43063.648295,3243.653059
2025-01-01T11:33:00Z,43063.648295,43114.463115,43061.510134,43109.149411,6253.209867
2025-01-01T11:34:00Z,43109.149411,43136.927071,43069.099396,43099.711993,4402.049992
2025-01-01T11:35:00Z,43099.711993,43136.416478,43030.395317,43053.109780,2277.995458
2025-01-01T11:36:00Z,43053.109780,43059.990206,42989.516307,42993.098009,2694.342794
2025-01-01T11:37:00Z,42993.098009,43013.021957,42942.326237,42956.867846,5204.137896
2025-01-01T11:38:00Z,42956.867846,42971.856494,42926.269508,42961.443727,2946.719525
2025-01-01T11:39:00Z,42961.443727,43001.023667,42958.270795,42996.046137,1439.043486
2025-01-01T11:40:00Z,42996.046137,43011.069007,42988.252526,43000.174363,2901.621475
2025-01-01T11:41:00Z,43000.174363,43023.056421,42959.813915,42997.118325,4898.388778
2025-01-01T11:42:00Z,42997.118325,43017.201802,42967.098310,42974.220788,3209.462555
2025-01-01T11:43:00Z,42974.220788,42975.471521,42926.918133,42930.375882,4026.238143
2025-01-01T11:44:00Z,42930.375882,42940.107092,42881.721133,42902.565362,2296.350874
2025-01-01T11:45:00Z,42902.565362,42930.057242,42898.383600,42927.354949,2614.329758
2025-01-01T11:46:00Z,42927.354949,42946.680210,42856.161145,42876.810871,2366.292863
2025-01-01T11:47:00Z,42876.810871,42921.381491,42863.570708,42914.421816,4908.674301
2025-01-01T11:48:00Z,42914.421816,42958.359124,42908.408973,42936.289775,2743.874872
2025-01-01T11:49:00Z,42936.289775,42969.632039,42926.467704,42940.144241,3686.485922
2025-01-01T11:50:00Z,42940.144241,42963.991706,42890.986596,42917.414281,2474.853825
2025-01-01T11:51:00Z,42917.414281,42927.670362,42907.888358,42922.474854,1478.952826
2025-01-01T11:52:00Z,42922.474854,42963.062764,42893.171431,42940.857787,1787.195717
2025-01-01T11:53:00Z,42940.857787,42970.437381,42934.996720,42953.216130,2791.190507
2025-01-01T11:54:00Z,42953.216130,43024.497315,42927.436285,43008.210010,2121.910117
2025-01-01T11:55:00Z,43008.210010,43033.682084,42989.067902,43022.980927,5068.255194
2025-01-01T11:56:00Z,43022.980927,43036.888372,42932.331102,42960.388038,1719.565868
2025-01-01T11:57:00Z,42960.388038,43023.067507,42942.959243,43005.741427,2029.239886
2025-01-01T11:58:00Z,43005.741427,43023.980546,42964.060243,42983.280462,3198.055551
2025-01-01T11:59:00Z,42983.280462,43017.545482,42919.703396,42962.371933,5807.759699
2025-01-01T12:00:00Z,42962.371933,42976.312774,42926.783396,42942.279052,2385.089073
2025-01-01T12:01:00Z,42942.279052,42976.316017,42871.680443,42892.364073,970.952882
2025-01-01T12:02:00Z,42892.364073,42897.191314,42871.679995,42877.627269,2052.982946
2025-01-01T12:03:00Z,42877.627269,42896.939436,42806.225167,42827.442750,2238.093709
2025-01-01T12:04:00Z,42827.442750,42853.043949,42800.491045,42808.470840,6976.357459
2025-01-01T12:05:00Z,42808.470840,42847.070849,42804.143142,42835.677914,5066.948116
2025-01-01T12:06:00Z,42835.677914,42868.304977,42807.750937,42825.890479,4157.943520
2025-01-01T12:07:00Z,42825.890479,42836.675377,42784.284753,42822.365461,2656.336886
2025-01-01T12:08:00Z,42822.365461,42847.402648,42799.857963,42814.249903,1213.989508
2025-01-01T12:09:00Z,42814.249903,42837.192579,42796.937610,42823.906679,1356.644808
2025-01-01T12:10:00Z,42823.906679,42845.348400,42723.817457,42755.275023,6198.390638
2025-01-01T12:11:00Z,42755.275023,42805.650500,42725.130265,42778.018276,3065.180968
2025-01-01T12:12:00Z,42778.018276,42837.893475,42747.998694,42811.251904,1250.855411
2025-01-01T12:13:00Z,42811.251904,42851.010311,42746.848166,42763.723448,2498.142645
2025-01-01T12:14:00Z,42763.723448,42788.043040,42755.529929,42783.752627,5497.972669
2025-01-01T12:15:00Z,42783.752627,42792.233099,42734.994367,42755.137493,4154.382610
2025-01-01T12:16:00Z,42755.137493,42766.342793,42740.476781,42751.647268,4460.225161
2025-01-01T12:17:00Z,42751.647268,42784.388348,42709.790917,42744.389882,3396.541935
2025-01-01T12:18:00Z,42744.389882,42762.132193,42688.289862,42697.626977,3086.577369
2025-01-01T12:19:00Z,42697.626977,42704.460355,42693.383237,42699.601968,3951.162594
2025-01-01T12:20:00Z,42699.601968,42704.878664,42676.241269,42683.031064,2848.140975
2025-01-01T12:21:00Z,42683.031064,42707.260245,42626.134448,42665.824296,3798.745570
2025-01-01T12:22:00Z,42665.824296,42711.095078,42662.848357,42707.090061,958.566309
2025-01-01T12:23:00Z,42707.090061,42777.070856,42682.229147,42744.425465,2099.632276
2025-01-01T12:24:00Z,42744.425465,42768.209435,42680.153731,42710.204090,7358.287472
2025-01-01T12:25:00Z,42710.204090,42730.821058,42657.566006,42693.525223,7860.410026
2025-01-01T12:26:00Z,42693.525223,42708.745007,42655.075293,42682.756773,3118.805722
2025-01-01T12:27:00Z,42682.756773,42731.622258,42674.251867,42701.349799,2732.364953
2025-01-01T12:28:00Z,42701.349799,42783.392484,42680.104016,42747.145492,3897.403680
2025-01-01T12:29:00Z,42747.145492,42817.037231,42716.587255,42780.180092,4186.628393
2025-01-01T12:30:00Z,42780.180092,42791.852785,42708.770692,42730.522873,1275.131213
2025-01-01T12:31:00Z,42730.522873,42736.845018,42718.091462,42722.912068,3525.456082
2025-01-01T12:32:00Z,42722.912068,42731.268062,42688.941085,42700.738544,2574.028840
2025-01-01T12:33:00Z,42700.738544,42722.887356,42669.481910,42694.843426,3083.841176
2025-01-01T12:34:00Z,42694.843426,42718.937704,42645.332367,42652.622829,1787.129853
2025-01-01T12:35:00Z,42652.622829,42684.596139,42642.743030,42667.307645,2715.896961
2025-01-01T12:36:00Z,42667.307645,42687.837556,42654.204625,42671.104205,1843.399230
2025-01-01T12:37:00Z,42671.104205,42690.330532,42639.080837,42653.454535,2833.119162
2025-01-01T12:38:00Z,42653.454535,42706.200759,42623.326730,42672.465195,2801.137685
2025-01-01T12:39:00Z,42672.465195,42703.154926,42638.151453,42668.904131,1936.737510
2025-01-01T12:40:00Z,42668.904131,42692.246372,42637.727230,42672.209293,3076.655943
2025-01-01T12:41:00Z,42672.209293,42693.393061,42630.237362,42654.101096,6025.540005
2025-01-01T12:42:00Z,42654.101096,42658.493459,42619.553745,42630.354886,1942.656098
2025-01-01T12:43:00Z,42630.354886,42675.802926,42593.607881,42639.025744,3894.970036
2025-01-01T12:44:00Z,42639.025744,42756.877142,42628.222937,42740.371612,1641.685783
2025-01-01T12:45:00Z,42740.371612,42778.232279,42723.279993,42756.107053,3242.295189
2025-01-01T12:46:00Z,42756.107053,42799.061201,42747.160569,42792.396660,4787.723711
2025-01-01T12:47:00Z,42792.396660,42806.559419,42756.795301,42778.758021,4668.259870
2025-01-01T12:48:00Z,42778.758021,42789.091325,42747.508421,42750.877139,2511.071929
2025-01-01T12:49:00Z,42750.877139,42774.404637,42716.821681,42753.576556,4098.485621
2025-01-01T12:50:00Z,42753.576556,42818.018234,42732.294241,42792.770521,5148.308027
2025-01-01T12:51:00Z,42792.770521,42801.680203,42768.848580,42780.355803,5093.547606
2025-01-01T12:52:00Z,42780.355803,42806.343064,42753.170795,42794.750849,2460.941142
2025-01-01T12:53:00Z,42794.750849,42812.975098,42793.595169,42809.440097,3236.828394
2025-01-01T12:54:00Z,42809.440097,42839.306698,42761.566578,42781.857174,2378.635932
2025-01-01T12:55:00Z,42781.857174,42803.696026,42651.775339,42664.446447,1913.609219
2025-01-01T12:56:00Z,42664.446447,42693.230887,42642.889748,42677.307459,6393.897690
2025-01-01T12:57:00Z,42677.307459,42697.613720,42621.579076,42646.247122,2894.075369
2025-01-01T12:58:00Z,42646.247122,42673.540196,42639.374645,42665.945439,1665.421658
2025-01-01T12:59:00Z,42665.945439,42739.809195,42638.228288,42705.226848,8021.586603
2025-01-01T13:00:00Z,42705.226848,42713.940872,42673.448378,42676.779440,3114.721066
2025-01-01T13:01:00Z,42676.779440,42690.303420,42666.754784,42673.606976,3285.778939
2025-01-01T13:02:00Z,42673.606976,42680.745011,42637.367291,42640.535909,3274.271499
2025-01-01T13:03:00Z,42640.535909,42677.890970,42615.908840,42632.632837,1766.298171
2025-01-01T13:04:00Z,42632.632837,42649.214823,42591.426369,42616.457495,2761.420362
2025-01-01T13:05:00Z,42616.457495,42662.414541,42603.056514,42641.701645,1870.102081
2025-01-01T13:06:00Z,42641.701645,42657.341614,42586.265152,42604.704748,6139.207942
2025-01-01T13:07:00Z,42604.704748,42607.643813,42581.570164,42590.516896,2972.500471
2025-01-01T13:08:00Z,42590.516896,42616.986982,42584.739911,42600.339981,3948.367511
2025-01-01T13:09:00Z,42600.339981,42634.429259,42578.696584,42612.699711,6737.134827
2025-01-01T13:10:00Z,42612.699711,42630.514187,42603.890519,42622.454900,3861.331860
2025-01-01T13:11:00Z,42622.454900,42629.248584,42587.356019,42609.290608,2646.945771
2025-01-01T13:12:00Z,42609.290608,42652.016945,42600.359484,42639.076089,3360.018582
2025-01-01T13:13:00Z,42639.076089,42666.545041,42622.735943,42638.146524,2881.461663
2025-01-01T13:14:00Z,42638.146524,42720.649358,42622.435259,42675.397943,3835.912843
2025-01-01T13:15:00Z,42675.397943,42738.693575,42662.104677,42703.171925,1748.012676
2025-01-01T13:16:00Z,42703.171925,42720.589609,42673.303057,42694.276963,2214.064119
2025-01-01T13:17:00Z,42694.276963,42700.162616,42671.422613,42679.096993,2501.691400
2025-01-01T13:18:00Z,42679.096993,42717.652241,42673.050206,42710.518484,1974.981183
2025-01-01T13:19:00Z,42710.518484,42716.191547,42665.635470,42669.690922,3274.355428
2025-01-01T13:20:00Z,42669.690922,42712.035214,42660.156000,42704.579345,4219.749886
2025-01-01T13:21:00Z,42704.579345,42778.795124,42687.890421,42757.668515,1865.606530
2025-01-01T13:22:00Z,42757.668515,42817.423561,42744.684438,42804.272260,3459.984072
2025-01-01T13:23:00Z,42804.272260,42835.830782,42747.550686,42776.981381,4480.129430
2025-01-01T13:24:00Z,42776.981381,42808.113025,42752.984730,42798.312894,3425.498717
2025-01-01T13:25:00Z,42798.312894,42806.099729,42772.009184,42790.207153,7337.789170
2025-01-01T13:26:00Z,42790.207153,42809.583520,42782.669752,42807.755995,1680.655298
2025-01-01T13:27:00Z,42807.755995,42814.225706,42787.471566,42803.000829,2074.499992
2025-01-01T13:28:00Z,42803.000829,42819.824369,42793.204508,42808.172370,7216.150272
2025-01-01T13:29:00Z,42808.172370,42828.038172,42776.929997,42790.711181,1504.026877
2025-01-01T13:30:00Z,42790.711181,42797.827082,42760.085358,42767.730798,4522.693882
2025-01-01T13:31:00Z,42767.730798,42799.678208,42724.043682,42759.282612,1471.916206
2025-01-01T13:32:00Z,42759.282612,42763.631015,42709.947893,42716.248845,3750.793544
2025-01-01T13:33:00Z,42716.248845,42744.412221,42689.358097,42700.562015,4834.372188
2025-01-01T13:34:00Z,42700.562015,42713.865489,42691.811177,42711.181399,2950.608756
2025-01-01T13:35:00Z,42711.181399,42714.764433,42703.980345,42707.022361,3180.155205
2025-01-01T13:36:00Z,42707.022361,42727.085054,42615.317032,42640.683366,7064.711955
2025-01-01T13:37:00Z,42640.683366,42670.674535,42557.897445,42580.703249,1596.459674
2025-01-01T13:38:00Z,42580.703249,42620.099962,42572.507201,42603.048708,5586.612239
2025-01-01T13:39:00Z,42603.048708,42607.901962,42574.194792,42577.295516,2170.626203
2025-01-01T13:40:00Z,42577.295516,42597.259364,42567.211947,42584.940774,3013.213953
2025-01-01T13:41:00Z,42584.940774,42604.113641,42546.948661,42571.976499,4271.754299
2025-01-01T13:42:00Z,42571.976499,42608.757441,42555.067333,42593.141007,3234.897610
2025-01-01T13:43:00Z,42593.141007,42605.110637,42544.422733,42550.279052,7661.856753
2025-01-01T13:44:00Z,42550.279052,42607.021838,42545.905701,42598.357838,2317.923413
2025-01-01T13:45:00Z,42598.357838,42672.523944,42551.396754,42631.805630,3515.854745
2025-01-01T13:46:00Z,42631.805630,42707.798257,42601.076061,42684.233227,1671.152764
2025-01-01T13:47:00Z,42684.233227,42722.938972,42616.290371,42638.250730,2212.284238
2025-01-01T13:48:00Z,42638.250730,42639.929772,42600.899371,42602.319794,3450.135557
2025-01-01T13:49:00Z,42602.319794,42615.290114,42521.828466,42537.387255,1017.185616
2025-01-01T13:50:00Z,42537.387255,42589.713950,42535.311308,42584.933785,2566.000198
2025-01-01T13:51:00Z,42584.933785,42645.500747,42544.463862,42635.627226,4322.350045
2025-01-01T13:52:00Z,42635.627226,42653.714432,42568.097685,42612.329689,3170.655605
2025-01-01T13:53:00Z,42612.329689,42621.676361,42568.182796,42590.058904,1210.232167
2025-01-01T13:54:00Z,42590.058904,42619.916726,42580.204498,42614.503217,2393.143951
2025-01-01T13:55:00Z,42614.503217,42666.493745,42580.337903,42631.838241,3560.097122
2025-01-01T13:56:00Z,42631.838241,42637.899182,42579.346803,42596.416391,1805.055521
2025-01-01T13:57:00Z,42596.416391,42642.506886,42531.070992,42575.975363,2079.128667
2025-01-01T13:58:00Z,42575.975363,42594.837634,42469.705473,42486.282990,3212.957523
2025-01-01T13:59:00Z,42486.282990,42509.894959,42458.843429,42484.629176,2780.638051
2025-01-01T14:00:00Z,42484.629176,42496.050491,42423.197051,42459.048828,2960.160971
2025-01-01T14:01:00Z,42459.048828,42465.526326,42442.869708,42455.430598,1856.737327
2025-01-01T14:02:00Z,42455.430598,42468.140443,42416.861958,42437.558299,2453.868025
2025-01-01T14:03:00Z,42437.558299,42464.765352,42418.225224,42449.107762,4946.480890
2025-01-01T14:04:00Z,42449.107762,42490.005370,42440.245159,42470.523513,5869.926822
2025-01-01T14:05:00Z,42470.523513,42497.945520,42462.646035,42486.687215,3699.024582
2025-01-01T14:06:00Z,42486.687215,42504.132220,42479.501106,42492.062343,4135.806450
2025-01-01T14:07:00Z,42492.062343,42532.486240,42467.518550,42519.273833,2793.287937
2025-01-01T14:08:00Z,42519.273833,42616.104781,42495.548374,42593.938958,2909.061391
2025-01-01T14:09:00Z,42593.938958,42609.511770,42565.739841,42588.915338,5166.702597
2025-01-01T14:10:00Z,42588.915338,42674.231282,42574.254692,42655.509691,4039.681184
2025-01-01T14:11:00Z,42655.509691,42684.680288,42635.856380,42647.652889,4302.800308
2025-01-01T14:12:00Z,42647.652889,42717.086433,42632.660231,42673.377060,3066.951870
2025-01-01T14:13:00Z,42673.377060,42684.122801,42631.902898,42637.987773,2210.702616
2025-01-01T14:14:00Z,42637.987773,42673.422517,42609.276490,42628.172864,1880.165775
2025-01-01T14:15:00Z,42628.172864,42631.782235,42615.784444,42625.679623,5537.887331
2025-01-01T14:16:00Z,42625.679623,42653.142059,42601.889110,42608.993471,5126.740812
2025-01-01T14:17:00Z,42608.993471,42638.378516,42601.317206,42630.310058,3927.048908
2025-01-01T14:18:00Z,42630.310058,42652.978059,42610.035606,42622.047031,2247.626524
2025-01-01T14:19:00Z,42622.047031,42629.767362,42550.329131,42554.815915,1625.283843
2025-01-01T14:20:00Z,42554.815915,42592.458679,42543.536335,42556.183200,1546.316088
2025-01-01T14:21:00Z,42556.183200,42579.647413,42551.167602,42572.418610,3575.556881
2025-01-01T14:22:00Z,42572.418610,42624.015414,42556.879570,42614.497779,3211.964585
2025-01-01T14:23:00Z,42614.497779,42670.128226,42597.382897,42650.642561,5133.269912
2025-01-01T14:24:00Z,42650.642561,42660.304705,42646.549631,42648.676209,5524.966742
2025-01-01T14:25:00Z,42648.676209,42659.992883,42602.216225,42621.881669,1387.950498
2025-01-01T14:26:00Z,42621.881669,42646.813054,42584.585792,42603.720613,2722.955820
2025-01-01T14:27:00Z,42603.720613,42655.981126,42581.965501,42632.179550,5138.302966
2025-01-01T14:28:00Z,42632.179550,42641.005049,42580.124321,42592.054729,2712.394835
2025-01-01T14:29:00Z,42592.054729,42620.878692,42582.844640,42612.469058,1886.449219
2025-01-01T14:30:00Z,42612.469058,42703.138032,42587.814470,42683.100226,2982.389056
2025-01-01T14:31:00Z,42683.100226,42795.645224,42674.583008,42768.070721,3143.541464
2025-01-01T14:32:00Z,42768.070721,42770.800001,42742.597347,42750.152845,3493.291688
2025-01-01T14:33:00Z,42750.152845,42757.218344,42702.473786,42720.700491,4039.499802
2025-01-01T14:34:00Z,42720.700491,42729.646603,42696.508595,42702.828300,3945.300107
2025-01-01T14:35:00Z,42702.828300,42748.615826,42685.709772,42717.370802,1115.088905
2025-01-01T14:36:00Z,42717.370802,42743.479625,42709.665913,42722.253658,1315.843905
2025-01-01T14:37:00Z,42722.253658,42735.483354,42694.801371,42717.855799,5545.913946
2025-01-01T14:38:00Z,42717.855799,42732.489288,42715.470163,42727.946138,3236.817327
2025-01-01T14:39:00Z,42727.946138,42786.543730,42714.183882,42757.064120,3690.716987
2025-01-01T14:40:00Z,42757.064120,42796.683939,42739.628007,42787.759232,4564.221212
2025-01-01T14:41:00Z,42787.759232,42851.727762,42751.451426,42833.278974,2961.859116
2025-01-01T14:42:00Z,42833.278974,42860.909869,42810.360387,42851.628688,2847.730429
2025-01-01T14:43:00Z,42851.628688,42919.019912,42840.093076,42882.178505,6683.674619
2025-01-01T14:44:00Z,42882.178505,42914.128518,42850.242415,42892.228729,2125.355880
2025-01-01T14:45:00Z,42892.228729,42961.125666,42851.933749,42936.544077,3309.450897
2025-01-01T14:46:00Z,42936.544077,42945.089676,42878.738302,42892.284859,3346.444734
2025-01-01T14:47:00Z,42892.284859,42988.179105,42871.785713,42977.097051,3934.492415
2025-01-01T14:48:00Z,42977.097051,43022.392720,42965.290458,43006.629833,7275.721585
2025-01-01T14:49:00Z,43006.629833,43011.759839,42989.423532,42992.867775,2218.278665
2025-01-01T14:50:00Z,42992.867775,43006.414462,42988.866645,43000.587151,2811.689366
2025-01-01T14:51:00Z,43000.587151,43003.362615,42977.558729,42979.819781,2329.819164
2025-01-01T14:52:00Z,42979.819781,43015.144427,42916.709234,42927.830437,1472.093252
2025-01-01T14:53:00Z,42927.830437,42939.185383,42886.221267,42901.299790,1717.069090
2025-01-01T14:54:00Z,42901.299790,43001.348942,42879.865092,42967.604624,2721.305685
2025-01-01T14:55:00Z,42967.604624,42998.227777,42947.655357,42992.149788,5677.680684
2025-01-01T14:56:00Z,42992.149788,43006.225536,42955.310241,42961.426357,3116.656108
2025-01-01T14:57:00Z,42961.426357,42995.160367,42927.774940,42979.651230,4373.893015
2025-01-01T14:58:00Z,42979.651230,43025.492539,42976.196762,43023.018277,2224.012597
2025-01-01T14:59:00Z,43023.018277,43029.592846,43020.510746,43025.963799,4577.552321
2025-01-01T15:00:00Z,43025.963799,43070.786574,43009.514093,43034.196607,3230.540635
2025-01-01T15:01:00Z,43034.196607,43048.986975,43012.313887,43030.542696,1558.464153
2025-01-01T15:02:00Z,43030.542696,43045.185751,42968.769380,42992.331189,3007.230046
2025-01-01T15:03:00Z,42992.331189,43036.892975,42990.060604,43029.765387,4231.625524
2025-01-01T15:04:00Z,43029.765387,43058.018406,43011.946316,43051.113831,2402.289823
2025-01-01T15:05:00Z,43051.113831,43104.441337,43039.853792,43082.182128,1694.968756
2025-01-01T15:06:00Z,43082.182128,43090.152314,43052.815898,43055.698297,4708.870059
2025-01-01T15:07:00Z,43055.698297,43063.098147,42986.340511,42988.267688,3136.954978
2025-01-01T15:08:00Z,42988.267688,42999.852828,42898.621753,42917.115714,2041.382957
2025-01-01T15:09:00Z,42917.115714,42935.293852,42914.160705,42933.708235,2172.086635
2025-01-01T15:10:00Z,42933.708235,43027.701097,42927.809358,43020.242075,2017.612560
2025-01-01T15:11:00Z,43020.242075,43051.674726,43014.960186,43040.169580,4967.645292
2025-01-01T15:12:00Z,43040.169580,43051.213724,43035.487145,43044.175979,1870.363465
2025-01-01T15:13:00Z,43044.175979,43058.285076,42984.365110,42998.996831,3535.964033
2025-01-01T15:14:00Z,42998.996831,43011.479685,42970.796543,42977.494141,3777.380304
2025-01-01T15:15:00Z,42977.494141,42999.861855,42938.983946,42963.358211,4078.085236
2025-01-01T15:16:00Z,42963.358211,42996.442139,42938.656219,42970.274859,1852.557037
2025-01-01T15:17:00Z,42970.274859,43005.198031,42923.658090,42986.975558,6291.972673
2025-01-01T15:18:00Z,42986.975558,43025.275443,42931.892835,42957.656779,3451.739813
2025-01-01T15:19:00Z,42957.656779,42965.625357,42845.960751,42852.679937,2546.614838
2025-01-01T15:20:00Z,42852.679937,42892.265780,42835.549424,42860.243260,2767.718453
2025-01-01T15:21:00Z,42860.243260,42874.420168,42812.493067,42821.994689,2465.643912
2025-01-01T15:22:00Z,42821.994689,42836.406513,42805.361272,42813.339525,3617.231441
2025-01-01T15:23:00Z,42813.339525,42843.712694,42794.943635,42821.701369,2481.886046
2025-01-01T15:24:00Z,42821.701369,42832.926530,42804.516597,42814.252190,1356.162714
2025-01-01T15:25:00Z,42814.252190,42827.851253,42725.066298,42750.362128,1895.630364
2025-01-01T15:26:00Z,42750.362128,42756.600350,42736.891298,42740.411851,2741.057571
2025-01-01T15:27:00Z,42740.411851,42797.425391,42724.336936,42757.125378,1946.603962
2025-01-01T15:28:00Z,42757.125378,42761.731963,42729.780814,42732.526081,1806.991655
2025-01-01T15:29:00Z,42732.526081,42741.278765,42713.497547,42731.084077,3370.617431
2025-01-01T15:30:00Z,42731.084077,42754.072909,42710.159008,42734.856987,3437.383096
2025-01-01T15:31:00Z,42734.856987,42741.128974,42695.370225,42702.980907,2207.879395
2025-01-01T15:32:00Z,42702.980907,42720.570691,42687.258678,42714.028997,3421.765061
2025-01-01T15:33:00Z,42714.028997,42761.333088,42702.627321,42750.084478,3907.465972
2025-01-01T15:34:00Z,42750.084478,42761.708339,42690.492167,42714.438269,2466.368124
2025-01-01T15:35:00Z,42714.438269,42721.300528,42709.512326,42713.189527,2128.150823
2025-01-01T15:36:00Z,42713.189527,42746.036484,42696.683010,42727.265125,2725.871405
2025-01-01T15:37:00Z,42727.265125,42729.890830,42702.136447,42708.313758,5143.109970
2025-01-01T15:38:00Z,42708.313758,42715.655503,42626.366124,42631.564888,1196.838267
2025-01-01T15:39:00Z,42631.564888,42659.337787,42611.972518,42641.513972,2268.283572
2025-01-01T15:40:00Z,42641.513972,42696.406850,42598.025764,42650.559508,3287.178721
2025-01-01T15:41:00Z,42650.559508,42662.807994,42630.473489,42653.189927,2785.861912
2025-01-01T15:42:00Z,42653.189927,42686.453875,42635.157640,42676.386399,3114.721776
2025-01-01T15:43:00Z,42676.386399,42687.412405,42645.148638,42674.179707,4994.803016
2025-01-01T15:44:00Z,42674.179707,42726.067531,42663.150658,42718.816025,3192.673410
2025-01-01T15:45:00Z,42718.816025,42725.908007,42681.715173,42705.667288,6476.763076
2025-01-01T15:46:00Z,42705.667288,42754.488535,42693.015310,42739.012516,3051.431838
2025-01-01T15:47:00Z,42739.012516,42774.757956,42722.782354,42742.784199,2789.125528
2025-01-01T15:48:00Z,42742.784199,42746.955643,42664.769059,42673.402159,6906.870492
2025-01-01T15:49:00Z,42673.402159,42688.853663,42624.526826,42650.976925,2815.948108
2025-01-01T15:50:00Z,42650.976925,42688.527596,42636.378547,42675.401115,3120.248986
2025-01-01T15:51:00Z,42675.401115,42706.253984,42667.640811,42691.572706,4214.945212
2025-01-01T15:52:00Z,42691.572706,42759.444942,42653.283898,42730.132555,2772.955654
2025-01-01T15:53:00Z,42730.132555,42781.204292,42727.533683,42777.118461,1763.023168
2025-01-01T15:54:00Z,42777.118461,42826.271505,42759.886712,42817.753555,6519.322235
2025-01-01T15:55:00Z,42817.753555,42873.851763,42805.240211,42861.705920,2561.112971
2025-01-01T15:56:00Z,42861.705920,42932.889480,42832.442665,42912.021938,7931.317067
2025-01-01T15:57:00Z,42912.021938,42940.200248,42885.244221,42914.997123,3777.337882
2025-01-01T15:58:00Z,42914.997123,42923.214275,42864.057099,42893.363762,5741.695351
2025-01-01T15:59:00Z,42893.363762,42955.073331,42872.496395,42910.027227,2869.204398
2025-01-01T16:00:00Z,42910.027227,42914.606065,42819.736794,42829.287627,2025.310760
2025-01-01T16:01:00Z,42829.287627,42852.743357,42794.961875,42818.311091,1396.332874
2025-01-01T16:02:00Z,42818.311091,42862.132002,42722.500705,42740.821622,4304.936506
2025-01-01T16:03:00Z,42740.821622,42751.863034,42731.580702,42740.909707,2415.644725
2025-01-01T16:04:00Z,42740.909707,42746.594701,42721.557282,42733.229986,5318.783137
2025-01-01T16:05:00Z,42733.229986,42749.091457,42678.843843,42697.017651,5071.211321
2025-01-01T16:06:00Z,42697.017651,42722.604696,42673.450839,42685.940547,1952.415326
2025-01-01T16:07:00Z,42685.940547,42693.173600,42669.792382,42685.598372,3320.742711
2025-01-01T16:08:00Z,42685.598372,42726.000180,42622.795770,42634.022176,4381.187926
2025-01-01T16:09:00Z,42634.022176,42745.434099,42614.280367,42719.484710,1669.693970
2025-01-01T16:10:00Z,42719.484710,42724.278866,42672.339228,42690.881989,3259.421896
2025-01-01T16:11:00Z,42690.881989,42717.033213,42643.331980,42665.358188,3890.152463
2025-01-01T16:12:00Z,42665.358188,42690.166127,42570.057607,42592.488900,2578.359392
2025-01-01T16:13:00Z,42592.488900,42623.504002,42567.215092,42593.007005,2651.074373
2025-01-01T16:14:00Z,42593.007005,42612.975507,42578.692024,42584.684999,1681.936239
2025-01-01T16:15:00Z,42584.684999,42601.050838,42560.976414,42571.508995,4620.690272
2025-01-01T16:16:00Z,42571.508995,42576.054736,42523.350018,42525.519890,3985.147110
2025-01-01T16:17:00Z,42525.519890,42548.834213,42494.278417,42538.837656,1934.358563
2025-01-01T16:18:00Z,42538.837656,42588.454039,42532.690812,42582.659701,2288.356979
2025-01-01T16:19:00Z,42582.659701,42610.150144,42561.984466,42597.456924,5126.305714
2025-01-01T16:20:00Z,42597.456924,42636.353451,42556.595057,42592.442604,5945.244777
2025-01-01T16:21:00Z,42592.442604,42611.410571,42576.888068,42599.313149,3481.568656
2025-01-01T16:22:00Z,42599.313149,42626.733350,42535.289964,42549.090730,5064.607827
2025-01-01T16:23:00Z,42549.090730,42579.055715,42467.540228,42501.186339,5037.332863
2025-01-01T16:24:00Z,42501.186339,42546.136517,42494.308330,42536.011831,6210.944949
2025-01-01T16:25:00Z,42536.011831,42553.635107,42502.434072,42509.205592,6104.189959
2025-01-01T16:26:00Z,42509.205592,42531.797002,42490.713851,42519.075672,3725.389747
2025-01-01T16:27:00Z,42519.075672,42544.368741,42517.116554,42539.524603,1911.420177
2025-01-01T16:28:00Z,42539.524603,42545.095573,42484.917601,42500.870595,2273.509218
2025-01-01T16:29:00Z,42500.870595,42522.046841,42467.682867,42496.342411,5251.478695
2025-01-01T16:30:00Z,42496.342411,42515.572585,42465.524448,42508.649964,3219.976416
2025-01-01T16:31:00Z,42508.649964,42526.188909,42466.275234,42470.173670,1415.926128
2025-01-01T16:32:00Z,42470.173670,42494.440687,42418.802299,42445.475520,3430.772086
2025-01-01T16:33:00Z,42445.475520,42452.689250,42381.146742,42389.721330,1910.434088
2025-01-01T16:34:00Z,42389.721330,42405.833421,42380.655173,42396.929656,2743.417607
2025-01-01T16:35:00Z,42396.929656,42435.492467,42388.479130,42423.043662,3626.349188
2025-01-01T16:36:00Z,42423.043662,42440.693472,42385.351074,42407.170300,2124.224883
2025-01-01T16:37:00Z,42407.170300,42433.761769,42349.957074,42388.039006,2591.123547
2025-01-01T16:38:00Z,42388.039006,42435.266202,42310.340741,42329.736264,3198.511775
2025-01-01T16:39:00Z,42329.736264,42358.693662,42286.570262,42299.991036,2326.155170
2025-01-01T16:40:00Z,42299.991036,42342.904014,42283.351394,42322.915965,4542.177340
2025-01-01T16:41:00Z,42322.915965,42372.530775,42316.620140,42335.699909,5209.080675
2025-01-01T16:42:00Z,42335.699909,42384.694303,42326.968711,42375.539410,3277.020002
2025-01-01T16:43:00Z,42375.539410,42416.329240,42361.319537,42403.418235,2972.143442
2025-01-01T16:44:00Z,42403.418235,42433.694593,42395.804929,42418.848060,3045.413173
2025-01-01T16:45:00Z,42418.848060,42422.809535,42379.102135,42381.523114,2931.498780
2025-01-01T16:46:00Z,42381.523114,42383.531568,42363.783704,42366.620317,1612.344380
2025-01-01T16:47:00Z,42366.620317,42405.651314,42299.490315,42332.587838,5283.300911
2025-01-01T16:48:00Z,42332.587838,42360.718357,42257.394311,42277.819786,3207.776407
2025-01-01T16:49:00Z,42277.819786,42311.443161,42261.441290,42277.661490,1891.953234
2025-01-01T16:50:00Z,42277.661490,42287.709247,42243.624644,42265.417540,2024.376067
2025-01-01T16:51:00Z,42265.417540,42300.079919,42256.921678,42279.397922,1216.296985
2025-01-01T16:52:00Z,42279.397922,42396.106616,42257.713596,42366.788321,3831.988246
2025-01-01T16:53:00Z,42366.788321,42402.153353,42290.281118,42323.926324,4389.777689
2025-01-01T16:54:00Z,42323.926324,42337.861839,42303.927676,42312.677022,3310.478429
2025-01-01T16:55:00Z,42312.677022,42318.924100,42221.584777,42225.467839,4140.642414
2025-01-01T16:56:00Z,42225.467839,42255.349148,42216.709531,42230.282451,1391.643619
2025-01-01T16:57:00Z,42230.282451,42243.136361,42172.076801,42182.743517,3157.719969
2025-01-01T16:58:00Z,42182.743517,42193.079246,42107.165690,42117.022526,2656.971180
2025-01-01T16:59:00Z,42117.022526,42164.361603,42110.922775,42155.808492,2305.981275
2025-01-01T17:00:00Z,42155.808492,42160.756476,42134.551385,42138.427544,1749.622279
2025-01-01T17:01:00Z,42138.427544,42143.820337,42102.562749,42118.350227,2677.783335
2025-01-01T17:02:00Z,42118.350227,42131.712173,42065.899334,42094.393443,2148.319707
2025-01-01T17:03:00Z,42094.393443,42102.016702,42067.292072,42076.706292,3887.805214
2025-01-01T17:04:00Z,42076.706292,42085.763409,42064.714268,42082.626669,3541.900684
2025-01-01T17:05:00Z,42082.626669,42091.681197,42045.592104,42051.556860,2901.519148
2025-01-01T17:06:00Z,42051.556860,42055.209353,42024.562263,42035.513469,2095.888905
2025-01-01T17:07:00Z,42035.513469,42041.629587,41999.964522,42007.947751,4507.542321
2025-01-01T17:08:00Z,42007.947751,42016.128559,41991.766997,42008.425926,3269.565832
2025-01-01T17:09:00Z,42008.425926,42033.402852,41931.044082,41946.723307,1861.095673
2025-01-01T17:10:00Z,41946.723307,41981.845765,41912.063454,41960.185313,1559.247041
2025-01-01T17:11:00Z,41960.185313,41969.474805,41942.917970,41953.187341,1801.712870
2025-01-01T17:12:00Z,41953.187341,41980.500901,41888.576972,41908.544047,3288.745834
2025-01-01T17:13:00Z,41908.544047,41938.496815,41862.114832,41902.917339,4097.772479
2025-01-01T17:14:00Z,41902.917339,41931.831070,41822.405304,41854.056810,4618.449215
2025-01-01T17:15:00Z,41854.056810,41866.233726,41823.141891,41837.743430,3078.749998
2025-01-01T17:16:00Z,41837.743430,41865.509343,41829.577727,41856.684259,5859.850686
2025-01-01T17:17:00Z,41856.684259,41886.918448,41840.341004,41872.929766,1433.635915
2025-01-01T17:18:00Z,41872.929766,41889.140807,41816.597142,41831.368008,2716.099830
2025-01-01T17:19:00Z,41831.368008,41872.755167,41817.905509,41855.498084,2772.988537
2025-01-01T17:20:00Z,41855.498084,41880.695511,41840.037366,41854.798373,1863.133841
2025-01-01T17:21:00Z,41854.798373,41885.174452,41812.470251,41839.410902,2553.986466
2025-01-01T17:22:00Z,41839.410902,41865.025153,41790.411932,41799.839719,2265.207722
2025-01-01T17:23:00Z,41799.839719,41812.131251,41791.805045,41803.743181,2844.723992
2025-01-01T17:24:00Z,41803.743181,41812.166489,41737.672859,41767.159309,4282.656507
2025-01-01T17:25:00Z,41767.159309,41819.359369,41757.409202,41813.730075,1583.255741
2025-01-01T17:26:00Z,41813.730075,41844.510322,41806.265981,41829.834955,4658.979378
2025-01-01T17:27:00Z,41829.834955,41858.377034,41796.474965,41809.411414,2086.294635
2025-01-01T17:28:00Z,41809.411414,41857.094389,41797.498903,41834.682220,2521.114675
2025-01-01T17:29:00Z,41834.682220,41930.869418,41825.073467,41924.500541,3188.440666
2025-01-01T17:30:00Z,41924.500541,41930.093733,41881.181353,41887.501432,4517.884430
2025-01-01T17:31:00Z,41887.501432,41903.509397,41803.967611,41837.150906,5954.030276
2025-01-01T17:32:00Z,41837.150906,41847.958251,41792.145727,41805.992426,3800.133806
2025-01-01T17:33:00Z,41805.992426,41812.572156,41765.444169,41778.100432,1928.571832
2025-01-01T17:34:00Z,41778.100432,41816.720414,41764.166146,41780.451890,2392.329009
2025-01-01T17:35:00Z,41780.451890,41801.945762,41757.904047,41777.833967,3086.791431
2025-01-01T17:36:00Z,41777.833967,41801.384951,41759.248487,41783.937589,2946.499755
2025-01-01T17:37:00Z,41783.937589,41794.745577,41769.615390,41787.077944,1644.798699
2025-01-01T17:38:00Z,41787.077944,41793.838319,41730.522309,41744.621177,2545.083379
2025-01-01T17:39:00Z,41744.621177,41753.777957,41671.784509,41679.755263,1978.318354
2025-01-01T17:40:00Z,41679.755263,41711.115532,41604.542171,41641.484663,2635.735992
2025-01-01T17:41:00Z,41641.484663,41673.042063,41613.492323,41662.759770,4173.920046
2025-01-01T17:42:00Z,41662.759770,41772.497044,41653.455259,41750.260747,2609.845719
2025-01-01T17:43:00Z,41750.260747,41774.419733,41724.813690,41753.769172,2634.571929
2025-01-01T17:44:00Z,41753.769172,41805.547147,41745.125643,41788.022396,4025.814114
2025-01-01T17:45:00Z,41788.022396,41803.552682,41733.804583,41748.388432,5711.462118
2025-01-01T17:46:00Z,41748.388432,41788.573660,41717.774315,41737.468259,1866.796420
2025-01-01T17:47:00Z,41737.468259,41833.903961,41712.742205,41803.891960,3730.334638
2025-01-01T17:48:00Z,41803.891960,41834.373356,41791.335088,41831.719079,3611.058839
2025-01-01T17:49:00Z,41831.719079,41845.703570,41821.145822,41841.470196,1657.296172
2025-01-01T17:50:00Z,41841.470196,41854.843048,41831.762053,41850.429088,2226.536247
2025-01-01T17:51:00Z,41850.429088,41868.129689,41846.649359,41859.606837,3039.674231
2025-01-01T17:52:00Z,41859.606837,41872.223733,41785.609060,41795.202518,3900.485212
2025-01-01T17:53:00Z,41795.202518,41813.497518,41789.308211,41808.639522,1270.446726
2025-01-01T17:54:00Z,41808.639522,41846.822022,41786.468311,41819.550674,2683.830862
2025-01-01T17:55:00Z,41819.550674,41831.126991,41789.231433,41815.558031,4833.556484
2025-01-01T17:56:00Z,41815.558031,41825.855410,41769.964936,41781.944012,5082.120111
2025-01-01T17:57:00Z,41781.944012,41812.625177,41729.033257,41752.630416,3738.484910
2025-01-01T17:58:00Z,41752.630416,41760.218756,41684.614271,41708.145012,4828.955548
2025-01-01T17:59:00Z,41708.145012,41796.457449,41683.685811,41777.962065,3218.642849
2025-01-01T18:00:00Z,41777.962065,41810.348982,41723.012564,41767.727329,2646.974322
2025-01-01T18:01:00Z,41767.727329,41787.188628,41676.575625,41693.567568,4529.281328
2025-01-01T18:02:00Z,41693.567568,41745.488225,41675.665563,41727.132392,4358.023735
2025-01-01T18:03:00Z,41727.132392,41733.307291,41706.540086,41716.769544,1640.974325
2025-01-01T18:04:00Z,41716.769544,41759.175819,41710.529278,41728.802287,4977.693076
2025-01-01T18:05:00Z,41728.802287,41744.573678,41718.689704,41735.797744,3365.802099
2025-01-01T18:06:00Z,41735.797744,41744.480587,41726.137794,41732.670719,3269.278292
2025-01-01T18:07:00Z,41732.670719,41794.532052,41723.658964,41768.957255,1155.137855
2025-01-01T18:08:00Z,41768.957255,41806.141285,41746.851662,41774.402778,2474.375766
2025-01-01T18:09:00Z,41774.402778,41852.391120,41754.141648,41838.619447,2450.079487
2025-01-01T18:10:00Z,41838.619447,41895.877413,41814.189830,41877.315729,2320.046742
2025-01-01T18:11:00Z,41877.315729,41925.241570,41872.824063,41919.307817,1919.848155
2025-01-01T18:12:00Z,41919.307817,41924.174873,41899.960289,41919.820886,1928.144585
2025-01-01T18:13:00Z,41919.820886,41945.483909,41893.110628,41911.536154,4831.733041
2025-01-01T18:14:00Z,41911.536154,41932.972753,41907.510914,41923.652952,4777.732734
2025-01-01T18:15:00Z,41923.652952,41933.099620,41864.426697,41872.927486,1368.329594
2025-01-01T18:16:00Z,41872.927486,41895.928846,41838.069387,41845.387246,2570.503853
2025-01-01T18:17:00Z,41845.387246,41858.996223,41765.163636,41791.424083,1329.617874
2025-01-01T18:18:00Z,41791.424083,41850.036187,41775.136642,41823.155073,2139.029748
2025-01-01T18:19:00Z,41823.155073,41856.191343,41734.726350,41759.540179,4184.874610
2025-01-01T18:20:00Z,41759.540179,41862.210588,41732.698651,41838.348941,3050.977017
2025-01-01T18:21:00Z,41838.348941,41881.253825,41813.484099,41863.309952,2518.902252
2025-01-01T18:22:00Z,41863.309952,41901.789403,41856.484930,41873.537840,2835.022518
2025-01-01T18:23:00Z,41873.537840,41884.293997,41807.628405,41814.463665,3613.974131
2025-01-01T18:24:00Z,41814.463665,41847.746889,41769.354397,41794.567899,3622.467949
2025-01-01T18:25:00Z,41794.567899,41820.732328,41772.626696,41782.136140,3451.564011
2025-01-01T18:26:00Z,41782.136140,41815.671325,41775.170788,41797.417022,5839.268702
2025-01-01T18:27:00Z,41797.417022,41822.494825,41750.669022,41766.412987,2704.640071
2025-01-01T18:28:00Z,41766.412987,41778.677408,41764.886989,41772.469589,2971.326227
2025-01-01T18:29:00Z,41772.469589,41833.428623,41746.746868,41814.142091,5177.267312
2025-01-01T18:30:00Z,41814.142091,41853.883590,41807.985568,41824.649286,2486.006898
2025-01-01T18:31:00Z,41824.649286,41877.128832,41819.257662,41852.605248,4960.170653
2025-01-01T18:32:00Z,41852.605248,41855.272649,41839.253081,41844.667080,2375.686452
2025-01-01T18:33:00Z,41844.667080,41860.611724,41833.863561,41852.215143,1848.094673
2025-01-01T18:34:00Z,41852.215143,41895.127690,41817.751253,41880.697391,4133.492601
2025-01-01T18:35:00Z,41880.697391,41916.846498,41802.171870,41823.745950,4305.463103
2025-01-01T18:36:00Z,41823.745950,41874.707046,41814.449658,41865.005190,2726.871450
2025-01-01T18:37:00Z,41865.005190,41872.480210,41859.262647,41867.082508,1634.277341
2025-01-01T18:38:00Z,41867.082508,41883.056453,41792.597983,41820.752941,4243.154990
2025-01-01T18:39:00Z,41820.752941,41863.269743,41785.471848,41833.950985,3140.825766
2025-01-01T18:40:00Z,41833.950985,41872.588672,41832.671140,41870.909252,3136.858599
2025-01-01T18:41:00Z,41870.909252,41890.908456,41809.734998,41829.042375,1385.541197
2025-01-01T18:42:00Z,41829.042375,41849.479402,41802.441108,41819.739307,2239.600014
2025-01-01T18:43:00Z,41819.739307,41863.273049,41815.817490,41861.143719,2358.126152
2025-01-01T18:44:00Z,41861.143719,41923.407264,41854.248649,41904.941760,2454.754721
2025-01-01T18:45:00Z,41904.941760,41912.770941,41891.351026,41905.619221,3729.723760
2025-01-01T18:46:00Z,41905.619221,41919.934533,41894.910944,41907.843007,1704.095110
2025-01-01T18:47:00Z,41907.843007,41938.147785,41863.647896,41903.651986,3988.796260
2025-01-01T18:48:00Z,41903.651986,41910.811464,41857.745795,41882.625986,3117.752349
2025-01-01T18:49:00Z,41882.625986,41899.498536,41858.442105,41874.529980,4764.739214
2025-01-01T18:50:00Z,41874.529980,41942.081622,41836.005071,41927.387402,3636.139807
2025-01-01T18:51:00Z,41927.387402,41962.357615,41880.717323,41910.803092,3044.068340
2025-01-01T18:52:00Z,41910.803092,41926.423611,41871.602136,41900.691995,3889.679347
2025-01-01T18:53:00Z,41900.691995,41934.934627,41875.544098,41893.964508,3574.224640
2025-01-01T18:54:00Z,41893.964508,41925.809184,41886.217913,41901.319289,4910.931599
2025-01-01T18:55:00Z,41901.319289,41941.415639,41884.015644,41935.087206,2399.372595
2025-01-01T18:56:00Z,41935.087206,41938.950943,41863.536817,41874.072094,1206.755793
2025-01-01T18:57:00Z,41874.072094,41915.706743,41860.597980,41891.801205,3259.251914
2025-01-01T18:58:00Z,41891.801205,41918.443301,41831.447330,41854.009225,6509.200737
2025-01-01T18:59:00Z,41854.009225,41896.963665,41827.841636,41839.505425,2497.157832
2025-01-01T19:00:00Z,41839.505425,41897.927836,41796.261368,41864.917681,1981.959041
2025-01-01T19:01:00Z,41864.917681,41879.174026,41839.601726,41856.432001,6099.877096
2025-01-01T19:02:00Z,41856.432001,41865.658723,41775.506137,41795.962704,1892.350341
2025-01-01T19:03:00Z,41795.962704,41895.039831,41790.442212,41891.217501,3103.227392
2025-01-01T19:04:00Z,41891.217501,41955.589319,41868.462142,41933.352523,3348.037946
2025-01-01T19:05:00Z,41933.352523,41938.717793,41887.979625,41911.514200,3288.763474
2025-01-01T19:06:00Z,41911.514200,41943.621941,41907.049913,41930.606031,2767.497757
2025-01-01T19:07:00Z,41930.606031,41963.099971,41875.348474,41904.444262,3129.458785
2025-01-01T19:08:00Z,41904.444262,41979.087550,41884.267422,41943.284180,3215.498161
2025-01-01T19:09:00Z,41943.284180,41971.873296,41920.245843,41953.766433,1959.830987
2025-01-01T19:10:00Z,41953.766433,42024.421299,41943.256251,42020.513551,4488.300062
2025-01-01T19:11:00Z,42020.513551,42045.088917,41988.783154,42013.190803,8770.757875
2025-01-01T19:12:00Z,42013.190803,42084.797824,41976.460135,42076.625973,4684.724970
2025-01-01T19:13:00Z,42076.625973,42081.379219,42040.649815,42047.533842,1289.464140
2025-01-01T19:14:00Z,42047.533842,42054.300967,42013.769953,42036.816627,3673.450066
2025-01-01T19:15:00Z,42036.816627,42070.870014,42027.832480,42066.718097,10077.293314
2025-01-01T19:16:00Z,42066.718097,42127.882239,42028.387004,42111.260468,2389.442108
2025-01-01T19:17:00Z,42111.260468,42132.259015,42104.414923,42119.630511,4513.038123
2025-01-01T19:18:00Z,42119.630511,42168.349448,42112.317583,42151.882073,3500.173622
2025-01-01T19:19:00Z,42151.882073,42163.905537,42122.942356,42142.993936,1546.477502
2025-01-01T19:20:00Z,42142.993936,42211.822413,42133.719582,42171.988873,1061.924153
2025-01-01T19:21:00Z,42171.988873,42213.061505,42168.440480,42205.084108,2180.259456
2025-01-01T19:22:00Z,42205.084108,42238.102892,42194.841821,42224.907727,2812.151177
2025-01-01T19:23:00Z,42224.907727,42272.020864,42192.063023,42258.171380,2026.535648
2025-01-01T19:24:00Z,42258.171380,42269.378602,42230.505196,42245.208029,2802.752796
2025-01-01T19:25:00Z,42245.208029,42262.760613,42202.325632,42246.603670,3486.949597
2025-01-01T19:26:00Z,42246.603670,42261.199288,42220.787450,42229.867004,2067.986390
2025-01-01T19:27:00Z,42229.867004,42253.217593,42172.925278,42191.167053,2028.714950
2025-01-01T19:28:00Z,42191.167053,42241.240051,42183.810197,42236.294136,5354.023748
2025-01-01T19:29:00Z,42236.294136,42301.563878,42232.338125,42298.227906,2588.764172
2025-01-01T19:30:00Z,42298.227906,42357.118610,42261.436488,42341.901411,7216.059851
2025-01-01T19:31:00Z,42341.901411,42385.325582,42328.917281,42374.844566,1660.130964
2025-01-01T19:32:00Z,42374.844566,42412.971063,42371.357909,42408.796040,3295.791972
2025-01-01T19:33:00Z,42408.796040,42417.680793,42396.574078,42405.933709,2847.648674
2025-01-01T19:34:00Z,42405.933709,42423.574408,42382.409631,42391.928176,2789.307424
2025-01-01T19:35:00Z,42391.928176,42403.221000,42374.161393,42378.596188,2983.714032
2025-01-01T19:36:00Z,42378.596188,42393.873680,42366.332652,42377.703407,877.332724
2025-01-01T19:37:00Z,42377.703407,42409.911508,42348.979701,42363.427810,8491.562251
2025-01-01T19:38:00Z,42363.427810,42382.154840,42282.057701,42301.679722,2016.825451
2025-01-01T19:39:00Z,42301.679722,42335.579773,42286.507450,42322.766645,2579.293210
2025-01-01T19:40:00Z,42322.766645,42350.805067,42316.238308,42348.826082,1975.411675
2025-01-01T19:41:00Z,42348.826082,42367.887294,42325.432310,42334.308238,2541.081360
2025-01-01T19:42:00Z,42334.308238,42342.871984,42283.749223,42304.960277,2652.350976
2025-01-01T19:43:00Z,42304.960277,42352.724133,42274.722739,42321.533046,4314.751738
2025-01-01T19:44:00Z,42321.533046,42342.465815,42294.715934,42315.766340,3623.206864
2025-01-01T19:45:00Z,42315.766340,42360.306464,42303.670791,42315.594517,4486.458871
2025-01-01T19:46:00Z,42315.594517,42359.413926,42295.054647,42317.223722,1838.994996
2025-01-01T19:47:00Z,42317.223722,42377.163244,42310.299367,42354.805221,971.204332
2025-01-01T19:48:00Z,42354.805221,42363.004816,42336.449507,42349.424765,2698.812337
2025-01-01T19:49:00Z,42349.424765,42407.939181,42337.642449,42368.884562,2939.641548
2025-01-01T19:50:00Z,42368.884562,42384.013324,42294.400880,42312.620856,5102.521013
2025-01-01T19:51:00Z,42312.620856,42326.932707,42304.089566,42320.348993,2335.361970
2025-01-01T19:52:00Z,42320.348993,42406.853342,42292.955551,42388.673053,3717.447750
2025-01-01T19:53:00Z,42388.673053,42390.677447,42383.246691,42388.254789,3053.042592
2025-01-01T19:54:00Z,42388.254789,42446.884179,42370.233926,42414.977935,1921.117743
2025-01-01T19:55:00Z,42414.977935,42419.311669,42364.220481,42370.696452,3087.109570
2025-01-01T19:56:00Z,42370.696452,42416.302476,42345.674665,42390.774381,2963.263654
2025-01-01T19:57:00Z,42390.774381,42450.666610,42383.608710,42430.615943,1870.953162
2025-01-01T19:58:00Z,42430.615943,42443.856488,42384.526301,42393.959523,2846.087393
2025-01-01T19:59:00Z,42393.959523,42397.376223,42367.683946,42372.129124,6880.862051
2025-01-01T20:00:00Z,42372.129124,42380.842885,42301.490374,42314.469014,4820.976947
2025-01-01T20:01:00Z,42314.469014,42372.519620,42304.616047,42359.697840,2415.019726
2025-01-01T20:02:00Z,42359.697840,42406.754510,42326.507749,42368.244249,1696.564724
2025-01-01T20:03:00Z,42368.244249,42377.260791,42336.108735,42359.883342,5707.148757
2025-01-01T20:04:00Z,42359.883342,42384.008600,42343.448128,42370.258235,2793.496252
2025-01-01T20:05:00Z,42370.258235,42373.143032,42334.774968,42338.201312,6865.587527
2025-01-01T20:06:00Z,42338.201312,42401.992142,42318.150696,42373.492935,7249.148555
2025-01-01T20:07:00Z,42373.492935,42383.870625,42317.712476,42339.544007,2659.564914
2025-01-01T20:08:00Z,42339.544007,42430.027062,42319.346936,42403.199482,4377.086486
2025-01-01T20:09:00Z,42403.199482,42433.642228,42333.970730,42370.746711,5599.539070
2025-01-01T20:10:00Z,42370.746711,42376.155553,42347.547842,42349.799493,5392.787846
2025-01-01T20:11:00Z,42349.799493,42373.898644,42345.547314,42369.709228,2452.096263
2025-01-01T20:12:00Z,42369.709228,42433.199387,42336.396512,42423.707040,4133.404278
2025-01-01T20:13:00Z,42423.707040,42440.779884,42417.741847,42432.477237,2611.004741
2025-01-01T20:14:00Z,42432.477237,42460.431412,42420.406034,42456.726967,3236.949451
2025-01-01T20:15:00Z,42456.726967,42482.769111,42413.326439,42466.791063,1358.911892
2025-01-01T20:16:00Z,42466.791063,42495.856314,42457.975918,42487.782170,4377.182439
2025-01-01T20:17:00Z,42487.782170,42533.300266,42478.127363,42526.015295,2613.443345
2025-01-01T20:18:00Z,42526.015295,42542.991958,42524.293204,42536.729739,5345.771633
2025-01-01T20:19:00Z,42536.729739,42566.338507,42525.637002,42549.760039,3972.575342
2025-01-01T20:20:00Z,42549.760039,42582.314239,42538.451570,42573.541651,2881.607080
2025-01-01T20:21:00Z,42573.541651,42597.961829,42543.638450,42551.671624,4659.676656
2025-01-01T20:22:00Z,42551.671624,42556.997940,42535.914216,42539.811532,4220.661214
2025-01-01T20:23:00Z,42539.811532,42568.564048,42531.648864,42565.714608,2915.174646
2025-01-01T20:24:00Z,42565.714608,42568.783881,42560.195130,42562.030030,1717.692398
2025-01-01T20:25:00Z,42562.030030,42581.092888,42550.438120,42560.875000,5409.761435
2025-01-01T20:26:00Z,42560.875000,42575.261967,42532.799040,42542.775912,2633.533313
2025-01-01T20:27:00Z,42542.775912,42583.704818,42506.480812,42572.220406,1939.290737
2025-01-01T20:28:00Z,42572.220406,42590.282292,42558.696055,42564.691926,3014.312656
2025-01-01T20:29:00Z,42564.691926,42602.698758,42534.423256,42594.582872,4259.398558
2025-01-01T20:30:00Z,42594.582872,42637.860479,42561.461202,42615.418645,2913.671005
2025-01-01T20:31:00Z,42615.418645,42675.024734,42597.986986,42641.321156,2940.966486
2025-01-01T20:32:00Z,42641.321156,42655.905733,42627.114019,42639.551626,1671.147612
2025-01-01T20:33:00Z,42639.551626,42656.110986,42597.854095,42616.607584,4023.962475
2025-01-01T20:34:00Z,42616.607584,42620.395627,42608.658170,42614.518749,6352.406779
2025-01-01T20:35:00Z,42614.518749,42616.561983,42608.076089,42610.243574,2503.167173
2025-01-01T20:36:00Z,42610.243574,42626.878770,42572.149156,42578.823194,1009.222601
2025-01-01T20:37:00Z,42578.823194,42585.664926,42569.173049,42576.129545,2590.314137
2025-01-01T20:38:00Z,42576.129545,42610.978812,42562.446682,42590.521132,2227.384367
2025-01-01T20:39:00Z,42590.521132,42619.559858,42555.513187,42561.348204,6259.982444
2025-01-01T20:40:00Z,42561.348204,42571.085899,42490.217252,42501.124043,4550.808201
2025-01-01T20:41:00Z,42501.124043,42528.208827,42487.974314,42500.823576,3069.200672
2025-01-01T20:42:00Z,42500.823576,42509.425679,42491.756884,42498.214685,1801.693927
2025-01-01T20:43:00Z,42498.214685,42571.891823,42475.411504,42545.746938,4573.568868
2025-01-01T20:44:00Z,42545.746938,42559.717764,42471.383539,42487.794865,3405.630857
2025-01-01T20:45:00Z,42487.794865,42563.054317,42478.550672,42542.135943,2661.217993
2025-01-01T20:46:00Z,42542.135943,42580.251705,42507.925893,42560.319684,3053.540788
2025-01-01T20:47:00Z,42560.319684,42644.153797,42550.856192,42638.991904,3496.386586
2025-01-01T20:48:00Z,42638.991904,42652.255051,42601.962556,42627.091907,4133.744030
2025-01-01T20:49:00Z,42627.091907,42630.508592,42568.721650,42572.359489,1732.240591
2025-01-01T20:50:00Z,42572.359489,42633.512696,42555.511166,42610.186102,3131.891306
2025-01-01T20:51:00Z,42610.186102,42664.196075,42573.460654,42639.790512,2426.602755
2025-01-01T20:52:00Z,42639.790512,42666.234211,42615.210163,42623.079249,4068.560478
2025-01-01T20:53:00Z,42623.079249,42645.798279,42604.013773,42616.717434,2073.612554
2025-01-01T20:54:00Z,42616.717434,42631.336608,42577.984934,42599.953686,2247.457008
2025-01-01T20:55:00Z,42599.953686,42634.641572,42593.810699,42622.546867,1288.598947
2025-01-01T20:56:00Z,42622.546867,42676.744632,42618.768919,42664.543619,2948.891343
2025-01-01T20:57:00Z,42664.543619,42685.001146,42647.316431,42680.402292,2523.428564
2025-01-01T20:58:00Z,42680.402292,42710.051073,42647.077205,42664.550498,3126.866591
2025-01-01T20:59:00Z,42664.550498,42693.899416,42649.486501,42683.893191,1897.227494
2025-01-01T21:00:00Z,42683.893191,42696.674202,42657.156356,42664.497305,2101.550482
2025-01-01T21:01:00Z,42664.497305,42675.402688,42621.207922,42651.897464,1263.334453
2025-01-01T21:02:00Z,42651.897464,42686.488662,42619.121361,42657.000663,1800.043975
2025-01-01T21:03:00Z,42657.000663,42689.758590,42638.216953,42668.257489,1851.125423
2025-01-01T21:04:00Z,42668.257489,42677.149337,42657.347125,42662.371796,3610.614293
2025-01-01T21:05:00Z,42662.371796,42671.924422,42627.050339,42641.629150,3483.074397
2025-01-01T21:06:00Z,42641.629150,42654.877625,42570.827604,42594.083566,4620.897633
2025-01-01T21:07:00Z,42594.083566,42599.258805,42574.799815,42586.730503,3371.779991
2025-01-01T21:08:00Z,42586.730503,42604.479466,42545.662647,42550.629539,3390.474484
2025-01-01T21:09:00Z,42550.629539,42581.120965,42538.474254,42566.914946,3660.161620
2025-01-01T21:10:00Z,42566.914946,42631.312452,42557.851509,42603.045794,6548.223438
2025-01-01T21:11:00Z,42603.045794,42647.445486,42572.959318,42618.272153,2577.317458
2025-01-01T21:12:00Z,42618.272153,42626.825744,42563.622715,42597.304873,3774.119305
2025-01-01T21:13:00Z,42597.304873,42608.230892,42587.616536,42600.239650,2334.504709
2025-01-01T21:14:00Z,42600.239650,42646.198657,42524.305122,42542.655656,2653.654168
2025-01-01T21:15:00Z,42542.655656,42576.182017,42537.923205,42567.181025,2391.951755
2025-01-01T21:16:00Z,42567.181025,42581.527332,42523.111117,42543.609142,2377.708694
2025-01-01T21:17:00Z,42543.609142,42588.643007,42524.796310,42562.162297,3714.057203
2025-01-01T21:18:00Z,42562.162297,42583.525324,42524.534125,42534.139492,2256.294966
2025-01-01T21:19:00Z,42534.139492,42578.494184,42446.972587,42493.691587,4081.448379
2025-01-01T21:20:00Z,42493.691587,42501.569964,42422.163704,42463.744905,5121.654448
2025-01-01T21:21:00Z,42463.744905,42497.425752,42391.216344,42417.511637,1749.628191
2025-01-01T21:22:00Z,42417.511637,42441.445343,42388.145067,42428.535821,2157.539678
2025-01-01T21:23:00Z,42428.535821,42438.027535,42383.548677,42392.957605,5567.284237
2025-01-01T21:24:00Z,42392.957605,42415.585788,42332.072641,42340.823033,5633.281135
2025-01-01T21:25:00Z,42340.823033,42403.996423,42326.404820,42398.569175,4673.288316
2025-01-01T21:26:00Z,42398.569175,42481.020657,42375.627152,42444.439096,2163.437590
2025-01-01T21:27:00Z,42444.439096,42556.182291,42420.447399,42515.409269,3607.537874
2025-01-01T21:28:00Z,42515.409269,42549.502895,42431.634346,42463.938375,4669.917552
2025-01-01T21:29:00Z,42463.938375,42504.804242,42444.998233,42491.773410,1600.286360
2025-01-01T21:30:00Z,42491.773410,42522.275733,42486.329063,42517.365844,1512.330207
2025-01-01T21:31:00Z,42517.365844,42528.960762,42470.319727,42491.042090,1820.619450
2025-01-01T21:32:00Z,42491.042090,42493.686726,42469.082927,42474.377529,2248.982430
2025-01-01T21:33:00Z,42474.377529,42575.923518,42444.728583,42540.878467,2538.536759
2025-01-01T21:34:00Z,42540.878467,42573.397939,42530.478517,42552.286224,2037.185412
2025-01-01T21:35:00Z,42552.286224,42566.182680,42509.835884,42531.255747,1368.654449
2025-01-01T21:36:00Z,42531.255747,42607.231413,42514.086438,42563.372857,6885.559540
2025-01-01T21:37:00Z,42563.372857,42663.605142,42531.166927,42639.552715,2150.642276
2025-01-01T21:38:00Z,42639.552715,42676.420736,42620.804142,42664.917830,2840.064885
2025-01-01T21:39:00Z,42664.917830,42669.280884,42635.062538,42643.876252,3466.543905
2025-01-01T21:40:00Z,42643.876252,42710.315708,42630.157103,42686.810872,4826.027141
2025-01-01T21:41:00Z,42686.810872,42699.182728,42647.836593,42681.477162,2439.410887
2025-01-01T21:42:00Z,42681.477162,42697.247596,42656.911817,42689.568745,2072.796325
2025-01-01T21:43:00Z,42689.568745,42702.822660,42592.275322,42601.618018,1255.037887
2025-01-01T21:44:00Z,42601.618018,42608.721216,42575.145498,42587.722698,3420.059114
2025-01-01T21:45:00Z,42587.722698,42637.172719,42581.306451,42617.094083,2350.215665
2025-01-01T21:46:00Z,42617.094083,42666.536285,42588.909567,42639.169020,4005.012929
2025-01-01T21:47:00Z,42639.169020,42643.330236,42622.911524,42626.557983,1466.085222
2025-01-01T21:48:00Z,42626.557983,42673.345551,42571.223400,42615.766182,3966.450130
2025-01-01T21:49:00Z,42615.766182,42670.413894,42600.797417,42662.313037,2632.474097
2025-01-01T21:50:00Z,42662.313037,42673.395382,42619.818312,42642.492673,2296.445392
2025-01-01T21:51:00Z,42642.492673,42652.514165,42585.743617,42601.839695,2399.887291
2025-01-01T21:52:00Z,42601.839695,42627.950096,42596.223274,42615.947701,2524.634854
2025-01-01T21:53:00Z,42615.947701,42634.297143,42606.460766,42624.472139,3263.680441
2025-01-01T21:54:00Z,42624.472139,42640.751045,42611.895047,42624.183272,1066.969593
2025-01-01T21:55:00Z,42624.183272,42644.533677,42615.794859,42626.754784,2098.082863
2025-01-01T21:56:00Z,42626.754784,42695.750987,42618.112343,42685.136835,2904.171652
2025-01-01T21:57:00Z,42685.136835,42693.147190,42682.783191,42688.857658,2586.214924
2025-01-01T21:58:00Z,42688.857658,42713.998633,42661.925761,42685.636458,6018.755236
2025-01-01T21:59:00Z,42685.636458,42738.325890,42663.786299,42716.721321,3318.005102
2025-01-01T22:00:00Z,42716.721321,42758.170975,42707.071699,42755.518862,1415.516074
2025-01-01T22:01:00Z,42755.518862,42775.343784,42729.493903,42764.064617,3818.701128
2025-01-01T22:02:00Z,42764.064617,42794.291420,42692.734871,42724.825720,2196.501684
2025-01-01T22:03:00Z,42724.825720,42754.468621,42675.740152,42712.497389,3262.382477
2025-01-01T22:04:00Z,42712.497389,42780.947965,42688.414389,42762.842569,3329.313969
2025-01-01T22:05:00Z,42762.842569,42827.047046,42752.319960,42824.177617,2301.687632
2025-01-01T22:06:00Z,42824.177617,42856.801305,42794.504468,42802.958377,1964.013004
2025-01-01T22:07:00Z,42802.958377,42872.522372,42764.804817,42851.023262,2632.934879
2025-01-01T22:08:00Z,42851.023262,42861.813123,42834.814409,42841.337168,967.700306
2025-01-01T22:09:00Z,42841.337168,42843.075864,42813.820488,42821.218442,2181.834856
2025-01-01T22:10:00Z,42821.218442,42834.191847,42782.457971,42794.323017,4055.702369
2025-01-01T22:11:00Z,42794.323017,42859.761203,42789.197894,42849.409277,4759.167095
2025-01-01T22:12:00Z,42849.409277,42855.582455,42842.784783,42848.435341,1547.522706
2025-01-01T22:13:00Z,42848.435341,42866.932193,42821.859194,42856.759903,2072.094611
2025-01-01T22:14:00Z,42856.759903,42900.131763,42841.079481,42874.971006,1864.200603
2025-01-01T22:15:00Z,42874.971006,42908.789709,42812.362997,42839.587633,2484.573350
2025-01-01T22:16:00Z,42839.587633,42842.750473,42800.321616,42804.195438,3607.454361
2025-01-01T22:17:00Z,42804.195438,42817.265719,42795.687713,42810.134694,5861.709503
2025-01-01T22:18:00Z,42810.134694,42833.515388,42765.177780,42779.486769,2814.105976
2025-01-01T22:19:00Z,42779.486769,42828.066492,42751.251221,42787.396158,3601.681898
2025-01-01T22:20:00Z,42787.396158,42789.166947,42779.284350,42781.506965,3411.911356
2025-01-01T22:21:00Z,42781.506965,42804.339813,42751.448493,42764.919225,3265.336027
2025-01-01T22:22:00Z,42764.919225,42772.344210,42740.973454,42761.350908,3589.570159
2025-01-01T22:23:00Z,42761.350908,42772.872173,42740.459791,42767.375793,3858.033930
2025-01-01T22:24:00Z,42767.375793,42786.331215,42732.608410,42750.552100,5281.660977
2025-01-01T22:25:00Z,42750.552100,42765.184037,42724.032367,42738.584780,9591.912894
2025-01-01T22:26:00Z,42738.584780,42750.162951,42706.301709,42734.058418,1615.747309
2025-01-01T22:27:00Z,42734.058418,42754.659313,42724.353936,42747.291011,3005.602422
2025-01-01T22:28:00Z,42747.291011,42822.568058,42724.809221,42803.705794,1263.383944
2025-01-01T22:29:00Z,42803.705794,42858.557045,42785.702824,42831.619231,2780.988380
2025-01-01T22:30:00Z,42831.619231,42833.121695,42820.651521,42821.691427,3714.589901
2025-01-01T22:31:00Z,42821.691427,42894.537470,42811.185456,42884.045304,2529.944269
2025-01-01T22:32:00Z,42884.045304,42897.625643,42817.961556,42835.363405,3819.202247
2025-01-01T22:33:00Z,42835.363405,42837.237699,42791.194175,42792.998417,3348.240639
2025-01-01T22:34:00Z,42792.998417,42816.761253,42744.844659,42762.451062,983.769079
2025-01-01T22:35:00Z,42762.451062,42780.172595,42754.889669,42771.045342,5203.522888
2025-01-01T22:36:00Z,42771.045342,42815.024710,42689.938904,42729.240328,1772.894947
2025-01-01T22:37:00Z,42729.240328,42739.855465,42677.829233,42688.422822,2155.861219
2025-01-01T22:38:00Z,42688.422822,42719.239973,42622.972976,42643.824150,2132.453496
2025-01-01T22:39:00Z,42643.824150,42654.375200,42623.907887,42629.297656,1740.916691
2025-01-01T22:40:00Z,42629.297656,42667.260881,42603.745036,42651.673323,2227.247254
2025-01-01T22:41:00Z,42651.673323,42654.142486,42614.103756,42616.088157,5277.400102
2025-01-01T22:42:00Z,42616.088157,42630.153854,42589.923688,42596.761455,3912.059648
2025-01-01T22:43:00Z,42596.761455,42606.499286,42524.109510,42538.617932,1776.294496
2025-01-01T22:44:00Z,42538.617932,42570.159503,42478.376294,42512.138774,984.873732
2025-01-01T22:45:00Z,42512.138774,42553.720679,42494.493542,42523.662884,1375.245176
2025-01-01T22:46:00Z,42523.662884,42527.334832,42510.066229,42517.472449,1529.376636
2025-01-01T22:47:00Z,42517.472449,42561.145630,42500.152938,42539.840544,3930.280288
2025-01-01T22:48:00Z,42539.840544,42561.069506,42526.220603,42539.912817,3056.662083
2025-01-01T22:49:00Z,42539.912817,42569.056166,42536.456033,42567.610867,1284.184948
2025-01-01T22:50:00Z,42567.610867,42573.487603,42541.553206,42548.488963,2556.338144
2025-01-01T22:51:00Z,42548.488963,42566.185476,42522.289547,42535.583129,3326.949871
2025-01-01T22:52:00Z,42535.583129,42562.655336,42480.355313,42514.005194,1801.216037
2025-01-01T22:53:00Z,42514.005194,42525.328553,42461.484431,42472.624282,3602.579261
2025-01-01T22:54:00Z,42472.624282,42513.989951,42410.574703,42420.353061,1802.712410
2025-01-01T22:55:00Z,42420.353061,42492.989735,42406.958013,42451.308077,4403.626530
2025-01-01T22:56:00Z,42451.308077,42473.283073,42427.799099,42434.851778,4763.838119
2025-01-01T22:57:00Z,42434.851778,42444.812921,42403.372614,42409.443833,2155.553832
2025-01-01T22:58:00Z,42409.443833,42423.154035,42344.932321,42352.286672,4398.585068
2025-01-01T22:59:00Z,42352.286672,42369.876925,42320.572174,42330.900402,2963.145000
2025-01-01T23:00:00Z,42330.900402,42351.371723,42299.751730,42313.850392,2387.235919
2025-01-01T23:01:00Z,42313.850392,42330.845283,42292.991236,42317.788311,1919.025908
2025-01-01T23:02:00Z,42317.788311,42321.209177,42316.661825,42319.354934,1978.665679
2025-01-01T23:03:00Z,42319.354934,42343.921276,42310.532221,42340.078480,1082.947526
2025-01-01T23:04:00Z,42340.078480,42368.604379,42310.908288,42338.813695,3420.767748
2025-01-01T23:05:00Z,42338.813695,42366.711987,42314.463213,42340.861243,2726.332535
2025-01-01T23:06:00Z,42340.861243,42358.070477,42290.412753,42305.135752,2844.929614
2025-01-01T23:07:00Z,42305.135752,42313.207553,42260.205612,42278.833090,5995.136379
2025-01-01T23:08:00Z,42278.833090,42298.745037,42183.711781,42196.195740,2500.108381
2025-01-01T23:09:00Z,42196.195740,42222.166007,42099.802218,42131.276448,2395.881581
2025-01-01T23:10:00Z,42131.276448,42137.141324,42127.490218,42130.261332,1902.248030
2025-01-01T23:11:00Z,42130.261332,42140.773956,42056.572718,42095.008398,5561.615481
2025-01-01T23:12:00Z,42095.008398,42113.119421,42059.960950,42083.990100,3619.643365
2025-01-01T23:13:00Z,42083.990100,42111.234059,42065.187774,42080.359747,3262.935060
2025-01-01T23:14:00Z,42080.359747,42093.500865,42069.549505,42080.590663,1456.380037
2025-01-01T23:15:00Z,42080.590663,42084.954645,42024.587151,42039.577430,4686.828129
2025-01-01T23:16:00Z,42039.577430,42072.529551,42001.613454,42051.568351,3894.151683
2025-01-01T23:17:00Z,42051.568351,42105.982574,42030.355712,42077.937905,836.760351
2025-01-01T23:18:00Z,42077.937905,42086.394665,42008.314988,42025.502845,2628.788024
2025-01-01T23:19:00Z,42025.502845,42047.961614,41992.377794,42006.347169,1546.905393
2025-01-01T23:20:00Z,42006.347169,42026.151142,41966.784599,41977.298913,5038.875559
2025-01-01T23:21:00Z,41977.298913,41979.210205,41946.105586,41954.040402,1312.219319
2025-01-01T23:22:00Z,41954.040402,41967.200365,41895.444938,41909.728066,3205.810048
2025-01-01T23:23:00Z,41909.728066,41919.597698,41859.312186,41868.116862,2825.512347
2025-01-01T23:24:00Z,41868.116862,41894.621028,41764.689311,41787.817168,4370.433985
2025-01-01T23:25:00Z,41787.817168,41800.475392,41759.843569,41790.288727,3586.112461
2025-01-01T23:26:00Z,41790.288727,41801.144716,41778.762715,41792.944891,2512.895369
2025-01-01T23:27:00Z,41792.944891,41846.845074,41768.599078,41814.779724,2568.977276
2025-01-01T23:28:00Z,41814.779724,41840.064619,41811.522018,41838.050572,4462.701855
2025-01-01T23:29:00Z,41838.050572,41880.410967,41830.355250,41858.117064,2917.338812
2025-01-01T23:30:00Z,41858.117064,41899.347386,41825.085107,41840.818493,2763.159085
2025-01-01T23:31:00Z,41840.818493,41853.599550,41831.407064,41848.775706,1857.721138
2025-01-01T23:32:00Z,41848.775706,41876.795113,41777.466933,41802.457522,3986.418231
2025-01-01T23:33:00Z,41802.457522,41828.361889,41722.401729,41741.380302,3331.953608
2025-01-01T23:34:00Z,41741.380302,41763.797629,41686.574570,41697.615967,3359.516109
2025-01-01T23:35:00Z,41697.615967,41712.917381,41685.978668,41704.457679,1583.256330
2025-01-01T23:36:00Z,41704.457679,41739.551233,41583.142516,41614.861516,2233.387425
2025-01-01T23:37:00Z,41614.861516,41666.794734,41591.631314,41641.292201,1761.189467
2025-01-01T23:38:00Z,41641.292201,41651.147014,41596.544174,41617.103871,2733.750413
2025-01-01T23:39:00Z,41617.103871,41627.037124,41581.853250,41599.093409,2782.554004
2025-01-01T23:40:00Z,41599.093409,41619.143516,41590.506435,41604.252009,2597.966873
2025-01-01T23:41:00Z,41604.252009,41637.512070,41582.007840,41601.708108,2146.004930
2025-01-01T23:42:00Z,41601.708108,41614.092574,41581.310082,41609.387015,1675.741998
2025-01-01T23:43:00Z,41609.387015,41657.353920,41599.188122,41636.465618,3197.917433
2025-01-01T23:44:00Z,41636.465618,41639.368256,41624.806791,41627.519247,3721.360737
2025-01-01T23:45:00Z,41627.519247,41637.025225,41613.057834,41618.836951,3622.412339
2025-01-01T23:46:00Z,41618.836951,41620.174919,41585.413977,41588.467419,2291.578009
2025-01-01T23:47:00Z,41588.467419,41597.839815,41548.989401,41565.726464,4537.435541
2025-01-01T23:48:00Z,41565.726464,41599.252272,41543.343518,41573.863861,3672.389865
2025-01-01T23:49:00Z,41573.863861,41576.069274,41560.684270,41566.309866,1912.751251
2025-01-01T23:50:00Z,41566.309866,41574.716712,41505.325018,41526.377114,3965.657549
2025-01-01T23:51:00Z,41526.377114,41539.485710,41485.983071,41508.149323,9408.775839
2025-01-01T23:52:00Z,41508.149323,41513.641520,41490.273357,41506.441857,2050.366974
2025-01-01T23:53:00Z,41506.441857,41545.129724,41488.664017,41523.671760,9228.982787
2025-01-01T23:54:00Z,41523.671760,41548.553716,41474.249979,41481.923720,2669.369077
2025-01-01T23:55:00Z,41481.923720,41499.413778,41410.276517,41413.269062,3591.804668
2025-01-01T23:56:00Z,41413.269062,41467.778637,41397.928490,41440.292230,2417.583179
2025-01-01T23:57:00Z,41440.292230,41458.722404,41398.353049,41404.722394,4971.925018
2025-01-01T23:58:00Z,41404.722394,41413.854157,41389.261244,41394.215595,1672.790429
2025-01-01T23:59:00Z,41394.215595,41422.848794,41382.417607,41413.649056,4634.719466
2025-01-02T00:00:00Z,41413.649056,41450.170449,41400.002269,41434.119602,2686.121382
2025-01-02T00:01:00Z,41434.119602,41449.868058,41420.080683,41427.290890,1818.878172
2025-01-02T00:02:00Z,41427.290890,41431.508249,41372.493775,41376.496437,3470.795854
2025-01-02T00:03:00Z,41376.496437,41439.776899,41353.359295,41406.846127,3000.657388
2025-01-02T00:04:00Z,41406.846127,41464.502077,41374.678478,41440.452825,1941.054020
2025-01-02T00:05:00Z,41440.452825,41445.919101,41420.760357,41425.376725,2576.926405
2025-01-02T00:06:00Z,41425.376725,41460.749680,41384.538437,41403.747716,2057.400430
2025-01-02T00:07:00Z,41403.747716,41427.996436,41383.782686,41421.716996,5943.692503
2025-01-02T00:08:00Z,41421.716996,41450.567154,41415.746990,41447.840062,2464.407100
2025-01-02T00:09:00Z,41447.840062,41474.525566,41444.063942,41468.421057,2438.740075
2025-01-02T00:10:00Z,41468.421057,41481.128058,41445.878327,41456.729092,2160.119349
2025-01-02T00:11:00Z,41456.729092,41497.611965,41444.519191,41492.875828,2001.972734
2025-01-02T00:12:00Z,41492.875828,41510.479373,41413.888016,41432.956991,5177.788883
2025-01-02T00:13:00Z,41432.956991,41455.580693,41395.562399,41403.408595,1825.482234
2025-01-02T00:14:00Z,41403.408595,41415.974999,41397.496089,41405.338486,3357.872292
2025-01-02T00:15:00Z,41405.338486,41415.235496,41328.274276,41341.710542,2660.991519
2025-01-02T00:16:00Z,41341.710542,41352.000985,41312.250065,41321.102911,1772.201015
2025-01-02T00:17:00Z,41321.102911,41368.538049,41276.418315,41358.655024,2333.153648
2025-01-02T00:18:00Z,41358.655024,41371.241516,41244.627226,41254.159425,5451.411142
2025-01-02T00:19:00Z,41254.159425,41269.826263,41194.626520,41212.263385,5326.492205
2025-01-02T00:20:00Z,41212.263385,41213.963621,41173.595581,41174.809803,3776.201758
2025-01-02T00:21:00Z,41174.809803,41211.843975,41142.671766,41162.281946,2851.239623
2025-01-02T00:22:00Z,41162.281946,41184.086164,41153.845454,41178.868928,3476.870636
2025-01-02T00:23:00Z,41178.868928,41231.199679,41150.703523,41204.185243,3999.191424
2025-01-02T00:24:00Z,41204.185243,41207.742957,41181.638307,41186.027444,4003.168869
2025-01-02T00:25:00Z,41186.027444,41246.977880,41153.268963,41208.585974,3415.134719
2025-01-02T00:26:00Z,41208.585974,41229.837615,41154.540939,41162.331172,1768.631181
2025-01-02T00:27:00Z,41162.331172,41181.570098,41158.164114,41165.097161,3113.839911
2025-01-02T00:28:00Z,41165.097161,41221.680888,41148.150445,41211.394710,6154.169968
2025-01-02T00:29:00Z,41211.394710,41264.154215,41196.923119,41251.836448,3912.656941
2025-01-02T00:30:00Z,41251.836448,41302.601836,41240.838506,41292.373334,4562.385494
2025-01-02T00:31:00Z,41292.373334,41356.439626,41264.763119,41320.042881,3070.191638
2025-01-02T00:32:00Z,41320.042881,41341.765039,41256.278202,41273.819730,7304.846531
2025-01-02T00:33:00Z,41273.819730,41281.731401,41247.860823,41274.711948,3626.237952
2025-01-02T00:34:00Z,41274.711948,41297.922817,41257.441208,41285.233107,5170.710249
2025-01-02T00:35:00Z,41285.233107,41298.354044,41271.806027,41275.234112,1841.156231
2025-01-02T00:36:00Z,41275.234112,41313.182691,41237.365574,41257.691856,4655.475702
2025-01-02T00:37:00Z,41257.691856,41301.354816,41252.475467,41296.467283,1783.670145
2025-01-02T00:38:00Z,41296.467283,41319.234125,41282.983347,41289.653401,3109.065018
2025-01-02T00:39:00Z,41289.653401,41312.035715,41208.932194,41223.159295,2869.378899
2025-01-02T00:40:00Z,41223.159295,41259.599243,41194.284610,41241.581200,7605.884277
2025-01-02T00:41:00Z,41241.581200,41255.583874,41185.693296,41206.214664,898.821421
2025-01-02T00:42:00Z,41206.214664,41254.276251,41193.346044,41247.151035,2583.205874
2025-01-02T00:43:00Z,41247.151035,41249.650257,41240.988455,41246.178680,2622.423557
2025-01-02T00:44:00Z,41246.178680,41260.823659,41231.197148,41248.675754,5566.457639
2025-01-02T00:45:00Z,41248.675754,41253.186229,41205.079876,41219.047325,5675.528074
2025-01-02T00:46:00Z,41219.047325,41220.697035,41205.127434,41207.695124,3407.372241
2025-01-02T00:47:00Z,41207.695124,41227.784191,41200.225378,41219.852011,5225.456747
2025-01-02T00:48:00Z,41219.852011,41257.698001,41199.894282,41223.727458,3879.838562
2025-01-02T00:49:00Z,41223.727458,41228.855436,41196.221007,41201.682207,2711.412391
2025-01-02T00:50:00Z,41201.682207,41266.368517,41196.025120,41248.405673,3258.544791
2025-01-02T00:51:00Z,41248.405673,41285.191013,41237.172943,41272.019694,2565.721520
2025-01-02T00:52:00Z,41272.019694,41399.101084,41227.516063,41354.462259,1906.693592
2025-01-02T00:53:00Z,41354.462259,41407.711209,41339.364713,41369.362378,3295.685006
2025-01-02T00:54:00Z,41369.362378,41400.486011,41332.587718,41344.343212,4031.390124
2025-01-02T00:55:00Z,41344.343212,41394.643878,41333.277367,41386.419667,3562.406319
2025-01-02T00:56:00Z,41386.419667,41422.647596,41344.136300,41379.643324,3399.884337
2025-01-02T00:57:00Z,41379.643324,41449.111297,41371.629264,41445.748649,2477.467300
2025-01-02T00:58:00Z,41445.748649,41467.735471,41418.567037,41438.098500,2588.751910
2025-01-02T00:59:00Z,41438.098500,41449.285110,41385.674573,41397.977127,2891.670776
2025-01-02T01:00:00Z,41397.977127,41408.544867,41365.377710,41378.937737,1524.285621
2025-01-02T01:01:00Z,41378.937737,41418.864557,41376.718782,41416.554610,2245.716570
2025-01-02T01:02:00Z,41416.554610,41454.378614,41404.555496,41437.443114,2116.842959
2025-01-02T01:03:00Z,41437.443114,41474.505607,41430.429602,41466.249983,2510.518543
2025-01-02T01:04:00Z,41466.249983,41483.494261,41415.397879,41436.682593,3439.599815
2025-01-02T01:05:00Z,41436.682593,41456.148867,41392.976286,41402.995615,3737.778616
2025-01-02T01:06:00Z,41402.995615,41413.855970,41380.139809,41387.322529,3607.298999
2025-01-02T01:07:00Z,41387.322529,41462.144172,41364.380800,41442.511943,4575.003694
2025-01-02T01:08:00Z,41442.511943,41457.653650,41439.786795,41456.031513,2721.272575
2025-01-02T01:09:00Z,41456.031513,41481.609656,41442.386364,41465.925542,4358.033901
2025-01-02T01:10:00Z,41465.925542,41515.519713,41418.850469,41458.263405,5975.820619
2025-01-02T01:11:00Z,41458.263405,41460.492952,41449.441630,41454.005000,1106.561468
2025-01-02T01:12:00Z,41454.005000,41476.575398,41437.508506,41461.532286,1904.939346
2025-01-02T01:13:00Z,41461.532286,41472.890543,41403.641881,41423.072128,3276.130008
2025-01-02T01:14:00Z,41423.072128,41447.495444,41401.544001,41431.865854,6251.123395
2025-01-02T01:15:00Z,41431.865854,41456.553209,41420.911689,41435.375793,1451.382270
2025-01-02T01:16:00Z,41435.375793,41470.484900,41415.754692,41458.120515,6084.844697
2025-01-02T01:17:00Z,41458.120515,41466.551172,41400.010616,41429.367563,2548.948424
2025-01-02T01:18:00Z,41429.367563,41510.134874,41407.509514,41491.077275,3133.442773
2025-01-02T01:19:00Z,41491.077275,41515.577376,41461.871681,41479.345829,1957.461130
2025-01-02T01:20:00Z,41479.345829,41552.255388,41434.821775,41538.593012,3343.803527
2025-01-02T01:21:00Z,41538.593012,41560.148988,41489.279097,41517.748982,5195.093605
2025-01-02T01:22:00Z,41517.748982,41555.727319,41510.464058,41541.948861,2870.398702
2025-01-02T01:23:00Z,41541.948861,41600.538520,41535.774930,41577.489693,4309.390351
2025-01-02T01:24:00Z,41577.489693,41617.912016,41573.797356,41613.145077,4221.764904
2025-01-02T01:25:00Z,41613.145077,41639.836852,41595.722078,41620.370833,3489.300103
2025-01-02T01:26:00Z,41620.370833,41624.907265,41613.663101,41616.010614,2579.937763
2025-01-02T01:27:00Z,41616.010614,41643.511620,41608.609884,41640.388906,2085.537868
2025-01-02T01:28:00Z,41640.388906,41682.961731,41617.481108,41630.661323,3050.740725
2025-01-02T01:29:00Z,41630.661323,41664.019563,41605.937563,41643.261938,4723.606903
2025-01-02T01:30:00Z,41643.261938,41707.756213,41632.316848,41687.386474,2384.133597
2025-01-02T01:31:00Z,41687.386474,41712.933389,41680.764537,41708.995076,3015.961330
2025-01-02T01:32:00Z,41708.995076,41733.498119,41611.131365,41639.937004,2540.605329
2025-01-02T01:33:00Z,41639.937004,41665.524375,41606.462212,41641.122149,2059.762546
2025-01-02T01:34:00Z,41641.122149,41668.529579,41627.763743,41637.943349,2064.820625
2025-01-02T01:35:00Z,41637.943349,41662.775228,41602.791549,41641.958559,7829.048525
2025-01-02T01:36:00Z,41641.958559,41684.933157,41633.638078,41663.252982,5080.908565
2025-01-02T01:37:00Z,41663.252982,41699.086975,41632.295539,41685.445755,2294.913315
2025-01-02T01:38:00Z,41685.445755,41693.986329,41657.640866,41672.325618,1506.579571
2025-01-02T01:39:00Z,41672.325618,41674.468568,41566.429820,41573.215791,1844.108336
2025-01-02T01:40:00Z,41573.215791,41582.825834,41551.694577,41560.707149,4617.555199
2025-01-02T01:41:00Z,41560.707149,41629.673478,41530.210810,41610.937839,4054.526175
2025-01-02T01:42:00Z,41610.937839,41637.485295,41605.837036,41636.048466,2087.875804
2025-01-02T01:43:00Z,41636.048466,41642.034810,41598.152953,41614.855897,5777.907402
2025-01-02T01:44:00Z,41614.855897,41633.112815,41605.048031,41623.503974,8957.645999
2025-01-02T01:45:00Z,41623.503974,41635.283100,41617.678713,41631.364898,3214.580984
2025-01-02T01:46:00Z,41631.364898,41660.116036,41614.353990,41625.937785,3342.702411
2025-01-02T01:47:00Z,41625.937785,41630.708314,41614.093223,41616.362062,3807.428026
2025-01-02T01:48:00Z,41616.362062,41645.413640,41569.047822,41600.703926,1327.555783
2025-01-02T01:49:00Z,41600.703926,41636.355343,41597.487423,41632.388414,2275.554889
2025-01-02T01:50:00Z,41632.388414,41668.134182,41615.295056,41645.735768,1393.227453
2025-01-02T01:51:00Z,41645.735768,41702.657896,41629.548231,41680.486391,3849.891918
2025-01-02T01:52:00Z,41680.486391,41717.631268,41636.199468,41674.593525,2258.891481
2025-01-02T01:53:00Z,41674.593525,41696.305270,41664.174133,41690.223642,3776.893886
2025-01-02T01:54:00Z,41690.223642,41699.076840,41662.416873,41676.011422,2668.065952
2025-01-02T01:55:00Z,41676.011422,41705.230918,41665.442820,41698.673205,3695.228525
2025-01-02T01:56:00Z,41698.673205,41704.361533,41669.561887,41691.267835,4485.827120
2025-01-02T01:57:00Z,41691.267835,41694.069470,41675.170310,41678.527327,2102.195226
2025-01-02T01:58:00Z,41678.527327,41684.397115,41597.750887,41607.243337,1410.616122
2025-01-02T01:59:00Z,41607.243337,41657.613712,41559.879353,41625.546348,2385.552799
2025-01-02T02:00:00Z,41625.546348,41661.813839,41593.715010,41615.305639,1573.104616
2025-01-02T02:01:00Z,41615.305639,41632.188844,41565.208915,41576.160844,1477.401452
2025-01-02T02:02:00Z,41576.160844,41591.324855,41537.575501,41559.463158,5065.821814
2025-01-02T02:03:00Z,41559.463158,41588.733742,41525.881658,41570.937970,5405.588442
2025-01-02T02:04:00Z,41570.937970,41630.832168,41544.879420,41600.403449,2359.880335
2025-01-02T02:05:00Z,41600.403449,41642.529265,41594.224890,41637.156128,3499.179567
2025-01-02T02:06:00Z,41637.156128,41747.899655,41612.146700,41717.388561,3792.065939
2025-01-02T02:07:00Z,41717.388561,41744.601496,41691.126314,41711.550251,4104.330544
2025-01-02T02:08:00Z,41711.550251,41769.678459,41695.825741,41766.318682,2720.691561
2025-01-02T02:09:00Z,41766.318682,41793.371665,41740.114993,41761.261130,3993.504121
2025-01-02T02:10:00Z,41761.261130,41794.201664,41743.104536,41768.970313,5920.467283
2025-01-02T02:11:00Z,41768.970313,41773.681108,41759.318183,41760.506970,4618.894235
2025-01-02T02:12:00Z,41760.506970,41788.424066,41757.734984,41784.583601,5415.845669
2025-01-02T02:13:00Z,41784.583601,41801.677278,41728.397018,41739.294896,1869.403707
2025-01-02T02:14:00Z,41739.294896,41756.142017,41727.517711,41742.222067,2030.470343
2025-01-02T02:15:00Z,41742.222067,41767.467095,41732.304147,41749.903756,4310.736522
2025-01-02T02:16:00Z,41749.903756,41784.499659,41734.925143,41760.133973,2489.298115
2025-01-02T02:17:00Z,41760.133973,41790.648561,41698.383970,41730.782177,3612.796578
2025-01-02T02:18:00Z,41730.782177,41759.765488,41713.040887,41740.263057,2733.472796
2025-01-02T02:19:00Z,41740.263057,41796.750900,41735.724285,41787.553609,2238.518191
2025-01-02T02:20:00Z,41787.553609,41802.283981,41754.574458,41759.544243,3334.293722
2025-01-02T02:21:00Z,41759.544243,41795.848101,41757.416154,41791.952307,4373.895908
2025-01-02T02:22:00Z,41791.952307,41817.437113,41720.277344,41746.092546,2971.490770
2025-01-02T02:23:00Z,41746.092546,41804.740198,41728.285272,41785.741576,2751.297190
2025-01-02T02:24:00Z,41785.741576,41808.525296,41756.007232,41785.812100,3192.855679
2025-01-02T02:25:00Z,41785.812100,41821.459062,41773.099098,41806.115352,4686.988761
2025-01-02T02:26:00Z,41806.115352,41833.065802,41749.928753,41775.509845,2888.682712
2025-01-02T02:27:00Z,41775.509845,41835.528446,41762.027540,41832.407707,2149.506006
2025-01-02T02:28:00Z,41832.407707,41858.125707,41792.311003,41806.346295,1816.120808
2025-01-02T02:29:00Z,41806.346295,41817.363900,41750.089665,41765.909460,3597.043172
2025-01-02T02:30:00Z,41765.909460,41804.958476,41728.867284,41776.953465,2808.754190
2025-01-02T02:31:00Z,41776.953465,41804.279124,41734.845840,41749.632624,4265.898984
2025-01-02T02:32:00Z,41749.632624,41756.493441,41686.283726,41702.235437,4421.096615
2025-01-02T02:33:00Z,41702.235437,41711.853402,41675.726898,41692.654023,2057.020659
2025-01-02T02:34:00Z,41692.654023,41726.291943,41677.386469,41698.900538,2459.613493
2025-01-02T02:35:00Z,41698.900538,41765.176855,41679.027367,41741.788631,5347.224569
2025-01-02T02:36:00Z,41741.788631,41812.515071,41737.987765,41811.370798,2786.474890
2025-01-02T02:37:00Z,41811.370798,41823.133032,41753.295871,41771.532675,2690.603821
2025-01-02T02:38:00Z,41771.532675,41786.200643,41764.362866,41773.545193,2238.190009
2025-01-02T02:39:00Z,41773.545193,41792.764226,41767.409011,41790.315744,2286.736119
2025-01-02T02:40:00Z,41790.315744,41810.603642,41774.193221,41794.433873,7854.326478
2025-01-02T02:41:00Z,41794.433873,41825.224914,41787.180716,41816.435720,2441.493692
2025-01-02T02:42:00Z,41816.435720,41835.775982,41793.834327,41800.499883,4914.671833
2025-01-02T02:43:00Z,41800.499883,41864.116492,41795.205093,41860.628096,3948.864333
2025-01-02T02:44:00Z,41860.628096,41905.983442,41855.329665,41902.398835,4075.246869
2025-01-02T02:45:00Z,41902.398835,41928.155817,41888.523063,41916.317446,1052.439170
2025-01-02T02:46:00Z,41916.317446,41958.877864,41828.429274,41876.185766,5920.904735
2025-01-02T02:47:00Z,41876.185766,41879.713059,41864.553805,41867.917594,2042.967733
2025-01-02T02:48:00Z,41867.917594,41934.415180,41834.704356,41906.170336,3994.687735
2025-01-02T02:49:00Z,41906.170336,41961.491495,41872.898640,41943.751780,4759.083059
2025-01-02T02:50:00Z,41943.751780,41988.517969,41925.149616,41964.855399,2006.456350
2025-01-02T02:51:00Z,41964.855399,42012.815894,41912.688228,41954.643936,3465.937675
2025-01-02T02:52:00Z,41954.643936,42000.445109,41951.528238,41994.471569,3116.166583
2025-01-02T02:53:00Z,41994.471569,42010.160827,41954.183760,41959.616342,3680.422332
2025-01-02T02:54:00Z,41959.616342,42006.248797,41856.425014,41897.958718,4702.967459
2025-01-02T02:55:00Z,41897.958718,41957.362542,41892.711684,41951.321705,1976.282180
2025-01-02T02:56:00Z,41951.321705,41977.050856,41904.149878,41916.121431,2769.257836
2025-01-02T02:57:00Z,41916.121431,41954.644153,41884.314112,41932.485669,2069.942572
2025-01-02T02:58:00Z,41932.485669,41965.932774,41928.709703,41958.544942,4563.508548
2025-01-02T02:59:00Z,41958.544942,41988.443767,41940.053989,41980.014210,6192.348914
2025-01-02T03:00:00Z,41980.014210,42027.141340,41942.038458,41983.807464,2298.895837
2025-01-02T03:01:00Z,41983.807464,42020.961093,41976.633902,41996.593688,4193.747116
2025-01-02T03:02:00Z,41996.593688,42041.060594,41968.373470,42031.869664,4533.269740
2025-01-02T03:03:00Z,42031.869664,42120.421964,42003.814174,42093.806074,1406.123453
2025-01-02T03:04:00Z,42093.806074,42112.459132,42036.336941,42063.342474,4912.161582
2025-01-02T03:05:00Z,42063.342474,42078.068259,41998.863208,42009.838945,2130.205769
2025-01-02T03:06:00Z,42009.838945,42066.600720,41979.406254,42029.963276,3300.372465
2025-01-02T03:07:00Z,42029.963276,42103.798876,42001.598500,42061.664511,3972.682975
2025-01-02T03:08:00Z,42061.664511,42106.986011,42032.766295,42081.338791,2986.018963
2025-01-02T03:09:00Z,42081.338791,42111.167199,42053.791073,42075.334105,4396.089968
2025-01-02T03:10:00Z,42075.334105,42089.488541,42051.038970,42063.703942,2464.890007
2025-01-02T03:11:00Z,42063.703942,42145.796668,42040.128650,42120.637857,6971.385882
2025-01-02T03:12:00Z,42120.637857,42150.104983,42086.265900,42112.839410,2564.683741
2025-01-02T03:13:00Z,42112.839410,42126.337710,42046.683713,42096.628751,2379.961192
2025-01-02T03:14:00Z,42096.628751,42121.374084,42061.338760,42093.529316,1818.391832
2025-01-02T03:15:00Z,42093.529316,42110.803965,42026.000819,42032.901590,7237.546103
2025-01-02T03:16:00Z,42032.901590,42041.095003,42000.193096,42033.341280,1318.437894
2025-01-02T03:17:00Z,42033.341280,42079.691362,42016.984417,42057.145083,4766.761546
2025-01-02T03:18:00Z,42057.145083,42137.497437,42035.210052,42124.069796,967.020131
2025-01-02T03:19:00Z,42124.069796,42201.476514,42114.859689,42187.598725,2846.700026
2025-01-02T03:20:00Z,42187.598725,42209.407512,42174.912955,42187.066672,2253.402098
2025-01-02T03:21:00Z,42187.066672,42230.959982,42155.420269,42194.434963,1647.493784
2025-01-02T03:22:00Z,42194.434963,42202.893187,42176.980114,42181.616146,3200.131396
2025-01-02T03:23:00Z,42181.616146,42233.241636,42174.788876,42202.707532,3824.675247
2025-01-02T03:24:00Z,42202.707532,42238.343407,42192.106801,42202.529510,1664.828866
2025-01-02T03:25:00Z,42202.529510,42283.619591,42191.805779,42242.833047,2576.925100
2025-01-02T03:26:00Z,42242.833047,42277.461679,42237.542707,42270.116565,2847.574967
2025-01-02T03:27:00Z,42270.116565,42287.048718,42195.287356,42201.847027,1542.263371
2025-01-02T03:28:00Z,42201.847027,42245.240867,42175.958699,42210.192068,5015.592031
2025-01-02T03:29:00Z,42210.192068,42239.733450,42145.831180,42179.474610,4851.580800
2025-01-02T03:30:00Z,42179.474610,42230.221725,42171.146956,42217.697789,1826.936279
2025-01-02T03:31:00Z,42217.697789,42253.550850,42201.502224,42233.726108,3387.823715
2025-01-02T03:32:00Z,42233.726108,42295.370397,42209.128226,42283.044262,3244.248535
2025-01-02T03:33:00Z,42283.044262,42313.667470,42268.685455,42294.528709,2267.685098
2025-01-02T03:34:00Z,42294.528709,42301.897433,42279.461244,42286.074704,2726.144307
2025-01-02T03:35:00Z,42286.074704,42319.868927,42282.404667,42316.100994,6347.908329
2025-01-02T03:36:00Z,42316.100994,42355.155820,42294.166302,42336.318455,1841.192855
2025-01-02T03:37:00Z,42336.318455,42384.225345,42300.172317,42345.837245,2381.910288
2025-01-02T03:38:00Z,42345.837245,42378.607305,42334.732932,42370.230935,5175.040810
2025-01-02T03:39:00Z,42370.230935,42392.298458,42360.999939,42387.925544,3515.873650
2025-01-02T03:40:00Z,42387.925544,42427.551866,42364.463285,42398.153319,2706.631489
2025-01-02T03:41:00Z,42398.153319,42406.212794,42348.516768,42368.681008,2617.456076
2025-01-02T03:42:00Z,42368.681008,42441.313417,42346.675444,42411.997783,2488.358841
2025-01-02T03:43:00Z,42411.997783,42440.661443,42356.860864,42370.204402,2158.364666
2025-01-02T03:44:00Z,42370.204402,42378.371794,42348.471215,42351.971998,2769.891785
2025-01-02T03:45:00Z,42351.971998,42408.711903,42323.106752,42367.061922,4236.345396
2025-01-02T03:46:00Z,42367.061922,42385.465706,42364.554685,42377.950998,4513.467410
2025-01-02T03:47:00Z,42377.950998,42404.135781,42366.987301,42380.909746,4633.709864
2025-01-02T03:48:00Z,42380.909746,42406.459220,42372.595229,42383.844150,4786.268397
2025-01-02T03:49:00Z,42383.844150,42395.941863,42357.885165,42375.514124,687.868893
2025-01-02T03:50:00Z,42375.514124,42392.424731,42334.928776,42344.575193,1485.370168
2025-01-02T03:51:00Z,42344.575193,42388.343350,42343.124637,42384.143084,2913.886298
2025-01-02T03:52:00Z,42384.143084,42405.798728,42362.999831,42399.105802,3474.630436
2025-01-02T03:53:00Z,42399.105802,42414.776571,42376.204653,42382.446912,4055.044676
2025-01-02T03:54:00Z,42382.446912,42442.331721,42369.872762,42418.476819,3062.908665
2025-01-02T03:55:00Z,42418.476819,42456.524651,42385.729074,42440.282946,2628.017835
2025-01-02T03:56:00Z,42440.282946,42473.278882,42378.273845,42401.549495,3090.200940
2025-01-02T03:57:00Z,42401.549495,42413.865873,42341.516243,42347.849623,1637.303253
2025-01-02T03:58:00Z,42347.849623,42377.921958,42286.391582,42319.050557,5494.935263
2025-01-02T03:59:00Z,42319.050557,42345.964529,42312.559867,42344.058911,1968.209542
2025-01-02T04:00:00Z,42344.058911,42373.675227,42339.336481,42356.205538,3618.691059
2025-01-02T04:01:00Z,42356.205538,42370.216569,42319.014554,42344.243834,893.820162
2025-01-02T04:02:00Z,42344.243834,42385.996191,42311.122350,42340.487036,2262.639911
2025-01-02T04:03:00Z,42340.487036,42383.866161,42295.912526,42336.589371,4765.829705
2025-01-02T04:04:00Z,42336.589371,42361.040686,42294.925344,42315.596054,6877.980756
2025-01-02T04:05:00Z,42315.596054,42365.511179,42303.897416,42328.828344,3288.757848
2025-01-02T04:06:00Z,42328.828344,42400.137997,42301.565249,42382.556019,3873.736826
2025-01-02T04:07:00Z,42382.556019,42440.522910,42366.474246,42418.498720,2666.966142
2025-01-02T04:08:00Z,42418.498720,42452.654102,42277.769290,42300.801392,2567.932098
2025-01-02T04:09:00Z,42300.801392,42330.589983,42217.018154,42246.429782,1540.117379
2025-01-02T04:10:00Z,42246.429782,42284.484209,42213.351856,42247.284969,2128.650779
2025-01-02T04:11:00Z,42247.284969,42300.435402,42215.364387,42278.306958,2045.314109
2025-01-02T04:12:00Z,42278.306958,42288.563864,42240.368450,42247.007154,1303.040619
2025-01-02T04:13:00Z,42247.007154,42294.308141,42223.576121,42269.111874,1886.930480
2025-01-02T04:14:00Z,42269.111874,42286.647690,42229.045647,42257.863051,3490.046809
2025-01-02T04:15:00Z,42257.863051,42267.513411,42251.417212,42259.811706,2382.315529
2025-01-02T04:16:00Z,42259.811706,42266.119926,42242.420900,42256.580242,1665.599185
2025-01-02T04:17:00Z,42256.580242,42260.272050,42212.587645,42217.140755,1543.723530
2025-01-02T04:18:00Z,42217.140755,42231.722575,42170.058886,42185.339818,3075.065346
2025-01-02T04:19:00Z,42185.339818,42262.151273,42181.933128,42255.882163,3073.670404
2025-01-02T04:20:00Z,42255.882163,42264.292341,42233.475376,42241.175381,3009.292432
2025-01-02T04:21:00Z,42241.175381,42253.606032,42203.573499,42220.942146,3043.247569
2025-01-02T04:22:00Z,42220.942146,42232.212487,42205.838578,42209.277972,4690.359790
2025-01-02T04:23:00Z,42209.277972,42215.011276,42141.970448,42148.534360,4121.453051
2025-01-02T04:24:00Z,42148.534360,42153.104377,42101.453191,42104.271642,6026.087422
2025-01-02T04:25:00Z,42104.271642,42118.075819,42043.956877,42059.242928,4707.574645
2025-01-02T04:26:00Z,42059.242928,42068.093616,41997.863545,42008.552903,3249.851287
2025-01-02T04:27:00Z,42008.552903,42039.369390,41990.714612,42023.466590,1513.654516
2025-01-02T04:28:00Z,42023.466590,42044.677552,41934.470532,41945.627443,2945.645883
2025-01-02T04:29:00Z,41945.627443,41956.338905,41935.888472,41949.291773,3160.080158
2025-01-02T04:30:00Z,41949.291773,41971.827732,41933.249296,41951.695075,5856.514263
2025-01-02T04:31:00Z,41951.695075,41973.341680,41914.177670,41924.264266,3460.571829
2025-01-02T04:32:00Z,41924.264266,41958.352978,41909.778764,41945.193825,4630.998178
2025-01-02T04:33:00Z,41945.193825,41982.212052,41913.293325,41968.190976,2944.697767
2025-01-02T04:34:00Z,41968.190976,41993.803002,41940.547720,41984.967088,1555.635273
2025-01-02T04:35:00Z,41984.967088,41989.238106,41939.308098,41942.371837,2108.782759
2025-01-02T04:36:00Z,41942.371837,42033.335421,41936.459345,42016.742885,2800.583505
2025-01-02T04:37:00Z,42016.742885,42059.722083,42009.925831,42046.554826,3445.600550
2025-01-02T04:38:00Z,42046.554826,42066.374155,42011.953624,42023.797453,4630.813705
2025-01-02T04:39:00Z,42023.797453,42034.598901,42008.337964,42017.422690,4283.449571
2025-01-02T04:40:00Z,42017.422690,42029.325212,42014.879145,42023.492306,3097.276732
2025-01-02T04:41:00Z,42023.492306,42026.570576,41938.574456,41947.759739,3540.011624
2025-01-02T04:42:00Z,41947.759739,41949.436642,41919.680124,41925.580306,3983.148421
2025-01-02T04:43:00Z,41925.580306,41959.517228,41894.086241,41941.454146,2191.199223
2025-01-02T04:44:00Z,41941.454146,41953.228222,41889.154725,41905.925659,2756.644909
2025-01-02T04:45:00Z,41905.925659,41925.863116,41880.594512,41915.546131,2553.209542
2025-01-02T04:46:00Z,41915.546131,41963.507082,41902.731528,41953.206902,2113.584556
2025-01-02T04:47:00Z,41953.206902,42002.619580,41932.797208,41986.744147,3852.840644
2025-01-02T04:48:00Z,41986.744147,42000.761694,41982.349360,41998.467920,5921.530639
2025-01-02T04:49:00Z,41998.467920,42038.815667,41950.202978,41993.040940,7489.603989
2025-01-02T04:50:00Z,41993.040940,42052.334175,41984.654171,42017.533502,2205.912075
2025-01-02T04:51:00Z,42017.533502,42022.684513,41926.464877,41945.017895,4951.577322
2025-01-02T04:52:00Z,41945.017895,41949.544920,41928.664662,41934.540123,2384.368198
2025-01-02T04:53:00Z,41934.540123,41951.512436,41890.149278,41910.681472,1489.559729
2025-01-02T04:54:00Z,41910.681472,41944.617219,41878.832468,41925.620754,2840.817616
2025-01-02T04:55:00Z,41925.620754,41929.627896,41894.265891,41898.916447,3673.793142
2025-01-02T04:56:00Z,41898.916447,41921.189562,41840.298393,41871.145578,1244.170296
2025-01-02T04:57:00Z,41871.145578,41882.480888,41828.389315,41837.776400,2807.260682
2025-01-02T04:58:00Z,41837.776400,41840.921265,41832.720372,41837.299604,3364.232786
2025-01-02T04:59:00Z,41837.299604,41903.132107,41825.182097,41888.882731,1498.072172
2025-01-02T05:00:00Z,41888.882731,41893.784828,41870.386606,41883.711888,6891.068190
2025-01-02T05:01:00Z,41883.711888,41890.340711,41847.171699,41852.657090,2286.854915
2025-01-02T05:02:00Z,41852.657090,41866.932706,41833.909257,41840.909539,1893.228544
2025-01-02T05:03:00Z,41840.909539,41874.662052,41836.220245,41860.158248,1383.277546
2025-01-02T05:04:00Z,41860.158248,41935.316385,41819.864704,41895.118476,2699.548495
2025-01-02T05:05:00Z,41895.118476,41948.463505,41875.206410,41932.574716,4730.463989
2025-01-02T05:06:00Z,41932.574716,41947.293633,41881.798671,41898.202600,1947.990322
2025-01-02T05:07:00Z,41898.202600,41909.773138,41824.873791,41838.919591,1995.905933
2025-01-02T05:08:00Z,41838.919591,41850.122417,41813.265580,41827.818389,1945.381895
2025-01-02T05:09:00Z,41827.818389,41855.650579,41817.317283,41847.849221,6785.448675
2025-01-02T05:10:00Z,41847.849221,41851.746748,41831.058319,41837.189349,2767.646330
2025-01-02T05:11:00Z,41837.189349,41840.258876,41813.047193,41820.693413,2678.398151
2025-01-02T05:12:00Z,41820.693413,41851.377239,41796.487347,41829.121794,2869.052674
2025-01-02T05:13:00Z,41829.121794,41834.212417,41791.602784,41796.380418,2287.041575
2025-01-02T05:14:00Z,41796.380418,41800.213860,41778.750817,41783.382321,2680.943121
2025-01-02T05:15:00Z,41783.382321,41830.275035,41760.215425,41772.624586,2826.411175
2025-01-02T05:16:00Z,41772.624586,41785.002904,41742.051056,41762.985853,1983.329695
2025-01-02T05:17:00Z,41762.985853,41768.462072,41718.835497,41722.486403,2470.869985
2025-01-02T05:18:00Z,41722.486403,41772.423919,41694.032720,41763.454785,3780.162297
2025-01-02T05:19:00Z,41763.454785,41802.893126,41755.451659,41778.626720,3741.746140
2025-01-02T05:20:00Z,41778.626720,41785.656922,41760.304324,41777.615185,2829.897751
2025-01-02T05:21:00Z,41777.615185,41800.846996,41758.544934,41780.631188,7437.088624
2025-01-02T05:22:00Z,41780.631188,41791.225175,41771.013303,41788.714411,3561.842385
2025-01-02T05:23:00Z,41788.714411,41798.400264,41742.711750,41752.367890,4847.240230
2025-01-02T05:24:00Z,41752.367890,41788.825575,41743.672967,41780.882376,2051.069299
2025-01-02T05:25:00Z,41780.882376,41795.557318,41735.327774,41765.100001,2363.901061
2025-01-02T05:26:00Z,41765.100001,41798.363709,41704.643615,41748.373990,3539.693065
2025-01-02T05:27:00Z,41748.373990,41761.694019,41740.389844,41760.269404,1543.266034
2025-01-02T05:28:00Z,41760.269404,41791.105761,41745.324422,41781.525728,5056.513689
2025-01-02T05:29:00Z,41781.525728,41787.376391,41773.745521,41782.157475,1806.799562
2025-01-02T05:30:00Z,41782.157475,41798.033873,41747.381349,41771.703534,3614.894488
2025-01-02T05:31:00Z,41771.703534,41790.262800,41718.958072,41748.991185,4575.324718
2025-01-02T05:32:00Z,41748.991185,41761.797860,41693.171565,41710.939738,6010.049431
2025-01-02T05:33:00Z,41710.939738,41735.587862,41647.634096,41661.742090,3011.281356
2025-01-02T05:34:00Z,41661.742090,41684.803403,41598.783817,41623.259124,2369.814364
2025-01-02T05:35:00Z,41623.259124,41628.354881,41607.208160,41608.135007,2174.760004
2025-01-02T05:36:00Z,41608.135007,41618.145906,41500.748660,41521.934875,1986.736925
2025-01-02T05:37:00Z,41521.934875,41569.831906,41509.964269,41552.624309,1429.227561
2025-01-02T05:38:00Z,41552.624309,41615.152396,41513.218316,41598.187344,1143.952824
2025-01-02T05:39:00Z,41598.187344,41643.369241,41574.981489,41607.042564,3243.020147
2025-01-02T05:40:00Z,41607.042564,41700.158753,41591.416239,41683.832309,3611.727928
2025-01-02T05:41:00Z,41683.832309,41740.948302,41662.993066,41732.461889,4374.293069
2025-01-02T05:42:00Z,41732.461889,41761.864407,41723.525403,41735.960576,3248.087262
2025-01-02T05:43:00Z,41735.960576,41779.384103,41719.833763,41750.373594,5863.330976
2025-01-02T05:44:00Z,41750.373594,41780.372382,41700.027154,41716.338274,3697.581217
2025-01-02T05:45:00Z,41716.338274,41751.549524,41712.553550,41746.431083,6445.090626
2025-01-02T05:46:00Z,41746.431083,41833.132408,41723.988335,41801.112678,3159.151524
2025-01-02T05:47:00Z,41801.112678,41849.686511,41786.720691,41828.702035,1229.171600
2025-01-02T05:48:00Z,41828.702035,41898.164805,41820.951255,41870.084489,8173.013019
2025-01-02T05:49:00Z,41870.084489,41877.530079,41858.319264,41872.758129,5471.571822
2025-01-02T05:50:00Z,41872.758129,41896.088342,41786.565685,41804.477380,2176.543066
2025-01-02T05:51:00Z,41804.477380,41814.881958,41747.964045,41756.743734,1546.712910
2025-01-02T05:52:00Z,41756.743734,41762.445830,41746.410234,41753.840438,3650.790543
2025-01-02T05:53:00Z,41753.840438,41778.786120,41734.281333,41772.275851,3178.766163
2025-01-02T05:54:00Z,41772.275851,41793.163320,41759.322084,41765.111228,2025.011048
2025-01-02T05:55:00Z,41765.111228,41784.506136,41720.628180,41745.774635,10144.710917
2025-01-02T05:56:00Z,41745.774635,41773.562149,41723.708019,41765.297662,3329.992676
2025-01-02T05:57:00Z,41765.297662,41776.241759,41739.539661,41750.183043,4647.559030
2025-01-02T05:58:00Z,41750.183043,41797.976464,41742.800035,41793.214027,2658.094621
2025-01-02T05:59:00Z,41793.214027,41841.555415,41787.487228,41833.811203,4838.227628
2025-01-02T06:00:00Z,41833.811203,41839.113548,41759.516530,41769.518349,1892.698924
2025-01-02T06:01:00Z,41769.518349,41806.213026,41738.097232,41772.392743,2613.608919
2025-01-02T06:02:00Z,41772.392743,41784.287617,41724.484577,41731.806522,1579.935264
2025-01-02T06:03:00Z,41731.806522,41752.974519,41678.648911,41717.173727,1560.146223
2025-01-02T06:04:00Z,41717.173727,41740.067369,41652.716607,41692.294319,4275.063587
2025-01-02T06:05:00Z,41692.294319,41702.022148,41685.888551,41689.189610,1918.810578
2025-01-02T06:06:00Z,41689.189610,41731.060815,41681.361894,41708.106360,5000.963907
2025-01-02T06:07:00Z,41708.106360,41768.718218,41696.458068,41728.908152,1974.789888
2025-01-02T06:08:00Z,41728.908152,41759.149110,41710.055189,41744.955023,3705.884752
2025-01-02T06:09:00Z,41744.955023,41755.551177,41722.564238,41727.556772,3453.984376
2025-01-02T06:10:00Z,41727.556772,41759.073635,41681.707659,41694.326652,3158.562350
2025-01-02T06:11:00Z,41694.326652,41723.239817,41690.926387,41717.247711,4491.738481
2025-01-02T06:12:00Z,41717.247711,41760.926806,41707.820327,41755.813272,1358.612158
2025-01-02T06:13:00Z,41755.813272,41799.948404,41742.007442,41778.890617,2619.688809
2025-01-02T06:14:00Z,41778.890617,41830.313103,41752.981691,41807.079635,1843.813134
2025-01-02T06:15:00Z,41807.079635,41811.796254,41799.217406,41801.415057,6867.745785
2025-01-02T06:16:00Z,41801.415057,41816.272058,41796.827137,41812.197155,4362.581751
2025-01-02T06:17:00Z,41812.197155,41867.020898,41793.332250,41835.805303,3941.597916
2025-01-02T06:18:00Z,41835.805303,41918.393111,41798.273182,41874.880681,4336.671311
2025-01-02T06:19:00Z,41874.880681,41896.074243,41863.799864,41876.756730,4366.395771
2025-01-02T06:20:00Z,41876.756730,41880.253009,41852.889332,41858.109064,1828.139326
2025-01-02T06:21:00Z,41858.109064,41861.862718,41790.751807,41803.750791,3363.364570
2025-01-02T06:22:00Z,41803.750791,41814.937434,41727.213342,41739.168709,6135.526404
2025-01-02T06:23:00Z,41739.168709,41830.718895,41720.368178,41795.359611,4031.234476
2025-01-02T06:24:00Z,41795.359611,41799.463262,41775.681139,41779.060922,2587.440236
2025-01-02T06:25:00Z,41779.060922,41799.842840,41745.132835,41756.112259,1229.482475
2025-01-02T06:26:00Z,41756.112259,41776.926290,41719.834447,41756.297080,2506.506625
2025-01-02T06:27:00Z,41756.297080,41778.731656,41738.582680,41765.268947,4266.020149
2025-01-02T06:28:00Z,41765.268947,41801.585057,41754.948643,41785.943537,5369.554631
2025-01-02T06:29:00Z,41785.943537,41844.968014,41762.796782,41837.559434,3130.851321
2025-01-02T06:30:00Z,41837.559434,41884.594250,41769.968256,41808.903585,2284.625374
2025-01-02T06:31:00Z,41808.903585,41815.386126,41796.505376,41799.925349,2015.818904
2025-01-02T06:32:00Z,41799.925349,41828.939110,41770.611458,41804.274539,2523.963408
2025-01-02T06:33:00Z,41804.274539,41846.068961,41781.204961,41834.496765,3015.064595
2025-01-02T06:34:00Z,41834.496765,41857.732327,41826.795804,41843.091843,2867.324765
2025-01-02T06:35:00Z,41843.091843,41853.171906,41796.371771,41817.565599,2758.806772
2025-01-02T06:36:00Z,41817.565599,41859.450761,41816.543704,41854.658819,2685.908453
2025-01-02T06:37:00Z,41854.658819,41913.334325,41823.337649,41880.153412,2161.736317
2025-01-02T06:38:00Z,41880.153412,41893.107480,41828.498922,41841.116305,3382.134298
2025-01-02T06:39:00Z,41841.116305,41847.905133,41832.797300,41836.869138,2392.813909
2025-01-02T06:40:00Z,41836.869138,41856.237686,41780.055451,41796.522845,2173.037217
2025-01-02T06:41:00Z,41796.522845,41827.459570,41736.657820,41765.721013,3430.823176
2025-01-02T06:42:00Z,41765.721013,41827.591120,41759.117943,41820.718153,2911.031600
2025-01-02T06:43:00Z,41820.718153,41857.292272,41772.355133,41782.079279,3939.626377
2025-01-02T06:44:00Z,41782.079279,41784.724465,41732.046370,41735.397453,3656.518764
2025-01-02T06:45:00Z,41735.397453,41743.788725,41723.018308,41736.475574,4857.847116
2025-01-02T06:46:00Z,41736.475574,41817.118905,41697.128490,41793.484282,6839.626494
2025-01-02T06:47:00Z,41793.484282,41796.049033,41770.928091,41772.820205,1467.132636
2025-01-02T06:48:00Z,41772.820205,41787.478164,41739.536202,41753.582343,7371.572785
2025-01-02T06:49:00Z,41753.582343,41776.922633,41719.329236,41727.514868,3536.357168
2025-01-02T06:50:00Z,41727.514868,41776.922671,41699.632315,41741.368803,4264.007856
2025-01-02T06:51:00Z,41741.368803,41759.671558,41645.249441,41693.861017,7936.825117
2025-01-02T06:52:00Z,41693.861017,41741.735650,41666.425416,41706.417776,5462.119546
2025-01-02T06:53:00Z,41706.417776,41750.189682,41661.274440,41734.910492,4738.224439
2025-01-02T06:54:00Z,41734.910492,41742.826006,41689.624890,41695.192921,2829.085135
2025-01-02T06:55:00Z,41695.192921,41724.783929,41635.134157,41651.595381,1670.037957
2025-01-02T06:56:00Z,41651.595381,41655.050236,41563.454062,41570.963291,2084.112366
2025-01-02T06:57:00Z,41570.963291,41575.676854,41530.645397,41536.465287,1925.345846
2025-01-02T06:58:00Z,41536.465287,41572.117798,41515.596582,41561.565491,3676.960765
2025-01-02T06:59:00Z,41561.565491,41575.964847,41530.347116,41536.864381,2182.836359
2025-01-02T07:00:00Z,41536.864381,41569.691361,41476.889180,41509.194929,2766.939121
2025-01-02T07:01:00Z,41509.194929,41541.517501,41458.843915,41491.594175,2200.013754
2025-01-02T07:02:00Z,41491.594175,41508.535206,41468.338228,41474.874516,2695.801183
2025-01-02T07:03:00Z,41474.874516,41480.155954,41453.378311,41457.649116,7591.718126
2025-01-02T07:04:00Z,41457.649116,41477.197345,41451.500449,41472.208824,2036.943042
2025-01-02T07:05:00Z,41472.208824,41499.436725,41456.899223,41482.288802,2848.521801
2025-01-02T07:06:00Z,41482.288802,41532.596867,41478.171178,41530.311863,1908.784106
2025-01-02T07:07:00Z,41530.311863,41536.571193,41480.119353,41486.473557,2316.368323
2025-01-02T07:08:00Z,41486.473557,41495.262955,41415.504163,41438.599082,3173.725133
2025-01-02T07:09:00Z,41438.599082,41457.023515,41434.863632,41455.852944,2614.658303
2025-01-02T07:10:00Z,41455.852944,41495.674044,41451.402748,41492.156691,6240.750193
2025-01-02T07:11:00Z,41492.156691,41518.710629,41465.402380,41500.355987,6080.384465
2025-01-02T07:12:00Z,41500.355987,41540.238979,41476.948139,41527.997067,2642.088435
2025-01-02T07:13:00Z,41527.997067,41535.497188,41479.416943,41486.533624,3023.682732
2025-01-02T07:14:00Z,41486.533624,41495.208876,41446.841648,41458.309341,1251.718490
2025-01-02T07:15:00Z,41458.309341,41498.867219,41435.076485,41459.896660,2024.776786
2025-01-02T07:16:00Z,41459.896660,41517.024036,41433.529425,41484.473408,2170.697466
2025-01-02T07:17:00Z,41484.473408,41498.997963,41434.843201,41455.915339,2213.814390
2025-01-02T07:18:00Z,41455.915339,41477.254353,41451.660368,41473.407713,3317.520145
2025-01-02T07:19:00Z,41473.407713,41506.281524,41440.246605,41455.828071,6709.467658
2025-01-02T07:20:00Z,41455.828071,41491.708420,41446.796715,41475.663192,3143.216923
2025-01-02T07:21:00Z,41475.663192,41536.366191,41469.845293,41518.684984,3984.294537
2025-01-02T07:22:00Z,41518.684984,41529.623573,41499.860304,41516.221737,3166.984019
2025-01-02T07:23:00Z,41516.221737,41565.154141,41502.713356,41550.261241,2114.594704
2025-01-02T07:24:00Z,41550.261241,41600.687438,41521.747975,41571.543398,3710.294753
2025-01-02T07:25:00Z,41571.543398,41653.281923,41561.204963,41634.189720,4585.633469
2025-01-02T07:26:00Z,41634.189720,41658.107706,41584.173987,41624.921967,3903.842740
2025-01-02T07:27:00Z,41624.921967,41630.491055,41603.959468,41610.120296,3327.629731
2025-01-02T07:28:00Z,41610.120296,41639.954796,41552.797371,41586.356629,2514.262601
2025-01-02T07:29:00Z,41586.356629,41631.552757,41547.257737,41610.044635,2455.226579
2025-01-02T07:30:00Z,41610.044635,41626.556994,41601.688826,41618.927865,2800.025347
2025-01-02T07:31:00Z,41618.927865,41650.843534,41610.248901,41637.056345,1506.585044
2025-01-02T07:32:00Z,41637.056345,41653.131022,41586.668840,41610.956027,2603.293391
2025-01-02T07:33:00Z,41610.956027,41623.915931,41526.852169,41549.993016,3813.055518
2025-01-02T07:34:00Z,41549.993016,41551.243417,41543.449304,41545.262751,2768.090262
2025-01-02T07:35:00Z,41545.262751,41552.827490,41516.246690,41524.239908,5517.952226
2025-01-02T07:36:00Z,41524.239908,41596.918346,41481.234590,41551.810194,2324.471290
2025-01-02T07:37:00Z,41551.810194,41581.297385,41513.352370,41570.877751,2304.584436
2025-01-02T07:38:00Z,41570.877751,41626.592991,41558.142743,41599.153790,3578.514370
2025-01-02T07:39:00Z,41599.153790,41616.765886,41576.415003,41609.778934,3695.817652
2025-01-02T07:40:00Z,41609.778934,41637.907755,41583.691929,41613.171357,1163.208703
2025-01-02T07:41:00Z,41613.171357,41666.912092,41582.793656,41644.670936,4372.992252
2025-01-02T07:42:00Z,41644.670936,41650.525265,41617.173892,41623.437460,5744.102224
2025-01-02T07:43:00Z,41623.437460,41694.563044,41588.929801,41662.851641,3968.054210
2025-01-02T07:44:00Z,41662.851641,41679.697461,41654.196453,41669.127954,3549.121196
2025-01-02T07:45:00Z,41669.127954,41688.282370,41664.543398,41684.865957,6718.434439
2025-01-02T07:46:00Z,41684.865957,41719.777028,41634.714021,41653.317455,2215.325140
2025-01-02T07:47:00Z,41653.317455,41679.020181,41628.175484,41637.836797,3210.371104
2025-01-02T07:48:00Z,41637.836797,41663.975618,41545.778479,41581.683015,7510.318575
2025-01-02T07:49:00Z,41581.683015,41600.354656,41570.657008,41595.127847,4170.705689
2025-01-02T07:50:00Z,41595.127847,41630.049872,41571.024793,41587.305121,2430.892277
2025-01-02T07:51:00Z,41587.305121,41612.154422,41583.891006,41607.645701,2492.938182
2025-01-02T07:52:00Z,41607.645701,41612.260594,41601.267289,41603.829667,8303.590373
2025-01-02T07:53:00Z,41603.829667,41606.733944,41566.115354,41567.945551,2959.053500
2025-01-02T07:54:00Z,41567.945551,41577.802328,41527.692000,41539.717367,1657.289630
2025-01-02T07:55:00Z,41539.717367,41554.030817,41489.907993,41509.815090,2190.988744
2025-01-02T07:56:00Z,41509.815090,41512.938888,41460.137265,41463.045727,1206.560363
2025-01-02T07:57:00Z,41463.045727,41469.401003,41456.551992,41466.024654,3516.548516
2025-01-02T07:58:00Z,41466.024654,41473.427594,41454.756883,41463.313976,1922.664480
2025-01-02T07:59:00Z,41463.313976,41483.521331,41446.981435,41465.192690,4037.556678
2025-01-02T08:00:00Z,41465.192690,41470.576814,41418.480726,41425.374885,1965.393805
2025-01-02T08:01:00Z,41425.374885,41442.009238,41382.535533,41402.070834,3152.320265
2025-01-02T08:02:00Z,41402.070834,41439.084283,41394.052227,41426.199559,3369.484959
2025-01-02T08:03:00Z,41426.199559,41431.187901,41398.625178,41401.603963,3179.509316
2025-01-02T08:04:00Z,41401.603963,41432.315093,41358.141332,41378.706394,1345.374492
2025-01-02T08:05:00Z,41378.706394,41387.069306,41352.634148,41358.931545,3056.145647
2025-01-02T08:06:00Z,41358.931545,41435.607926,41350.708195,41426.892911,2831.448133
2025-01-02T08:07:00Z,41426.892911,41476.338587,41397.340802,41455.707564,3690.141257
2025-01-02T08:08:00Z,41455.707564,41499.279637,41450.942298,41486.688443,2915.374852
2025-01-02T08:09:00Z,41486.688443,41523.142975,41421.313741,41460.851764,5250.115125
2025-01-02T08:10:00Z,41460.851764,41510.385092,41453.089816,41502.977965,2102.141877
2025-01-02T08:11:00Z,41502.977965,41631.172471,41490.604484,41600.047386,3505.474355
2025-01-02T08:12:00Z,41600.047386,41637.462382,41563.172306,41581.011616,2994.666612
2025-01-02T08:13:00Z,41581.011616,41619.669894,41534.515842,41586.208593,2218.916197
2025-01-02T08:14:00Z,41586.208593,41652.780246,41542.363817,41628.203782,1857.418643
2025-01-02T08:15:00Z,41628.203782,41660.397938,41591.103811,41608.592487,2808.890036
2025-01-02T08:16:00Z,41608.592487,41612.380588,41511.198767,41522.512444,6088.422539
2025-01-02T08:17:00Z,41522.512444,41535.836662,41479.790176,41503.552112,4994.769425
2025-01-02T08:18:00Z,41503.552112,41545.392414,41467.797731,41517.172257,2083.578800
2025-01-02T08:19:00Z,41517.172257,41550.338394,41470.354062,41505.151751,3146.152443
2025-01-02T08:20:00Z,41505.151751,41512.487105,41494.488850,41502.687080,4231.113651
2025-01-02T08:21:00Z,41502.687080,41505.791204,41496.322486,41500.190650,5380.323475
2025-01-02T08:22:00Z,41500.190650,41513.761450,41493.645737,41506.309790,2940.610528
2025-01-02T08:23:00Z,41506.309790,41555.907610,41496.899448,41544.225864,1779.967825
2025-01-02T08:24:00Z,41544.225864,41553.262219,41533.639423,41536.869920,13094.493629
2025-01-02T08:25:00Z,41536.869920,41568.799080,41522.291142,41551.178177,4913.537472
2025-01-02T08:26:00Z,41551.178177,41554.781548,41477.608889,41481.530691,5163.461353
2025-01-02T08:27:00Z,41481.530691,41496.937786,41449.791267,41472.738178,5105.355713
2025-01-02T08:28:00Z,41472.738178,41479.686333,41466.316296,41470.931877,2265.969010
2025-01-02T08:29:00Z,41470.931877,41535.651251,41455.019251,41515.045649,4016.323508
2025-01-02T08:30:00Z,41515.045649,41553.692295,41510.252926,41547.698350,2123.801401
2025-01-02T08:31:00Z,41547.698350,41616.881432,41534.234738,41603.262388,2246.851860
2025-01-02T08:32:00Z,41603.262388,41633.117203,41587.684772,41604.078032,3155.738287
2025-01-02T08:33:00Z,41604.078032,41620.165158,41593.048488,41613.310155,1601.171976
2025-01-02T08:34:00Z,41613.310155,41662.469421,41589.077565,41649.955506,4464.953571
2025-01-02T08:35:00Z,41649.955506,41654.374480,41626.470923,41631.185655,3965.537227
2025-01-02T08:36:00Z,41631.185655,41637.583246,41622.829702,41628.109064,3093.968039
2025-01-02T08:37:00Z,41628.109064,41638.576254,41620.113183,41628.320545,3555.786180
2025-01-02T08:38:00Z,41628.320545,41714.564209,41620.863672,41686.879812,3927.738700
2025-01-02T08:39:00Z,41686.879812,41722.153762,41673.344179,41699.933170,3793.873815
2025-01-02T08:40:00Z,41699.933170,41707.828735,41660.102261,41678.480119,1358.555056
2025-01-02T08:41:00Z,41678.480119,41734.254265,41672.479042,41724.812992,3044.235294
2025-01-02T08:42:00Z,41724.812992,41727.970086,41714.080042,41719.341237,2594.834629
2025-01-02T08:43:00Z,41719.341237,41747.355549,41715.553403,41745.339249,1952.645109
2025-01-02T08:44:00Z,41745.339249,41841.706780,41708.703269,41814.930667,2723.119443
2025-01-02T08:45:00Z,41814.930667,41832.253653,41772.442785,41795.349952,1326.724004
2025-01-02T08:46:00Z,41795.349952,41838.837916,41768.104492,41828.110161,6390.910614
2025-01-02T08:47:00Z,41828.110161,41841.202241,41782.384254,41799.876238,2571.004434
2025-01-02T08:48:00Z,41799.876238,41816.821926,41752.699515,41758.501332,3070.267970
2025-01-02T08:49:00Z,41758.501332,41761.934114,41732.286302,41736.278745,3774.612128
2025-01-02T08:50:00Z,41736.278745,41803.897090,41712.969248,41772.816272,3060.824982
2025-01-02T08:51:00Z,41772.816272,41878.357378,41735.478257,41851.340518,3864.626188
2025-01-02T08:52:00Z,41851.340518,41869.983384,41831.294507,41843.710947,10459.277762
2025-01-02T08:53:00Z,41843.710947,41848.673283,41805.385099,41821.549150,5286.141639
2025-01-02T08:54:00Z,41821.549150,41837.055389,41781.316472,41798.034406,5298.930990
2025-01-02T08:55:00Z,41798.034406,41807.284760,41778.944919,41796.328949,6317.561846
2025-01-02T08:56:00Z,41796.328949,41815.157041,41767.766616,41784.776875,2109.364375
2025-01-02T08:57:00Z,41784.776875,41852.891817,41772.213396,41844.994716,2116.393258
2025-01-02T08:58:00Z,41844.994716,41899.691879,41838.268005,41883.109890,2655.405867
2025-01-02T08:59:00Z,41883.109890,41905.684638,41874.227529,41903.286578,2410.589699
2025-01-02T09:00:00Z,41903.286578,41944.790955,41817.279439,41855.660009,3335.051830
2025-01-02T09:01:00Z,41855.660009,41881.797055,41845.390955,41870.059767,7799.721414
2025-01-02T09:02:00Z,41870.059767,41878.627252,41839.196118,41867.715060,3226.106532
2025-01-02T09:03:00Z,41867.715060,41955.259314,41837.289460,41927.077863,4178.689235
2025-01-02T09:04:00Z,41927.077863,41948.995997,41898.707084,41912.972558,5588.913239
2025-01-02T09:05:00Z,41912.972558,41939.325057,41904.666611,41929.261485,4131.221264
2025-01-02T09:06:00Z,41929.261485,41983.495459,41902.088814,41969.865979,6017.550801
2025-01-02T09:07:00Z,41969.865979,41981.862752,41930.839102,41943.825092,1835.327797
2025-01-02T09:08:00Z,41943.825092,41950.575129,41920.731637,41930.294696,4255.057984
2025-01-02T09:09:00Z,41930.294696,41950.085890,41899.961748,41929.311369,1116.584036
2025-01-02T09:10:00Z,41929.311369,41943.609587,41889.955240,41903.209119,2396.649566
2025-01-02T09:11:00Z,41903.209119,41931.231038,41897.704836,41919.523778,3387.491426
2025-01-02T09:12:00Z,41919.523778,41984.283858,41912.864796,41979.366988,4318.023903
2025-01-02T09:13:00Z,41979.366988,41993.803725,41949.146597,41963.351153,2344.505808
2025-01-02T09:14:00Z,41963.351153,41978.282950,41955.450084,41971.035560,6011.550119
2025-01-02T09:15:00Z,41971.035560,42059.597914,41945.507168,42018.324592,3891.893255
2025-01-02T09:16:00Z,42018.324592,42027.830716,41996.629256,42017.146883,3264.755598
2025-01-02T09:17:00Z,42017.146883,42050.860497,42014.686118,42047.987732,2503.859648
2025-01-02T09:18:00Z,42047.987732,42055.063541,42018.154959,42026.999849,5767.847981
2025-01-02T09:19:00Z,42026.999849,42095.360641,42016.774115,42079.038504,2198.387726
2025-01-02T09:20:00Z,42079.038504,42185.853276,42071.767895,42156.025562,2180.032557
2025-01-02T09:21:00Z,42156.025562,42267.755852,42148.458822,42245.847052,2615.580861
2025-01-02T09:22:00Z,42245.847052,42249.348840,42172.702047,42176.114880,2109.308716
2025-01-02T09:23:00Z,42176.114880,42186.473838,42113.434993,42135.037664,2889.512105
2025-01-02T09:24:00Z,42135.037664,42155.809450,42128.651007,42149.661180,2931.564056
2025-01-02T09:25:00Z,42149.661180,42177.839231,42069.352576,42091.959822,2464.383363
2025-01-02T09:26:00Z,42091.959822,42173.135754,42072.779126,42153.866777,3814.930867
2025-01-02T09:27:00Z,42153.866777,42230.139896,42132.134943,42184.872585,4306.391450
2025-01-02T09:28:00Z,42184.872585,42207.663796,42179.809155,42204.889865,4684.880885
2025-01-02T09:29:00Z,42204.889865,42258.052622,42175.721478,42220.334328,6240.912285
2025-01-02T09:30:00Z,42220.334328,42265.515862,42211.597797,42233.533109,2967.761627
2025-01-02T09:31:00Z,42233.533109,42258.973085,42228.497442,42255.736516,3651.831470
2025-01-02T09:32:00Z,42255.736516,42282.489088,42246.941484,42263.972840,4333.095716
2025-01-02T09:33:00Z,42263.972840,42311.167899,42240.664399,42293.848188,3492.852125
2025-01-02T09:34:00Z,42293.848188,42305.356102,42239.754429,42254.139444,6516.567274
2025-01-02T09:35:00Z,42254.139444,42287.582473,42240.538319,42266.437760,2063.659710
2025-01-02T09:36:00Z,42266.437760,42273.348222,42254.768887,42260.455265,1800.723081
2025-01-02T09:37:00Z,42260.455265,42264.488868,42233.470148,42247.539640,2315.349025
2025-01-02T09:38:00Z,42247.539640,42268.077111,42235.096385,42261.069500,6217.412526
2025-01-02T09:39:00Z,42261.069500,42352.555096,42240.910671,42326.348118,7841.178852
2025-01-02T09:40:00Z,42326.348118,42365.554910,42323.121535,42362.914952,4221.439678
2025-01-02T09:41:00Z,42362.914952,42388.102081,42352.566810,42376.051610,2521.770841
2025-01-02T09:42:00Z,42376.051610,42406.609622,42373.769851,42404.201416,2128.728047
2025-01-02T09:43:00Z,42404.201416,42415.980638,42391.730846,42400.432508,3171.200748
2025-01-02T09:44:00Z,42400.432508,42495.586551,42357.938780,42452.507702,3295.232319
2025-01-02T09:45:00Z,42452.507702,42493.381322,42418.341387,42475.424300,1704.268801
2025-01-02T09:46:00Z,42475.424300,42505.454876,42440.352973,42448.607516,3609.404467
2025-01-02T09:47:00Z,42448.607516,42508.525145,42414.920236,42480.583707,3954.452879
2025-01-02T09:48:00Z,42480.583707,42541.606387,42461.773151,42521.503523,2463.184720
2025-01-02T09:49:00Z,42521.503523,42581.545934,42510.616464,42544.651509,4341.841435
2025-01-02T09:50:00Z,42544.651509,42622.666793,42526.325469,42611.036696,3219.096451
2025-01-02T09:51:00Z,42611.036696,42626.844432,42575.864691,42586.752012,2674.416654
2025-01-02T09:52:00Z,42586.752012,42615.268099,42548.607233,42560.052727,1538.322988
2025-01-02T09:53:00Z,42560.052727,42565.499907,42528.604547,42538.134978,2527.349660
2025-01-02T09:54:00Z,42538.134978,42566.161419,42464.847975,42507.877056,3590.143220
2025-01-02T09:55:00Z,42507.877056,42534.472455,42475.322190,42515.331299,3474.427055
2025-01-02T09:56:00Z,42515.331299,42526.208592,42510.031076,42515.455776,3465.641538
2025-01-02T09:57:00Z,42515.455776,42542.224704,42492.240704,42532.378923,2509.703035
2025-01-02T09:58:00Z,42532.378923,42558.153898,42526.302024,42553.086189,3190.723539
2025-01-02T09:59:00Z,42553.086189,42561.360593,42519.956736,42548.971229,2797.851183
2025-01-02T10:00:00Z,42548.971229,42583.953721,42532.240996,42551.980217,4216.006997
2025-01-02T10:01:00Z,42551.980217,42556.876823,42535.880897,42547.242100,1639.881670
2025-01-02T10:02:00Z,42547.242100,42556.796293,42509.425678,42526.527008,2913.381260
2025-01-02T10:03:00Z,42526.527008,42539.475241,42468.671404,42488.543679,4125.296818
2025-01-02T10:04:00Z,42488.543679,42516.762625,42475.223078,42499.841326,2008.532543
2025-01-02T10:05:00Z,42499.841326,42553.030065,42488.092562,42550.487510,2686.471068
2025-01-02T10:06:00Z,42550.487510,42588.638970,42530.880101,42560.832209,2824.755703
2025-01-02T10:07:00Z,42560.832209,42586.721412,42549.822872,42572.283930,1761.554070
2025-01-02T10:08:00Z,42572.283930,42598.694638,42533.846143,42580.047609,2693.858448
2025-01-02T10:09:00Z,42580.047609,42612.496959,42551.820906,42595.461291,3246.772728
2025-01-02T10:10:00Z,42595.461291,42614.374419,42539.127852,42560.362933,2308.243177
2025-01-02T10:11:00Z,42560.362933,42576.550145,42538.254520,42552.577540,2906.270717
2025-01-02T10:12:00Z,42552.577540,42559.449833,42540.915049,42547.772551,6970.825521
2025-01-02T10:13:00Z,42547.772551,42574.774918,42540.923964,42554.187088,1950.837136
2025-01-02T10:14:00Z,42554.187088,42581.343817,42533.227010,42560.007946,6185.345048
2025-01-02T10:15:00Z,42560.007946,42583.545284,42468.127193,42487.097173,2877.302047
2025-01-02T10:16:00Z,42487.097173,42498.753024,42424.595095,42451.026193,3964.319005
2025-01-02T10:17:00Z,42451.026193,42468.065313,42438.786795,42459.073740,1892.861788
2025-01-02T10:18:00Z,42459.073740,42463.644286,42445.756640,42454.464999,4359.559058
2025-01-02T10:19:00Z,42454.464999,42491.569319,42377.491025,42413.803692,2224.485477
2025-01-02T10:20:00Z,42413.803692,42443.616209,42397.641211,42432.824603,3047.934771
2025-01-02T10:21:00Z,42432.824603,42437.282074,42427.889525,42433.781014,2359.714862
2025-01-02T10:22:00Z,42433.781014,42495.245391,42392.517914,42453.445600,2936.113619
2025-01-02T10:23:00Z,42453.445600,42476.713260,42425.766232,42433.905714,4280.675012
2025-01-02T10:24:00Z,42433.905714,42515.209113,42401.819598,42493.266459,1672.185149
2025-01-02T10:25:00Z,42493.266459,42559.504416,42482.399731,42547.923431,3665.642817
2025-01-02T10:26:00Z,42547.923431,42558.290540,42482.452362,42487.575477,3886.039286
2025-01-02T10:27:00Z,42487.575477,42556.691588,42476.419377,42512.009656,6007.969110
2025-01-02T10:28:00Z,42512.009656,42564.590961,42501.338234,42548.945890,2062.555848
2025-01-02T10:29:00Z,42548.945890,42579.570305,42504.037474,42511.979996,3647.912964
2025-01-02T10:30:00Z,42511.979996,42540.323370,42483.219197,42503.362212,4416.057605
2025-01-02T10:31:00Z,42503.362212,42532.306725,42497.078105,42523.695029,2009.917006
2025-01-02T10:32:00Z,42523.695029,42601.225334,42510.390142,42562.698459,5689.470698
2025-01-02T10:33:00Z,42562.698459,42571.024866,42505.052741,42518.531933,2777.706289
2025-01-02T10:34:00Z,42518.531933,42561.314246,42508.245740,42538.459394,3804.867224
2025-01-02T10:35:00Z,42538.459394,42664.205105,42509.720718,42626.906117,1530.151697
2025-01-02T10:36:00Z,42626.906117,42676.038413,42618.618192,42641.229339,3779.229380
2025-01-02T10:37:00Z,42641.229339,42736.510024,42636.058081,42711.512845,1547.013909
2025-01-02T10:38:00Z,42711.512845,42728.529102,42702.196496,42714.735089,2726.212611
2025-01-02T10:39:00Z,42714.735089,42732.659230,42698.078288,42709.290886,1732.893668
2025-01-02T10:40:00Z,42709.290886,42722.785800,42680.605109,42690.488463,1292.002978
2025-01-02T10:41:00Z,42690.488463,42770.655721,42672.529907,42760.392050,1025.092742
2025-01-02T10:42:00Z,42760.392050,42829.608664,42737.548731,42812.578893,4362.693655
2025-01-02T10:43:00Z,42812.578893,42836.063770,42781.531284,42803.327930,5577.951439
2025-01-02T10:44:00Z,42803.327930,42827.061783,42750.146279,42770.984147,7629.894350
2025-01-02T10:45:00Z,42770.984147,42802.995248,42735.314632,42742.314594,6548.835365
2025-01-02T10:46:00Z,42742.314594,42747.810765,42726.764649,42737.668704,2856.679909
2025-01-02T10:47:00Z,42737.668704,42747.903795,42713.894895,42723.319269,2179.502305
2025-01-02T10:48:00Z,42723.319269,42766.986737,42676.528940,42716.641945,3996.439796
2025-01-02T10:49:00Z,42716.641945,42721.837877,42711.641664,42714.443140,2875.506984
2025-01-02T10:50:00Z,42714.443140,42735.988757,42703.163434,42727.638825,4543.098930
2025-01-02T10:51:00Z,42727.638825,42738.856809,42684.908449,42699.669424,2009.786602
2025-01-02T10:52:00Z,42699.669424,42723.131075,42686.101292,42700.294612,4322.707282
2025-01-02T10:53:00Z,42700.294612,42702.785667,42664.552424,42673.172303,4460.199641
2025-01-02T10:54:00Z,42673.172303,42694.973424,42635.396135,42671.181801,2058.711071
2025-01-02T10:55:00Z,42671.181801,42701.861715,42656.360049,42696.680756,4165.755118
2025-01-02T10:56:00Z,42696.680756,42719.636423,42661.308580,42677.054695,1415.615809
2025-01-02T10:57:00Z,42677.054695,42687.973541,42635.711242,42652.530586,3543.668603
2025-01-02T10:58:00Z,42652.530586,42668.175206,42634.069212,42651.612216,2550.352223
2025-01-02T10:59:00Z,42651.612216,42673.363824,42610.331806,42619.489429,4050.364209
2025-01-02T11:00:00Z,42619.489429,42637.618816,42589.853278,42611.594238,1985.726732
2025-01-02T11:01:00Z,42611.594238,42621.631946,42575.378385,42589.339673,2645.183956
2025-01-02T11:02:00Z,42589.339673,42595.372067,42537.068400,42562.365095,2291.718896
2025-01-02T11:03:00Z,42562.365095,42597.889468,42532.149061,42563.129772,2476.973375
2025-01-02T11:04:00Z,42563.129772,42576.673596,42502.425986,42512.026449,2406.255833
2025-01-02T11:05:00Z,42512.026449,42546.955297,42474.817197,42531.000591,4745.367349
2025-01-02T11:06:00Z,42531.000591,42564.137157,42516.735937,42552.458621,2404.275407
2025-01-02T11:07:00Z,42552.458621,42566.799260,42528.379520,42554.616668,3042.219060
2025-01-02T11:08:00Z,42554.616668,42561.407438,42514.822251,42530.178864,3056.147510
2025-01-02T11:09:00Z,42530.178864,42539.020397,42518.203296,42525.887786,4267.866170
2025-01-02T11:10:00Z,42525.887786,42563.128612,42521.889625,42558.969491,5128.744360
2025-01-02T11:11:00Z,42558.969491,42563.298492,42523.152344,42543.921285,1406.378833
2025-01-02T11:12:00Z,42543.921285,42576.097041,42510.598036,42523.378746,2544.962453
2025-01-02T11:13:00Z,42523.378746,42535.225640,42491.277642,42494.993447,2345.022123
2025-01-02T11:14:00Z,42494.993447,42507.280920,42476.595720,42486.232782,4021.502374
2025-01-02T11:15:00Z,42486.232782,42517.594235,42448.796952,42476.958501,3612.878217
2025-01-02T11:16:00Z,42476.958501,42509.465607,42467.472852,42506.509655,2198.464168
2025-01-02T11:17:00Z,42506.509655,42514.261040,42464.426909,42475.088644,3902.180446
2025-01-02T11:18:00Z,42475.088644,42510.609180,42465.068911,42503.127772,2778.565206
2025-01-02T11:19:00Z,42503.127772,42544.519172,42467.813184,42478.211538,2172.782526
2025-01-02T11:20:00Z,42478.211538,42515.636585,42470.364979,42505.292628,6547.749833
2025-01-02T11:21:00Z,42505.292628,42529.736082,42456.798644,42470.586195,2120.381302
2025-01-02T11:22:00Z,42470.586195,42479.273149,42461.602913,42467.265543,2119.875639
2025-01-02T11:23:00Z,42467.265543,42471.330295,42424.384888,42441.990636,5030.769176
2025-01-02T11:24:00Z,42441.990636,42454.858041,42416.198018,42437.567987,1338.946247
2025-01-02T11:25:00Z,42437.567987,42462.843458,42379.398767,42407.875951,5631.539707
2025-01-02T11:26:00Z,42407.875951,42433.106839,42378.274900,42415.298136,3307.028925
2025-01-02T11:27:00Z,42415.298136,42445.011905,42402.885638,42438.258671,5631.774969
2025-01-02T11:28:00Z,42438.258671,42476.969814,42430.856542,42466.164307,3343.859223
2025-01-02T11:29:00Z,42466.164307,42475.855164,42446.709617,42459.106853,1691.948908
2025-01-02T11:30:00Z,42459.106853,42480.842194,42406.670769,42431.192533,7921.933296
2025-01-02T11:31:00Z,42431.192533,42438.163289,42386.299874,42390.198111,4773.661176
2025-01-02T11:32:00Z,42390.198111,42401.040042,42326.751685,42342.678711,1867.194038
2025-01-02T11:33:00Z,42342.678711,42440.347645,42332.039947,42406.959979,1994.557109
2025-01-02T11:34:00Z,42406.959979,42409.799835,42335.110997,42336.725366,2619.854026
2025-01-02T11:35:00Z,42336.725366,42420.628325,42322.290736,42414.369204,4941.244979
2025-01-02T11:36:00Z,42414.369204,42418.761442,42375.126693,42377.468012,2711.431680
2025-01-02T11:37:00Z,42377.468012,42388.117077,42329.982095,42344.473585,4745.680945
2025-01-02T11:38:00Z,42344.473585,42373.736152,42308.493060,42327.358769,6798.457964
2025-01-02T11:39:00Z,42327.358769,42337.678770,42283.468106,42295.436351,2159.595532
2025-01-02T11:40:00Z,42295.436351,42320.445223,42280.599206,42305.061693,3364.600057
2025-01-02T11:41:00Z,42305.061693,42371.502936,42290.949919,42345.788557,4825.648948
2025-01-02T11:42:00Z,42345.788557,42360.696516,42328.474553,42344.330255,1640.962891
2025-01-02T11:43:00Z,42344.330255,42354.787366,42305.124726,42317.769491,1911.672569
2025-01-02T11:44:00Z,42317.769491,42364.815653,42307.215562,42361.232722,4631.406572
2025-01-02T11:45:00Z,42361.232722,42365.659510,42317.322705,42321.301554,7026.750737
2025-01-02T11:46:00Z,42321.301554,42328.687642,42280.323676,42298.018478,2112.093151
2025-01-02T11:47:00Z,42298.018478,42309.418235,42250.020380,42266.102982,4062.048430
2025-01-02T11:48:00Z,42266.102982,42307.923848,42147.852578,42189.316170,2493.101467
2025-01-02T11:49:00Z,42189.316170,42235.439192,42164.386327,42207.966403,1613.662391
2025-01-02T11:50:00Z,42207.966403,42228.486149,42194.033484,42212.336062,1534.663919
2025-01-02T11:51:00Z,42212.336062,42255.123187,42191.964698,42236.034285,3190.574195
2025-01-02T11:52:00Z,42236.034285,42285.675217,42211.479153,42237.640300,5227.025745
2025-01-02T11:53:00Z,42237.640300,42256.609572,42234.278025,42253.635958,5846.940333
2025-01-02T11:54:00Z,42253.635958,42278.970468,42250.092995,42274.528748,3022.027285
2025-01-02T11:55:00Z,42274.528748,42309.586819,42270.790734,42306.971107,2228.562664
2025-01-02T11:56:00Z,42306.971107,42360.343823,42290.716637,42348.889748,3601.373761
2025-01-02T11:57:00Z,42348.889748,42418.017929,42315.925743,42370.597060,1334.129606
2025-01-02T11:58:00Z,42370.597060,42406.301147,42286.073938,42323.913102,3074.945266
2025-01-02T11:59:00Z,42323.913102,42337.438909,42287.640858,42323.493363,3059.094122
2025-01-02T12:00:00Z,42323.493363,42348.630772,42318.317031,42327.488547,2506.506258
2025-01-02T12:01:00Z,42327.488547,42333.398795,42301.785142,42311.184904,2636.624640
2025-01-02T12:02:00Z,42311.184904,42323.855429,42306.083211,42318.807061,5340.717095
2025-01-02T12:03:00Z,42318.807061,42349.258589,42244.495251,42288.780469,5690.497675
2025-01-02T12:04:00Z,42288.780469,42309.049868,42183.395245,42200.381677,2671.567938
2025-01-02T12:05:00Z,42200.381677,42271.450769,42193.766509,42249.810333,4160.885642
2025-01-02T12:06:00Z,42249.810333,42258.113974,42211.534618,42215.924616,3380.565659
2025-01-02T12:07:00Z,42215.924616,42217.982217,42203.806640,42206.198319,1263.690719
2025-01-02T12:08:00Z,42206.198319,42229.679160,42153.655979,42173.974617,4863.517341
2025-01-02T12:09:00Z,42173.974617,42188.798358,42148.728643,42176.491776,3397.616471
2025-01-02T12:10:00Z,42176.491776,42238.582259,42156.845219,42224.304585,2530.367834
2025-01-02T12:11:00Z,42224.304585,42277.296984,42212.839607,42263.177939,4243.113981
2025-01-02T12:12:00Z,42263.177939,42283.655014,42254.822123,42272.680346,2514.812090
2025-01-02T12:13:00Z,42272.680346,42277.612330,42254.393133,42258.468133,2273.286499
2025-01-02T12:14:00Z,42258.468133,42282.017270,42248.624986,42276.589552,7071.744926
2025-01-02T12:15:00Z,42276.589552,42290.991066,42242.526760,42264.615426,5013.779855
2025-01-02T12:16:00Z,42264.615426,42273.094741,42173.802518,42210.864622,3632.243245
2025-01-02T12:17:00Z,42210.864622,42221.882635,42164.249519,42170.928828,4307.017307
2025-01-02T12:18:00Z,42170.928828,42195.972086,42162.417096,42185.091168,1415.670857
2025-01-02T12:19:00Z,42185.091168,42213.133736,42181.577584,42205.669636,1477.894779
2025-01-02T12:20:00Z,42205.669636,42213.048540,42185.722993,42189.045013,3050.122612
2025-01-02T12:21:00Z,42189.045013,42220.070299,42174.567467,42209.457896,4724.698332
2025-01-02T12:22:00Z,42209.457896,42282.679329,42203.602984,42252.564471,3455.289432
2025-01-02T12:23:00Z,42252.564471,42261.222010,42185.414526,42217.516065,3613.974812
2025-01-02T12:24:00Z,42217.516065,42220.019486,42184.872416,42196.265905,4786.114738
2025-01-02T12:25:00Z,42196.265905,42208.680119,42124.182070,42145.601690,3495.760504
2025-01-02T12:26:00Z,42145.601690,42160.561011,42128.517895,42137.034432,4605.055894
2025-01-02T12:27:00Z,42137.034432,42233.498616,42113.561279,42196.946680,2518.927641
2025-01-02T12:28:00Z,42196.946680,42221.212539,42128.556795,42137.788733,4314.368576
2025-01-02T12:29:00Z,42137.788733,42181.790008,42010.743038,42053.898856,2757.454675
2025-01-02T12:30:00Z,42053.898856,42085.530879,42036.476680,42074.750710,9351.379426
2025-01-02T12:31:00Z,42074.750710,42168.826226,42058.778366,42153.422712,2213.976885
2025-01-02T12:32:00Z,42153.422712,42154.897665,42121.480976,42126.077661,3195.180577
2025-01-02T12:33:00Z,42126.077661,42131.386741,42110.202157,42114.021734,3550.108900
2025-01-02T12:34:00Z,42114.021734,42134.843944,42083.529139,42108.089189,5903.798858
2025-01-02T12:35:00Z,42108.089189,42135.247990,42045.592885,42079.219824,4538.752193
2025-01-02T12:36:00Z,42079.219824,42109.002453,42031.431096,42040.579515,1422.307819
2025-01-02T12:37:00Z,42040.579515,42081.629322,42030.408236,42072.613737,5175.695677
2025-01-02T12:38:00Z,42072.613737,42100.438346,42067.101221,42088.387811,1541.249009
2025-01-02T12:39:00Z,42088.387811,42099.513490,42004.606981,42025.938467,3147.109806
2025-01-02T12:40:00Z,42025.938467,42043.390234,42008.508131,42022.332692,1940.649031
2025-01-02T12:41:00Z,42022.332692,42032.006410,42004.877773,42015.979047,1098.672447
2025-01-02T12:42:00Z,42015.979047,42032.136110,42005.314732,42017.580189,4755.013494
2025-01-02T12:43:00Z,42017.580189,42025.857125,41962.510643,42003.344744,4602.553224
2025-01-02T12:44:00Z,42003.344744,42034.348197,41958.800250,41978.732808,3384.562268
2025-01-02T12:45:00Z,41978.732808,42024.828708,41970.668049,42016.290484,4187.725000
2025-01-02T12:46:00Z,42016.290484,42054.073766,41999.303183,42038.920964,3072.570014
2025-01-02T12:47:00Z,42038.920964,42057.726537,41937.534128,41947.271353,3292.095458
2025-01-02T12:48:00Z,41947.271353,41974.314232,41920.576787,41938.119533,5637.429093
2025-01-02T12:49:00Z,41938.119533,41950.488011,41895.632618,41905.137721,4295.569008
2025-01-02T12:50:00Z,41905.137721,41933.744227,41883.923880,41919.593763,868.354139
2025-01-02T12:51:00Z,41919.593763,41962.284223,41903.909085,41931.114987,4149.382252
2025-01-02T12:52:00Z,41931.114987,41951.033369,41920.820305,41945.721758,1525.480025
2025-01-02T12:53:00Z,41945.721758,41987.395844,41929.711254,41967.722627,4276.853659
2025-01-02T12:54:00Z,41967.722627,41983.397514,41949.837774,41961.261291,4484.046730
2025-01-02T12:55:00Z,41961.261291,41971.551067,41957.199561,41969.002072,4363.944802
2025-01-02T12:56:00Z,41969.002072,41974.235771,41934.661262,41937.162621,2346.024973
2025-01-02T12:57:00Z,41937.162621,41970.714328,41917.200525,41944.368558,3298.002832
2025-01-02T12:58:00Z,41944.368558,41957.775877,41893.939279,41924.901093,9779.453781
2025-01-02T12:59:00Z,41924.901093,41962.884292,41918.275202,41947.108356,1588.622989
2025-01-02T13:00:00Z,41947.108356,41981.504574,41884.104644,41928.527338,3575.052338
2025-01-02T13:01:00Z,41928.527338,41936.591194,41847.168572,41853.958067,6988.473710
2025-01-02T13:02:00Z,41853.958067,41872.220095,41808.397724,41842.490593,3117.507135
2025-01-02T13:03:00Z,41842.490593,41891.188345,41834.451190,41884.692972,1677.365544
2025-01-02T13:04:00Z,41884.692972,41909.532987,41867.322910,41877.778572,4365.969275
2025-01-02T13:05:00Z,41877.778572,41903.912235,41863.756410,41882.762301,1967.903959
2025-01-02T13:06:00Z,41882.762301,41895.504570,41865.129635,41876.894898,1365.189998
2025-01-02T13:07:00Z,41876.894898,41923.631432,41873.728314,41914.840720,2071.412004
2025-01-02T13:08:00Z,41914.840720,41926.234742,41878.400573,41895.167620,3366.539998
2025-01-02T13:09:00Z,41895.167620,41897.722106,41879.664974,41880.949122,3982.058859
2025-01-02T13:10:00Z,41880.949122,41908.797981,41834.743230,41864.248304,5943.759533
2025-01-02T13:11:00Z,41864.248304,41872.581650,41823.137722,41844.330892,4416.634822
2025-01-02T13:12:00Z,41844.330892,41864.660843,41810.812242,41819.669120,4452.102892
2025-01-02T13:13:00Z,41819.669120,41822.874175,41785.132218,41799.652834,1576.787563
2025-01-02T13:14:00Z,41799.652834,41855.982046,41789.332579,41842.173654,2622.677095
2025-01-02T13:15:00Z,41842.173654,41878.353270,41828.895260,41870.528398,2861.188142
2025-01-02T13:16:00Z,41870.528398,41918.899490,41863.909430,41913.117987,3348.889896
2025-01-02T13:17:00Z,41913.117987,41947.975157,41884.857801,41917.027769,2973.311237
2025-01-02T13:18:00Z,41917.027769,41928.410553,41907.411863,41921.016591,8181.938907
2025-01-02T13:19:00Z,41921.016591,41969.283020,41905.250683,41937.189057,3571.560116
2025-01-02T13:20:00Z,41937.189057,41984.825752,41917.755206,41965.628220,5746.836549
2025-01-02T13:21:00Z,41965.628220,41979.562759,41947.929621,41963.038451,1866.222609
2025-01-02T13:22:00Z,41963.038451,42054.231807,41942.062464,42015.269483,5304.517412
2025-01-02T13:23:00Z,42015.269483,42040.738482,41955.620647,41979.956305,2698.144277
2025-01-02T13:24:00Z,41979.956305,42009.145998,41960.850486,41994.373781,1926.655671
2025-01-02T13:25:00Z,41994.373781,42002.459700,41938.324392,41962.375127,2744.353174
2025-01-02T13:26:00Z,41962.375127,41987.367990,41889.611472,41923.864566,4619.755399
2025-01-02T13:27:00Z,41923.864566,41956.921739,41886.309016,41908.355263,2522.527491
2025-01-02T13:28:00Z,41908.355263,41915.754756,41884.720554,41897.372166,1013.668951
2025-01-02T13:29:00Z,41897.372166,41914.482932,41861.505529,41881.166620,3085.605964
2025-01-02T13:30:00Z,41881.166620,41919.724704,41842.180979,41855.447639,1863.285885
2025-01-02T13:31:00Z,41855.447639,41867.698482,41795.427565,41807.508671,5838.354489
2025-01-02T13:32:00Z,41807.508671,41822.903099,41768.832927,41793.841035,4172.513834
2025-01-02T13:33:00Z,41793.841035,41835.286532,41745.278587,41794.013874,5494.960596
2025-01-02T13:34:00Z,41794.013874,41808.298226,41746.560188,41776.678630,2980.078657
2025-01-02T13:35:00Z,41776.678630,41804.159112,41767.296465,41795.804291,4545.754469
2025-01-02T13:36:00Z,41795.804291,41839.987693,41753.941640,41765.188130,1325.765851
2025-01-02T13:37:00Z,41765.188130,41775.161641,41711.664915,41742.009598,3546.839033
2025-01-02T13:38:00Z,41742.009598,41745.456002,41711.904499,41716.592285,1912.282650
2025-01-02T13:39:00Z,41716.592285,41750.535332,41687.471231,41707.210460,4615.737570
2025-01-02T13:40:00Z,41707.210460,41725.156452,41689.373311,41698.625025,1760.056696
2025-01-02T13:41:00Z,41698.625025,41747.842375,41687.664923,41714.321350,3939.466933
2025-01-02T13:42:00Z,41714.321350,41749.968730,41697.460043,41731.118699,4471.551511
2025-01-02T13:43:00Z,41731.118699,41742.763735,41700.023204,41735.010492,3630.247218
2025-01-02T13:44:00Z,41735.010492,41741.910519,41701.334509,41710.315582,3034.601056
2025-01-02T13:45:00Z,41710.315582,41743.045958,41685.792581,41722.780379,1512.148513
2025-01-02T13:46:00Z,41722.780379,41746.926551,41715.759361,41739.804135,4014.234217
2025-01-02T13:47:00Z,41739.804135,41748.239747,41713.092319,41719.923447,8492.985604
2025-01-02T13:48:00Z,41719.923447,41748.636199,41683.716128,41694.832108,3424.732859
2025-01-02T13:49:00Z,41694.832108,41701.229705,41675.624984,41687.175833,4571.325822
2025-01-02T13:50:00Z,41687.175833,41699.977238,41660.720379,41673.859738,5236.925662
2025-01-02T13:51:00Z,41673.859738,41719.266226,41658.955474,41709.121881,2947.756503
2025-01-02T13:52:00Z,41709.121881,41756.096850,41692.092920,41746.916525,6192.147533
2025-01-02T13:53:00Z,41746.916525,41755.887642,41701.983852,41728.203472,3057.513900
2025-01-02T13:54:00Z,41728.203472,41819.136429,41720.963000,41810.445537,3285.889721
2025-01-02T13:55:00Z,41810.445537,41839.238410,41783.128985,41801.979972,6428.097181
2025-01-02T13:56:00Z,41801.979972,41841.720874,41692.506891,41732.468237,3832.370460
2025-01-02T13:57:00Z,41732.468237,41748.071943,41721.445759,41742.938118,1743.071492
2025-01-02T13:58:00Z,41742.938118,41747.360173,41720.438288,41732.904958,3368.568754
2025-01-02T13:59:00Z,41732.904958,41776.097624,41672.204462,41681.650705,2539.446470
2025-01-02T14:00:00Z,41681.650705,41694.584423,41648.876733,41661.125698,2596.058187
2025-01-02T14:01:00Z,41661.125698,41680.817809,41641.929297,41649.139990,2266.521313
2025-01-02T14:02:00Z,41649.139990,41652.097851,41611.377373,41619.194130,2077.455251
2025-01-02T14:03:00Z,41619.194130,41694.519989,41609.028297,41688.317940,4353.282287
2025-01-02T14:04:00Z,41688.317940,41704.213627,41632.362773,41653.531880,2198.593622
2025-01-02T14:05:00Z,41653.531880,41657.178268,41633.581977,41636.847827,5319.639281
2025-01-02T14:06:00Z,41636.847827,41662.015336,41627.442694,41653.613867,5075.622783
2025-01-02T14:07:00Z,41653.613867,41662.670335,41591.166656,41599.313561,1921.395342
2025-01-02T14:08:00Z,41599.313561,41641.129800,41593.864335,41623.293563,6413.418884
2025-01-02T14:09:00Z,41623.293563,41636.731539,41607.295680,41628.214965,1619.619246
2025-01-02T14:10:00Z,41628.214965,41644.608176,41543.484492,41550.381505,2700.998158
2025-01-02T14:11:00Z,41550.381505,41560.431332,41529.014268,41547.498860,5273.022499
2025-01-02T14:12:00Z,41547.498860,41606.623959,41536.699436,41587.709372,2504.579112
2025-01-02T14:13:00Z,41587.709372,41608.445986,41564.827897,41598.184742,3434.541256
2025-01-02T14:14:00Z,41598.184742,41607.483367,41534.191901,41557.976777,3729.703414
2025-01-02T14:15:00Z,41557.976777,41576.107090,41541.230998,41564.184751,2185.008606
2025-01-02T14:16:00Z,41564.184751,41611.868277,41554.619519,41591.070411,3748.180410
2025-01-02T14:17:00Z,41591.070411,41662.503865,41563.848101,41627.141842,5644.574522
2025-01-02T14:18:00Z,41627.141842,41712.794347,41586.631894,41677.826044,7639.369603
2025-01-02T14:19:00Z,41677.826044,41713.882904,41636.455404,41687.562771,2099.972861
2025-01-02T14:20:00Z,41687.562771,41696.807435,41670.558095,41686.332885,3780.877176
2025-01-02T14:21:00Z,41686.332885,41698.009218,41639.815793,41658.021598,3453.653979
2025-01-02T14:22:00Z,41658.021598,41675.510459,41570.480664,41590.920051,5833.400244
2025-01-02T14:23:00Z,41590.920051,41609.357416,41562.935719,41596.883334,2727.806268
2025-01-02T14:24:00Z,41596.883334,41612.943471,41584.790013,41593.309949,4528.003541
2025-01-02T14:25:00Z,41593.309949,41601.887568,41565.251418,41578.142108,2669.249067
2025-01-02T14:26:00Z,41578.142108,41614.265853,41563.081907,41603.154859,3673.555643
2025-01-02T14:27:00Z,41603.154859,41608.200658,41516.580311,41521.792750,3734.890713
2025-01-02T14:28:00Z,41521.792750,41571.627071,41513.377697,41559.821437,2249.194399
2025-01-02T14:29:00Z,41559.821437,41612.122636,41543.533061,41603.867611,4370.319954
2025-01-02T14:30:00Z,41603.867611,41640.457241,41572.414337,41623.539739,3481.589101
2025-01-02T14:31:00Z,41623.539739,41628.425943,41609.324481,41613.242356,3405.463249
2025-01-02T14:32:00Z,41613.242356,41665.332487,41601.434975,41640.658030,3559.172709
2025-01-02T14:33:00Z,41640.658030,41645.499578,41618.457609,41619.792403,2772.879676
2025-01-02T14:34:00Z,41619.792403,41654.662329,41602.188987,41637.881978,1492.987047
2025-01-02T14:35:00Z,41637.881978,41645.266077,41571.769442,41579.070425,4072.925771
2025-01-02T14:36:00Z,41579.070425,41592.954807,41531.754734,41560.649680,5362.098361
2025-01-02T14:37:00Z,41560.649680,41595.471886,41547.243768,41583.824818,3080.491648
2025-01-02T14:38:00Z,41583.824818,41656.785813,41575.529348,41629.456900,3512.170529
2025-01-02T14:39:00Z,41629.456900,41652.470607,41605.555863,41628.381898,3115.591051
2025-01-02T14:40:00Z,41628.381898,41654.457660,41570.381932,41591.738135,3070.314789
2025-01-02T14:41:00Z,41591.738135,41679.928506,41566.520745,41655.860960,2627.096468
2025-01-02T14:42:00Z,41655.860960,41759.387167,41630.081350,41727.079635,5079.733879
2025-01-02T14:43:00Z,41727.079635,41747.476576,41711.331832,41737.984694,1853.664911
2025-01-02T14:44:00Z,41737.984694,41747.661559,41734.250514,41741.796555,1554.835739
2025-01-02T14:45:00Z,41741.796555,41763.899589,41690.785922,41698.527036,2644.538229
2025-01-02T14:46:00Z,41698.527036,41710.190400,41683.535432,41702.474017,2913.201017
2025-01-02T14:47:00Z,41702.474017,41713.432907,41680.082751,41686.681847,3476.994892
2025-01-02T14:48:00Z,41686.681847,41712.256100,41628.179259,41646.495292,3549.943074
2025-01-02T14:49:00Z,41646.495292,41712.511315,41642.475301,41702.880697,1607.192824
2025-01-02T14:50:00Z,41702.880697,41741.609643,41676.661575,41713.644251,3275.760791
2025-01-02T14:51:00Z,41713.644251,41722.114460,41633.803816,41640.873121,2255.472100
2025-01-02T14:52:00Z,41640.873121,41665.232193,41618.065199,41655.776690,4313.757469
2025-01-02T14:53:00Z,41655.776690,41680.114082,41649.817418,41669.876270,4504.232135
2025-01-02T14:54:00Z,41669.876270,41713.615544,41650.299282,41693.954625,2045.138074
2025-01-02T14:55:00Z,41693.954625,41701.718343,41664.144129,41675.254872,4164.166879
2025-01-02T14:56:00Z,41675.254872,41700.880312,41665.326905,41688.925287,2483.511468
2025-01-02T14:57:00Z,41688.925287,41743.289702,41681.927277,41737.298030,5032.816250
2025-01-02T14:58:00Z,41737.298030,41758.657744,41725.950586,41745.206489,2012.515407
2025-01-02T14:59:00Z,41745.206489,41750.712077,41735.151303,41736.888205,3890.968348
2025-01-02T15:00:00Z,41736.888205,41776.244293,41695.182904,41756.053579,1939.746079
2025-01-02T15:01:00Z,41756.053579,41800.634860,41712.792750,41782.580064,1976.387113
2025-01-02T15:02:00Z,41782.580064,41844.773525,41760.872740,41832.115360,4134.489884
2025-01-02T15:03:00Z,41832.115360,41838.379256,41824.772320,41832.806768,5664.079364
2025-01-02T15:04:00Z,41832.806768,41841.798295,41815.244365,41824.911135,2716.377160
2025-01-02T15:05:00Z,41824.911135,41920.713829,41803.843735,41888.987582,4039.577963
2025-01-02T15:06:00Z,41888.987582,41901.131070,41867.912723,41880.366225,3409.355510
2025-01-02T15:07:00Z,41880.366225,41897.469331,41876.952124,41885.561834,1313.577692
2025-01-02T15:08:00Z,41885.561834,41927.417153,41868.109667,41914.429110,4674.824761
2025-01-02T15:09:00Z,41914.429110,41937.878495,41877.688909,41919.941258,4421.440517
2025-01-02T15:10:00Z,41919.941258,42004.264550,41897.593583,41994.718037,3621.721321
2025-01-02T15:11:00Z,41994.718037,41996.904300,41958.526814,41969.686953,2167.525671
2025-01-02T15:12:00Z,41969.686953,42067.522748,41959.673815,42061.805366,6207.320092
2025-01-02T15:13:00Z,42061.805366,42103.497677,42054.021155,42096.025856,1922.483642
2025-01-02T15:14:00Z,42096.025856,42108.632378,42057.269592,42090.164006,4766.710216
2025-01-02T15:15:00Z,42090.164006,42111.397241,42038.023703,42067.744378,4740.969140
2025-01-02T15:16:00Z,42067.744378,42093.584660,42053.446844,42089.456602,2348.447934
2025-01-02T15:17:00Z,42089.456602,42104.718387,42080.976943,42100.007502,3583.792661
2025-01-02T15:18:00Z,42100.007502,42137.098275,42094.080118,42127.462324,3633.309048
2025-01-02T15:19:00Z,42127.462324,42203.901138,42101.501753,42185.281701,2673.343274
2025-01-02T15:20:00Z,42185.281701,42212.251812,42169.502708,42194.816033,2347.963958
2025-01-02T15:21:00Z,42194.816033,42234.001516,42185.232387,42211.395451,2842.893116
2025-01-02T15:22:00Z,42211.395451,42228.945397,42201.790416,42226.684906,3905.854590
2025-01-02T15:23:00Z,42226.684906,42268.516250,42212.554850,42250.750604,4178.871441
2025-01-02T15:24:00Z,42250.750604,42267.804495,42205.272581,42216.121418,1636.083759
2025-01-02T15:25:00Z,42216.121418,42220.288252,42185.360575,42193.780315,2017.379743
2025-01-02T15:26:00Z,42193.780315,42246.655499,42155.369116,42229.288845,2470.443428
2025-01-02T15:27:00Z,42229.288845,42254.814277,42179.155203,42195.104690,3118.367732
2025-01-02T15:28:00Z,42195.104690,42210.345973,42170.202672,42191.278883,2923.606466
2025-01-02T15:29:00Z,42191.278883,42223.246458,42175.067510,42216.525347,3752.460513
2025-01-02T15:30:00Z,42216.525347,42226.629547,42186.487163,42205.297595,7167.077473
2025-01-02T15:31:00Z,42205.297595,42286.293034,42178.558713,42272.292562,4675.656544
2025-01-02T15:32:00Z,42272.292562,42317.997062,42264.444808,42302.720934,2972.893353
2025-01-02T15:33:00Z,42302.720934,42317.098209,42273.983696,42307.560816,1961.873623
2025-01-02T15:34:00Z,42307.560816,42315.315934,42234.985677,42255.654593,2626.543828
2025-01-02T15:35:00Z,42255.654593,42258.590370,42224.863767,42231.562668,2740.733242
2025-01-02T15:36:00Z,42231.562668,42243.088977,42154.239809,42191.635684,1659.412756
2025-01-02T15:37:00Z,42191.635684,42208.762183,42131.092870,42148.069277,1693.232017
2025-01-02T15:38:00Z,42148.069277,42192.993298,42107.627673,42135.065007,7530.336818
2025-01-02T15:39:00Z,42135.065007,42196.970408,42131.865935,42195.059961,6642.685191
2025-01-02T15:40:00Z,42195.059961,42226.927566,42166.858857,42173.984678,7659.887987
2025-01-02T15:41:00Z,42173.984678,42208.157885,42130.136745,42165.811917,3407.914124
2025-01-02T15:42:00Z,42165.811917,42226.265607,42145.669415,42197.429278,2692.422840
2025-01-02T15:43:00Z,42197.429278,42235.369602,42194.141822,42227.338643,6633.158329
2025-01-02T15:44:00Z,42227.338643,42285.456559,42215.956705,42248.438057,2580.424586
2025-01-02T15:45:00Z,42248.438057,42255.417412,42198.103793,42208.610524,3767.236977
2025-01-02T15:46:00Z,42208.610524,42228.998699,42184.433613,42210.141253,3619.631764
2025-01-02T15:47:00Z,42210.141253,42233.459352,42201.367986,42212.228279,3720.326830
2025-01-02T15:48:00Z,42212.228279,42301.192939,42191.767574,42293.061722,2617.253232
2025-01-02T15:49:00Z,42293.061722,42298.737336,42241.203725,42247.887993,5665.655732
2025-01-02T15:50:00Z,42247.887993,42325.002444,42233.251568,42291.965899,1836.952635
2025-01-02T15:51:00Z,42291.965899,42414.570897,42276.631981,42392.790550,7653.860901
2025-01-02T15:52:00Z,42392.790550,42476.094209,42370.287307,42433.987306,1831.867417
2025-01-02T15:53:00Z,42433.987306,42447.784796,42389.868615,42396.974004,1499.586220
2025-01-02T15:54:00Z,42396.974004,42424.391642,42373.010240,42403.401159,5093.897868
2025-01-02T15:55:00Z,42403.401159,42439.250112,42379.065713,42423.746876,3306.441638
2025-01-02T15:56:00Z,42423.746876,42431.795378,42380.745575,42388.200091,2078.218535
2025-01-02T15:57:00Z,42388.200091,42401.538942,42313.919293,42334.795709,2166.549466
2025-01-02T15:58:00Z,42334.795709,42361.333729,42276.460775,42307.284822,4494.759411
2025-01-02T15:59:00Z,42307.284822,42325.964892,42269.565171,42298.636653,2689.414718
2025-01-02T16:00:00Z,42298.636653,42352.249064,42288.109053,42334.084922,2280.777983
2025-01-02T16:01:00Z,42334.084922,42374.875261,42304.335189,42356.017049,1267.926555
2025-01-02T16:02:00Z,42356.017049,42410.019138,42348.368095,42380.558728,1662.780973
2025-01-02T16:03:00Z,42380.558728,42392.605967,42334.557751,42379.741101,2862.306383
2025-01-02T16:04:00Z,42379.741101,42419.841194,42342.410736,42403.216708,1496.800259
2025-01-02T16:05:00Z,42403.216708,42412.077897,42354.695205,42358.094232,8163.154530
2025-01-02T16:06:00Z,42358.094232,42372.240393,42257.567064,42263.395296,4266.129525
2025-01-02T16:07:00Z,42263.395296,42284.450191,42254.358610,42274.543973,1699.872089
2025-01-02T16:08:00Z,42274.543973,42325.806033,42244.461269,42306.137992,1344.711928
2025-01-02T16:09:00Z,42306.137992,42320.694864,42302.252484,42307.429080,1268.655379
2025-01-02T16:10:00Z,42307.429080,42318.685008,42297.996157,42304.231092,1583.185463
2025-01-02T16:11:00Z,42304.231092,42321.383754,42258.413538,42289.750281,3778.807360
2025-01-02T16:12:00Z,42289.750281,42361.119539,42277.045234,42339.796582,1882.765333
2025-01-02T16:13:00Z,42339.796582,42363.275222,42250.661804,42280.200406,1836.373084
2025-01-02T16:14:00Z,42280.200406,42292.429244,42243.017472,42251.930716,2676.008731
2025-01-02T16:15:00Z,42251.930716,42261.007294,42182.205951,42200.146537,1751.317153
2025-01-02T16:16:00Z,42200.146537,42212.043490,42126.207701,42171.506090,2717.150354
2025-01-02T16:17:00Z,42171.506090,42215.646469,42167.164498,42203.799013,1256.129130
2025-01-02T16:18:00Z,42203.799013,42248.963201,42198.789377,42244.643833,2975.849686
2025-01-02T16:19:00Z,42244.643833,42287.126852,42227.003565,42242.993161,5012.905065
2025-01-02T16:20:00Z,42242.993161,42257.126395,42237.474442,42254.484228,5668.672910
2025-01-02T16:21:00Z,42254.484228,42326.805358,42227.339459,42304.600111,3231.234689
2025-01-02T16:22:00Z,42304.600111,42333.094706,42246.524817,42276.711053,2458.988376
2025-01-02T16:23:00Z,42276.711053,42382.063350,42238.061366,42352.411970,1330.895853
2025-01-02T16:24:00Z,42352.411970,42384.944601,42331.546433,42364.755714,2138.058603
2025-01-02T16:25:00Z,42364.755714,42378.388676,42311.450088,42354.650379,4370.070826
2025-01-02T16:26:00Z,42354.650379,42391.571785,42325.395667,42383.427986,2895.090789
2025-01-02T16:27:00Z,42383.427986,42406.763164,42360.873917,42395.265392,1766.554112
2025-01-02T16:28:00Z,42395.265392,42421.957027,42331.587491,42355.407901,1925.809091
2025-01-02T16:29:00Z,42355.407901,42402.741058,42333.995032,42396.119502,2843.686905
2025-01-02T16:30:00Z,42396.119502,42411.187399,42331.812531,42362.649348,3006.938582
2025-01-02T16:31:00Z,42362.649348,42381.316723,42348.388485,42354.471426,2818.263046
2025-01-02T16:32:00Z,42354.471426,42378.823414,42315.572576,42351.870270,2564.072544
2025-01-02T16:33:00Z,42351.870270,42372.613480,42320.620225,42346.835442,1473.370009
2025-01-02T16:34:00Z,42346.835442,42388.483430,42328.048713,42372.623646,2901.209775
2025-01-02T16:35:00Z,42372.623646,42415.752661,42340.487025,42353.439001,4970.520581
2025-01-02T16:36:00Z,42353.439001,42356.789518,42292.676949,42305.795340,2520.869688
2025-01-02T16:37:00Z,42305.795340,42316.140017,42293.006250,42300.157049,1974.439960
2025-01-02T16:38:00Z,42300.157049,42314.554082,42222.352023,42248.064147,2603.209502
2025-01-02T16:39:00Z,42248.064147,42260.285617,42240.338248,42250.842929,2247.352913
2025-01-02T16:40:00Z,42250.842929,42294.108986,42204.635153,42262.982770,3403.780050
2025-01-02T16:41:00Z,42262.982770,42273.374154,42221.328987,42238.006778,4020.480159
2025-01-02T16:42:00Z,42238.006778,42298.865437,42216.225736,42265.274241,3785.095299
2025-01-02T16:43:00Z,42265.274241,42295.248248,42254.568334,42280.010316,4527.449142
2025-01-02T16:44:00Z,42280.010316,42285.331998,42231.277928,42250.743033,5625.256371
2025-01-02T16:45:00Z,42250.743033,42270.023919,42229.309895,42263.236025,2928.589204
2025-01-02T16:46:00Z,42263.236025,42267.529572,42239.804533,42260.647573,2957.457692
2025-01-02T16:47:00Z,42260.647573,42276.387842,42166.146310,42199.405892,2110.000566
2025-01-02T16:48:00Z,42199.405892,42228.184503,42180.117094,42209.598135,3973.144878
2025-01-02T16:49:00Z,42209.598135,42244.088475,42132.982245,42174.067401,2111.823778
2025-01-02T16:50:00Z,42174.067401,42190.691146,42165.636079,42182.557586,3749.683614
2025-01-02T16:51:00Z,42182.557586,42222.697861,42079.465420,42099.856891,2286.626938
2025-01-02T16:52:00Z,42099.856891,42107.791730,42079.454762,42091.605476,4460.150727
2025-01-02T16:53:00Z,42091.605476,42138.583688,41997.723287,42045.448919,3008.008524
2025-01-02T16:54:00Z,42045.448919,42095.414028,42039.457985,42083.144859,2331.028369
2025-01-02T16:55:00Z,42083.144859,42091.075309,42035.318567,42053.682170,2598.691127
2025-01-02T16:56:00Z,42053.682170,42085.686022,42033.757132,42065.841211,4555.448858
2025-01-02T16:57:00Z,42065.841211,42124.708344,42056.573988,42092.479917,1193.451357
2025-01-02T16:58:00Z,42092.479917,42104.359712,42029.447755,42042.107453,2744.636619
2025-01-02T16:59:00Z,42042.107453,42052.073778,41994.980108,42007.914077,2725.018867
2025-01-02T17:00:00Z,42007.914077,42032.890883,41960.111049,41985.439571,3281.717426
2025-01-02T17:01:00Z,41985.439571,41996.578259,41978.847799,41990.380613,3130.387680
2025-01-02T17:02:00Z,41990.380613,42022.706259,41922.793156,41952.723417,11136.476691
2025-01-02T17:03:00Z,41952.723417,41972.973942,41909.893065,41941.338647,2914.333505
2025-01-02T17:04:00Z,41941.338647,42000.146406,41920.477933,41973.462785,2142.814279
2025-01-02T17:05:00Z,41973.462785,42011.900858,41970.606457,41998.727974,3333.383346
2025-01-02T17:06:00Z,41998.727974,42051.022536,41986.570472,42027.755095,1319.995560
2025-01-02T17:07:00Z,42027.755095,42039.287033,41945.189698,41989.593796,4944.236105
2025-01-02T17:08:00Z,41989.593796,42031.339847,41986.761790,42028.529626,1910.850564
2025-01-02T17:09:00Z,42028.529626,42044.395441,41987.430227,42022.183560,2802.856461
2025-01-02T17:10:00Z,42022.183560,42035.880393,42008.473681,42022.405365,2921.694169
2025-01-02T17:11:00Z,42022.405365,42138.581415,41985.518016,42118.257801,2617.915403
2025-01-02T17:12:00Z,42118.257801,42144.956030,42103.599426,42133.188997,3194.003357
2025-01-02T17:13:00Z,42133.188997,42163.699896,42076.368805,42091.320733,3915.382736
2025-01-02T17:14:00Z,42091.320733,42140.836630,42082.360181,42127.883920,1794.306876
2025-01-02T17:15:00Z,42127.883920,42166.878242,42074.836608,42101.231695,3596.037768
2025-01-02T17:16:00Z,42101.231695,42118.413290,42047.083685,42059.531270,2055.650754
2025-01-02T17:17:00Z,42059.531270,42068.463258,42012.273169,42043.499510,2268.720408
2025-01-02T17:18:00Z,42043.499510,42062.461284,42010.849577,42018.419327,3043.037515
2025-01-02T17:19:00Z,42018.419327,42032.587797,41972.579174,41981.906755,1160.854906
2025-01-02T17:20:00Z,41981.906755,41990.811670,41953.939131,41963.376394,2719.062172
2025-01-02T17:21:00Z,41963.376394,42007.448096,41935.850914,41999.916889,2499.435273
2025-01-02T17:22:00Z,41999.916889,42013.178332,41974.901226,41979.836627,3108.738419
2025-01-02T17:23:00Z,41979.836627,41991.161690,41971.329389,41980.291865,1322.193071
2025-01-02T17:24:00Z,41980.291865,42010.610366,41974.730576,42004.089444,4789.089069
2025-01-02T17:25:00Z,42004.089444,42020.626730,41985.458663,42008.156330,3971.383972
2025-01-02T17:26:00Z,42008.156330,42029.614853,41943.109747,41958.737948,7527.130301
2025-01-02T17:27:00Z,41958.737948,41963.641851,41930.662957,41933.291864,2094.758689
2025-01-02T17:28:00Z,41933.291864,41955.814689,41902.191544,41937.268605,3907.805742
2025-01-02T17:29:00Z,41937.268605,41973.364722,41928.975148,41955.084009,3438.263884
2025-01-02T17:30:00Z,41955.084009,41979.456058,41933.014538,41961.124062,2880.386195
2025-01-02T17:31:00Z,41961.124062,41983.599153,41927.280438,41940.815267,2474.485984
2025-01-02T17:32:00Z,41940.815267,41969.092944,41921.970584,41954.914219,3638.206069
2025-01-02T17:33:00Z,41954.914219,41965.410360,41941.758054,41951.434971,2378.896380
2025-01-02T17:34:00Z,41951.434971,42033.193988,41918.810181,41989.276254,3990.378203
2025-01-02T17:35:00Z,41989.276254,42009.360669,41955.477700,41974.181132,5484.766350
2025-01-02T17:36:00Z,41974.181132,42001.357128,41898.474327,41944.920526,2277.579153
2025-01-02T17:37:00Z,41944.920526,41968.964144,41930.022488,41962.834606,4711.799246
2025-01-02T17:38:00Z,41962.834606,42042.452165,41938.995458,41997.049132,8491.609159
2025-01-02T17:39:00Z,41997.049132,42057.609066,41988.257052,42051.237851,3316.973924
2025-01-02T17:40:00Z,42051.237851,42071.431423,42010.995622,42021.730630,2742.854702
2025-01-02T17:41:00Z,42021.730630,42066.973092,42008.844393,42048.291959,2519.873713
2025-01-02T17:42:00Z,42048.291959,42058.191552,42002.221025,42017.483387,3928.042077
2025-01-02T17:43:00Z,42017.483387,42021.991014,42005.193051,42017.457096,4034.861162
2025-01-02T17:44:00Z,42017.457096,42046.053812,41948.885538,41985.729111,1761.082481
2025-01-02T17:45:00Z,41985.729111,41989.911408,41934.855404,41938.637260,4241.514085
2025-01-02T17:46:00Z,41938.637260,41973.343383,41886.261655,41915.591105,2184.642414
2025-01-02T17:47:00Z,41915.591105,41940.007222,41900.976312,41931.084641,3291.095437
2025-01-02T17:48:00Z,41931.084641,41949.765370,41890.947428,41903.192094,2889.557354
2025-01-02T17:49:00Z,41903.192094,41927.854405,41871.408103,41882.904877,2182.483081
2025-01-02T17:50:00Z,41882.904877,41890.013834,41820.409056,41828.184264,4694.051449
2025-01-02T17:51:00Z,41828.184264,41853.317952,41783.719189,41833.059248,2501.080408
2025-01-02T17:52:00Z,41833.059248,41865.581734,41747.738410,41784.372573,1852.154957
2025-01-02T17:53:00Z,41784.372573,41793.623605,41742.414234,41780.940608,3073.179618
2025-01-02T17:54:00Z,41780.940608,41785.078351,41740.890582,41745.764862,7286.903788
2025-01-02T17:55:00Z,41745.764862,41785.565835,41706.336467,41755.524520,2080.102925
2025-01-02T17:56:00Z,41755.524520,41760.059908,41685.191121,41696.652023,3325.592273
2025-01-02T17:57:00Z,41696.652023,41719.206482,41680.487404,41704.740401,2563.626757
2025-01-02T17:58:00Z,41704.740401,41746.060850,41685.336109,41720.260746,4809.617452
2025-01-02T17:59:00Z,41720.260746,41797.782892,41701.464272,41787.679484,1480.453653
2025-01-02T18:00:00Z,41787.679484,41798.399413,41773.808339,41780.662828,2338.400707
2025-01-02T18:01:00Z,41780.662828,41863.122790,41753.214356,41823.572551,3248.340589
2025-01-02T18:02:00Z,41823.572551,41891.936755,41792.344092,41845.239479,7095.731350
2025-01-02T18:03:00Z,41845.239479,41922.333611,41832.635380,41912.215138,1236.764240
2025-01-02T18:04:00Z,41912.215138,41923.936179,41884.204491,41893.941437,4573.286113
2025-01-02T18:05:00Z,41893.941437,41908.762653,41825.591537,41844.272570,1093.422937
2025-01-02T18:06:00Z,41844.272570,41883.149795,41806.836115,41875.739845,4043.604695
2025-01-02T18:07:00Z,41875.739845,41889.949679,41832.593170,41850.000851,3412.958230
2025-01-02T18:08:00Z,41850.000851,41874.972209,41762.370755,41768.061625,2622.275441
2025-01-02T18:09:00Z,41768.061625,41781.384984,41756.940504,41762.002009,4377.177289
2025-01-02T18:10:00Z,41762.002009,41767.996330,41737.828376,41753.897856,1394.106937
2025-01-02T18:11:00Z,41753.897856,41834.616361,41747.832900,41808.757587,7414.111206
2025-01-02T18:12:00Z,41808.757587,41813.112194,41731.436884,41747.526164,5794.596700
2025-01-02T18:13:00Z,41747.526164,41783.703796,41695.644634,41729.435677,2029.450634
2025-01-02T18:14:00Z,41729.435677,41765.789710,41665.960345,41695.719494,3739.679868
2025-01-02T18:15:00Z,41695.719494,41738.694596,41650.341916,41661.281644,3055.972701
2025-01-02T18:16:00Z,41661.281644,41668.565010,41614.888805,41638.369204,2120.042697
2025-01-02T18:17:00Z,41638.369204,41642.355415,41633.133044,41635.594104,2438.370079
2025-01-02T18:18:00Z,41635.594104,41653.362913,41627.795454,41645.703175,1420.463533
2025-01-02T18:19:00Z,41645.703175,41670.735773,41623.135279,41661.004002,1272.053765
2025-01-02T18:20:00Z,41661.004002,41714.699266,41649.709748,41678.281906,2076.290372
2025-01-02T18:21:00Z,41678.281906,41718.481487,41675.003598,41707.450268,4851.750931
2025-01-02T18:22:00Z,41707.450268,41772.208994,41705.578868,41767.924138,5447.704612
2025-01-02T18:23:00Z,41767.924138,41784.333476,41756.956705,41772.501532,3154.442287
2025-01-02T18:24:00Z,41772.501532,41806.845311,41759.345767,41796.438922,10560.069932
2025-01-02T18:25:00Z,41796.438922,41798.932617,41756.798712,41758.135281,1332.254513
2025-01-02T18:26:00Z,41758.135281,41766.858147,41746.895888,41759.746829,3892.720303
2025-01-02T18:27:00Z,41759.746829,41762.463888,41731.647118,41735.307360,1530.404634
2025-01-02T18:28:00Z,41735.307360,41769.046299,41712.828460,41746.826689,2941.001371
2025-01-02T18:29:00Z,41746.826689,41767.503345,41692.263650,41711.143523,2935.343980
2025-01-02T18:30:00Z,41711.143523,41729.418290,41616.444650,41655.056086,2630.102178
2025-01-02T18:31:00Z,41655.056086,41673.721030,41641.060175,41657.794876,3178.084461
2025-01-02T18:32:00Z,41657.794876,41687.865125,41648.180967,41655.139588,2521.642287
2025-01-02T18:33:00Z,41655.139588,41684.397674,41631.656784,41646.372660,2457.032997
2025-01-02T18:34:00Z,41646.372660,41649.438261,41610.197893,41617.090465,1611.481807
2025-01-02T18:35:00Z,41617.090465,41632.571169,41535.354834,41556.670272,3734.900698
2025-01-02T18:36:00Z,41556.670272,41565.532261,41497.432740,41500.164855,14083.230025
2025-01-02T18:37:00Z,41500.164855,41524.180343,41447.301236,41469.671485,4454.662074
2025-01-02T18:38:00Z,41469.671485,41522.656320,41456.764963,41498.050211,2732.433315
2025-01-02T18:39:00Z,41498.050211,41499.768794,41487.489427,41490.105657,1864.235018
2025-01-02T18:40:00Z,41490.105657,41533.007044,41471.188672,41528.924540,2861.459590
2025-01-02T18:41:00Z,41528.924540,41539.022375,41502.396874,41510.152106,2355.103736
2025-01-02T18:42:00Z,41510.152106,41513.863857,41477.597051,41487.513195,3504.718788
2025-01-02T18:43:00Z,41487.513195,41498.052295,41435.388595,41452.304177,8592.604062
2025-01-02T18:44:00Z,41452.304177,41466.507864,41392.486555,41438.636018,1857.991926
2025-01-02T18:45:00Z,41438.636018,41512.995584,41434.135646,41509.515511,4541.864611
2025-01-02T18:46:00Z,41509.515511,41549.037820,41471.513636,41495.785118,4103.094807
2025-01-02T18:47:00Z,41495.785118,41524.814303,41486.875770,41516.445110,3076.131197
2025-01-02T18:48:00Z,41516.445110,41520.773861,41485.179652,41493.486491,3291.105046
2025-01-02T18:49:00Z,41493.486491,41530.173444,41488.761475,41509.155659,1284.639232
2025-01-02T18:50:00Z,41509.155659,41515.451244,41463.789100,41468.974856,3472.368777
2025-01-02T18:51:00Z,41468.974856,41526.321203,41431.145055,41481.371649,2251.085226
2025-01-02T18:52:00Z,41481.371649,41487.874321,41427.555374,41432.949282,2440.595036
2025-01-02T18:53:00Z,41432.949282,41450.247677,41373.131952,41405.106574,5287.532420
2025-01-02T18:54:00Z,41405.106574,41420.073060,41397.886776,41402.789491,6837.179840
2025-01-02T18:55:00Z,41402.789491,41429.208522,41371.707780,41380.731351,2939.867209
2025-01-02T18:56:00Z,41380.731351,41423.901321,41311.287186,41328.655739,3086.460990
2025-01-02T18:57:00Z,41328.655739,41344.616035,41255.609157,41267.107672,3802.665488
2025-01-02T18:58:00Z,41267.107672,41278.174902,41259.727470,41266.731448,2622.108056
2025-01-02T18:59:00Z,41266.731448,41281.478733,41261.762011,41276.961083,1880.893015
2025-01-02T19:00:00Z,41276.961083,41339.550637,41256.598861,41314.896264,2816.889908
2025-01-02T19:01:00Z,41314.896264,41359.173987,41306.837422,41351.133019,2541.763513
2025-01-02T19:02:00Z,41351.133019,41379.015045,41342.005109,41364.499424,6362.465465
2025-01-02T19:03:00Z,41364.499424,41369.264987,41356.783854,41359.904254,2805.755960
2025-01-02T19:04:00Z,41359.904254,41364.598194,41313.006995,41320.841341,1600.756753
2025-01-02T19:05:00Z,41320.841341,41361.861814,41297.076792,41342.178844,4938.898064
2025-01-02T19:06:00Z,41342.178844,41369.461350,41332.766471,41356.404614,3734.518953
2025-01-02T19:07:00Z,41356.404614,41372.004270,41313.988473,41359.136670,3646.695508
2025-01-02T19:08:00Z,41359.136670,41373.733359,41311.007068,41322.902079,2591.445225
2025-01-02T19:09:00Z,41322.902079,41332.815418,41264.417469,41283.921347,1863.380602
2025-01-02T19:10:00Z,41283.921347,41323.546004,41256.670278,41304.212454,3226.031344
2025-01-02T19:11:00Z,41304.212454,41349.999166,41301.790177,41347.613208,3812.045200
2025-01-02T19:12:00Z,41347.613208,41382.136049,41310.251683,41365.111371,4656.321828
2025-01-02T19:13:00Z,41365.111371,41407.541308,41351.601669,41388.990360,2777.344633
2025-01-02T19:14:00Z,41388.990360,41405.687985,41334.636246,41344.581695,2556.794958
2025-01-02T19:15:00Z,41344.581695,41372.443968,41321.426442,41365.876113,1421.072090
2025-01-02T19:16:00Z,41365.876113,41387.194079,41351.691823,41358.795605,4154.885556
2025-01-02T19:17:00Z,41358.795605,41368.903854,41356.322919,41366.509262,2279.114005
2025-01-02T19:18:00Z,41366.509262,41411.639560,41344.721333,41399.720687,6278.018773
2025-01-02T19:19:00Z,41399.720687,41422.326868,41363.070372,41391.470418,2757.739968
2025-01-02T19:20:00Z,41391.470418,41395.917473,41370.516366,41372.818748,1741.311499
2025-01-02T19:21:00Z,41372.818748,41396.472572,41347.293154,41364.486677,2902.174738
2025-01-02T19:22:00Z,41364.486677,41384.517900,41351.036220,41375.638216,2539.311736
2025-01-02T19:23:00Z,41375.638216,41393.302388,41361.059450,41370.001453,2068.117546
2025-01-02T19:24:00Z,41370.001453,41387.757195,41362.362300,41379.010919,5362.989482
2025-01-02T19:25:00Z,41379.010919,41398.642283,41374.572491,41394.454293,3831.897892
2025-01-02T19:26:00Z,41394.454293,41397.116237,41345.377997,41356.444303,2881.252585
2025-01-02T19:27:00Z,41356.444303,41365.365676,41338.233011,41349.205355,1193.424584
2025-01-02T19:28:00Z,41349.205355,41407.602577,41328.366760,41369.789545,1661.527268
2025-01-02T19:29:00Z,41369.789545,41436.970691,41358.360664,41409.572145,3682.908335
2025-01-02T19:30:00Z,41409.572145,41414.218307,41370.754790,41377.267287,2901.525314
2025-01-02T19:31:00Z,41377.267287,41397.600367,41302.480703,41320.739013,2986.439933
2025-01-02T19:32:00Z,41320.739013,41338.257911,41297.078530,41318.956873,1082.301022
2025-01-02T19:33:00Z,41318.956873,41321.111756,41275.285803,41276.690339,1188.262465
2025-01-02T19:34:00Z,41276.690339,41285.889333,41275.781305,41283.733972,3065.856327
2025-01-02T19:35:00Z,41283.733972,41295.561119,41207.719749,41230.322944,3812.244775
2025-01-02T19:36:00Z,41230.322944,41248.428416,41158.632889,41173.803843,1153.499886
2025-01-02T19:37:00Z,41173.803843,41175.535978,41153.254586,41155.104486,2184.389902
2025-01-02T19:38:00Z,41155.104486,41200.200541,41065.716760,41078.677315,3940.794318
2025-01-02T19:39:00Z,41078.677315,41114.728407,40985.240086,41023.018248,1285.744995
2025-01-02T19:40:00Z,41023.018248,41048.016198,40989.483798,41027.791182,3625.355022
2025-01-02T19:41:00Z,41027.791182,41031.557273,41015.181836,41016.480986,2125.723619
2025-01-02T19:42:00Z,41016.480986,41027.320376,41001.569636,41006.021612,2224.359351
2025-01-02T19:43:00Z,41006.021612,41008.271754,40958.815821,40970.394267,3667.895020
2025-01-02T19:44:00Z,40970.394267,41003.486783,40889.012003,40922.430719,1154.374987
2025-01-02T19:45:00Z,40922.430719,40961.628724,40911.247234,40928.107659,4185.330675
2025-01-02T19:46:00Z,40928.107659,40938.055925,40873.161975,40904.263645,1390.838694
2025-01-02T19:47:00Z,40904.263645,40958.468107,40876.808907,40928.722565,1899.808275
2025-01-02T19:48:00Z,40928.722565,40932.891778,40918.474075,40925.975566,2060.372140
2025-01-02T19:49:00Z,40925.975566,40960.504944,40866.593916,40894.210265,2643.110531
2025-01-02T19:50:00Z,40894.210265,40909.080400,40862.010910,40872.914810,5325.477999
2025-01-02T19:51:00Z,40872.914810,40935.692079,40862.531732,40927.374992,2753.248864
2025-01-02T19:52:00Z,40927.374992,40938.686609,40893.451007,40911.347700,1975.595335
2025-01-02T19:53:00Z,40911.347700,40976.983637,40890.731382,40958.833959,6495.488177
2025-01-02T19:54:00Z,40958.833959,40977.559194,40909.191175,40928.995007,1266.613115
2025-01-02T19:55:00Z,40928.995007,40972.697995,40900.183445,40946.800323,4126.543307
2025-01-02T19:56:00Z,40946.800323,40980.846453,40845.975226,40865.789516,1715.018900
2025-01-02T19:57:00Z,40865.789516,40925.710003,40836.613855,40895.543888,1298.648387
2025-01-02T19:58:00Z,40895.543888,40923.342646,40850.227923,40873.096730,2546.433738
2025-01-02T19:59:00Z,40873.096730,40884.694054,40827.039237,40849.913746,1443.545345
2025-01-02T20:00:00Z,40849.913746,40873.651498,40786.549045,40796.307917,6348.106967
2025-01-02T20:01:00Z,40796.307917,40806.009212,40750.144113,40776.752899,4319.263887
2025-01-02T20:02:00Z,40776.752899,40791.074031,40710.517254,40717.914970,3808.486118
2025-01-02T20:03:00Z,40717.914970,40731.671219,40715.730664,40728.907959,1783.964399
2025-01-02T20:04:00Z,40728.907959,40772.107818,40714.832340,40752.658467,2688.521609
2025-01-02T20:05:00Z,40752.658467,40803.780621,40751.071247,40802.638203,4774.650637
2025-01-02T20:06:00Z,40802.638203,40828.830421,40794.922161,40825.790737,6098.773716
2025-01-02T20:07:00Z,40825.790737,40842.739836,40790.343037,40799.786151,3638.907688
2025-01-02T20:08:00Z,40799.786151,40815.428059,40770.582671,40784.020954,3639.001460
2025-01-02T20:09:00Z,40784.020954,40789.139807,40766.727081,40778.216117,2732.789689
2025-01-02T20:10:00Z,40778.216117,40850.273701,40751.812446,40829.417244,3413.336701
2025-01-02T20:11:00Z,40829.417244,40886.601594,40797.905074,40871.777030,4433.907613
2025-01-02T20:12:00Z,40871.777030,40875.564113,40859.767460,40865.859615,3000.237430
2025-01-02T20:13:00Z,40865.859615,40872.450862,40820.782149,40827.311567,3257.241458
2025-01-02T20:14:00Z,40827.311567,40875.070340,40789.858674,40861.108428,2362.765035
2025-01-02T20:15:00Z,40861.108428,40925.243772,40847.491226,40890.767500,3238.841078
2025-01-02T20:16:00Z,40890.767500,40900.133718,40880.434422,40889.078978,3085.528254
2025-01-02T20:17:00Z,40889.078978,40939.077986,40868.817638,40924.100336,2459.585585
2025-01-02T20:18:00Z,40924.100336,40931.097180,40847.688814,40869.791022,5778.099155
2025-01-02T20:19:00Z,40869.791022,40888.177709,40846.807464,40860.325589,1816.006360
2025-01-02T20:20:00Z,40860.325589,40863.205944,40847.368273,40855.790027,4406.901343
2025-01-02T20:21:00Z,40855.790027,40874.773932,40851.464352,40870.581715,4880.727468
2025-01-02T20:22:00Z,40870.581715,40922.445173,40867.499073,40920.260905,1932.203072
2025-01-02T20:23:00Z,40920.260905,40928.324981,40886.344043,40897.611823,1347.644582
2025-01-02T20:24:00Z,40897.611823,40922.464607,40887.042650,40913.797102,2671.123310
2025-01-02T20:25:00Z,40913.797102,40929.600849,40880.917931,40884.795157,2475.852125
2025-01-02T20:26:00Z,40884.795157,40893.193752,40820.195664,40838.665338,2672.957314
2025-01-02T20:27:00Z,40838.665338,40843.863285,40825.744040,40834.815332,5244.904732
2025-01-02T20:28:00Z,40834.815332,40888.865076,40813.957850,40867.769013,2606.557212
2025-01-02T20:29:00Z,40867.769013,40891.218111,40859.080248,40883.476165,2537.484095
2025-01-02T20:30:00Z,40883.476165,40891.708932,40778.977917,40783.722250,4929.642843
2025-01-02T20:31:00Z,40783.722250,40807.698887,40775.400829,40793.074179,2254.716361
2025-01-02T20:32:00Z,40793.074179,40814.136065,40785.314957,40807.833235,3613.101510
2025-01-02T20:33:00Z,40807.833235,40838.429728,40801.871721,40816.006767,2407.050870
2025-01-02T20:34:00Z,40816.006767,40873.681676,40778.039960,40833.463903,2522.911461
2025-01-02T20:35:00Z,40833.463903,40858.502312,40820.715190,40852.016957,4784.867253
2025-01-02T20:36:00Z,40852.016957,40863.654073,40818.461836,40829.454854,1963.095589
2025-01-02T20:37:00Z,40829.454854,40834.143093,40761.704877,40769.508011,2820.273482
2025-01-02T20:38:00Z,40769.508011,40802.477049,40734.159243,40751.970330,2599.571741
2025-01-02T20:39:00Z,40751.970330,40764.901323,40745.262387,40760.942531,4217.240341
2025-01-02T20:40:00Z,40760.942531,40800.050126,40743.975223,40767.573714,2684.833525
2025-01-02T20:41:00Z,40767.573714,40777.887152,40695.763559,40721.439391,1702.123772
2025-01-02T20:42:00Z,40721.439391,40770.495041,40711.519569,40743.968056,1196.633960
2025-01-02T20:43:00Z,40743.968056,40764.475584,40720.125618,40727.609678,2402.066102
2025-01-02T20:44:00Z,40727.609678,40758.420904,40696.669366,40745.713690,3218.630013
2025-01-02T20:45:00Z,40745.713690,40766.957401,40705.567231,40729.138257,4141.658960
2025-01-02T20:46:00Z,40729.138257,40737.298883,40703.142557,40721.587101,5043.880440
2025-01-02T20:47:00Z,40721.587101,40753.550425,40663.129459,40695.337345,2887.294342
2025-01-02T20:48:00Z,40695.337345,40762.538596,40676.388008,40740.626231,2244.353179
2025-01-02T20:49:00Z,40740.626231,40790.390292,40726.788559,40778.456224,3953.719889
2025-01-02T20:50:00Z,40778.456224,40791.193327,40768.442034,40784.330980,4253.953291
2025-01-02T20:51:00Z,40784.330980,40812.948755,40742.693814,40763.185879,7349.568787
2025-01-02T20:52:00Z,40763.185879,40777.287779,40737.660225,40748.357846,6561.813802
2025-01-02T20:53:00Z,40748.357846,40783.498730,40701.359627,40712.292196,4039.890320
2025-01-02T20:54:00Z,40712.292196,40738.582846,40690.562648,40722.156818,2052.203778
2025-01-02T20:55:00Z,40722.156818,40731.634727,40680.050972,40703.518671,6159.868822
2025-01-02T20:56:00Z,40703.518671,40754.733158,40691.547239,40743.231622,1899.416317
2025-01-02T20:57:00Z,40743.231622,40779.098781,40727.963010,40769.156096,5394.943304
2025-01-02T20:58:00Z,40769.156096,40778.696561,40749.976584,40770.454918,5314.749932
2025-01-02T20:59:00Z,40770.454918,40816.120472,40763.560592,40775.966556,9630.823165
2025-01-02T21:00:00Z,40775.966556,40836.375247,40730.523963,40811.389797,7889.070438
2025-01-02T21:01:00Z,40811.389797,40821.335313,40789.395504,40795.648805,2485.559155
2025-01-02T21:02:00Z,40795.648805,40813.158201,40704.580792,40719.773696,5210.905001
2025-01-02T21:03:00Z,40719.773696,40759.314940,40715.364817,40741.968879,3619.181027
2025-01-02T21:04:00Z,40741.968879,40775.569599,40718.159853,40764.234280,2214.588843
2025-01-02T21:05:00Z,40764.234280,40828.548673,40755.335830,40815.880534,2189.896876
2025-01-02T21:06:00Z,40815.880534,40865.703203,40798.849758,40852.799732,3057.268450
2025-01-02T21:07:00Z,40852.799732,40877.454124,40833.929093,40865.751470,5540.684591
2025-01-02T21:08:00Z,40865.751470,40895.979941,40855.480510,40883.339935,2398.794340
2025-01-02T21:09:00Z,40883.339935,40921.252131,40869.981563,40911.806789,1353.723587
2025-01-02T21:10:00Z,40911.806789,40983.432539,40884.234178,40964.559641,4449.910411
2025-01-02T21:11:00Z,40964.559641,41032.505108,40960.076418,41024.418753,4874.748363
2025-01-02T21:12:00Z,41024.418753,41046.359697,41020.314697,41042.818379,3950.354127
2025-01-02T21:13:00Z,41042.818379,41050.414191,41006.063432,41011.582531,2225.764582
2025-01-02T21:14:00Z,41011.582531,41083.660419,40999.623357,41064.443822,4230.380824
2025-01-02T21:15:00Z,41064.443822,41075.812806,41022.115249,41048.187817,2227.933607
2025-01-02T21:16:00Z,41048.187817,41060.421283,40981.785414,40998.165252,3109.801527
2025-01-02T21:17:00Z,40998.165252,41013.323244,40935.375064,40959.276488,1684.831237
2025-01-02T21:18:00Z,40959.276488,40977.065103,40918.981987,40926.311726,1971.975496
2025-01-02T21:19:00Z,40926.311726,40932.815144,40915.457600,40921.168655,4545.115349
2025-01-02T21:20:00Z,40921.168655,40926.826277,40897.171248,40899.384296,2210.456259
2025-01-02T21:21:00Z,40899.384296,40919.133960,40877.500171,40895.784692,1868.323409
2025-01-02T21:22:00Z,40895.784692,40929.868853,40867.053962,40875.948785,4254.125212
2025-01-02T21:23:00Z,40875.948785,40904.319084,40864.022139,40883.277478,4121.726365
2025-01-02T21:24:00Z,40883.277478,40945.016070,40855.146767,40922.762373,6432.789041
2025-01-02T21:25:00Z,40922.762373,40999.354295,40917.674745,40982.498433,1062.549197
2025-01-02T21:26:00Z,40982.498433,41010.542048,40974.187991,41003.100288,2697.434437
2025-01-02T21:27:00Z,41003.100288,41059.863411,40995.954471,41044.056437,2428.838926
2025-01-02T21:28:00Z,41044.056437,41083.953209,41037.309044,41072.694815,2531.207886
2025-01-02T21:29:00Z,41072.694815,41117.757779,41040.020989,41089.885918,3231.430244
2025-01-02T21:30:00Z,41089.885918,41145.028998,41063.182483,41117.177012,2695.702782
2025-01-02T21:31:00Z,41117.177012,41140.904271,41114.143370,41130.550972,6728.653270
2025-01-02T21:32:00Z,41130.550972,41191.000629,41123.432624,41187.518074,4885.598171
2025-01-02T21:33:00Z,41187.518074,41210.431944,41183.158468,41199.356512,1451.592692
2025-01-02T21:34:00Z,41199.356512,41295.564255,41192.162573,41272.317179,3129.444376
2025-01-02T21:35:00Z,41272.317179,41274.586862,41266.022916,41269.275662,2967.983216
2025-01-02T21:36:00Z,41269.275662,41348.989503,41252.424896,41321.781420,5774.725727
2025-01-02T21:37:00Z,41321.781420,41334.256207,41314.875351,41330.571801,3940.860917
2025-01-02T21:38:00Z,41330.571801,41342.806340,41318.561525,41339.160697,2520.923203
2025-01-02T21:39:00Z,41339.160697,41376.389228,41327.782518,41362.419055,1563.385674
2025-01-02T21:40:00Z,41362.419055,41384.122027,41255.464698,41287.024540,2488.737931
2025-01-02T21:41:00Z,41287.024540,41310.216100,41264.879452,41284.359180,1431.041843
2025-01-02T21:42:00Z,41284.359180,41298.196659,41226.463913,41253.663177,2949.850701
2025-01-02T21:43:00Z,41253.663177,41269.928101,41227.806060,41243.102419,3945.110800
2025-01-02T21:44:00Z,41243.102419,41245.586158,41223.810263,41231.116770,3939.974153
2025-01-02T21:45:00Z,41231.116770,41266.998921,41192.815005,41227.201083,2455.129989
2025-01-02T21:46:00Z,41227.201083,41230.055485,41213.055414,41218.689229,2192.103780
2025-01-02T21:47:00Z,41218.689229,41232.929763,41168.218171,41191.389563,3620.222662
2025-01-02T21:48:00Z,41191.389563,41198.297682,41159.512464,41166.115502,3316.415966
2025-01-02T21:49:00Z,41166.115502,41202.490570,41162.543703,41198.440552,2500.645159
2025-01-02T21:50:00Z,41198.440552,41213.027722,41167.591116,41186.327122,2010.145376
2025-01-02T21:51:00Z,41186.327122,41210.961990,41098.148043,41118.179187,3464.702358
2025-01-02T21:52:00Z,41118.179187,41164.068860,41114.629422,41151.836434,7730.981284
2025-01-02T21:53:00Z,41151.836434,41155.413667,41148.209665,41153.307822,2108.834745
2025-01-02T21:54:00Z,41153.307822,41216.394036,41125.594372,41194.126392,3194.248390
2025-01-02T21:55:00Z,41194.126392,41207.036897,41179.258113,41199.507294,3435.753493
2025-01-02T21:56:00Z,41199.507294,41204.848649,41146.284784,41151.349918,3164.931194
2025-01-02T21:57:00Z,41151.349918,41196.630939,41124.606646,41147.704831,2784.955728
2025-01-02T21:58:00Z,41147.704831,41162.121665,41125.804338,41136.366404,1978.181252
2025-01-02T21:59:00Z,41136.366404,41167.271234,41131.931275,41156.372809,2693.707042
2025-01-02T22:00:00Z,41156.372809,41165.077024,41130.183981,41137.171714,8552.104365
2025-01-02T22:01:00Z,41137.171714,41164.291981,41109.965121,41153.196790,2370.204499
2025-01-02T22:02:00Z,41153.196790,41189.415462,41128.660483,41172.684200,2982.727604
2025-01-02T22:03:00Z,41172.684200,41259.372699,41144.586824,41213.799014,3655.723043
2025-01-02T22:04:00Z,41213.799014,41283.682090,41169.547887,41253.037299,3791.194465
2025-01-02T22:05:00Z,41253.037299,41319.241788,41238.087464,41308.829758,1204.270175
2025-01-02T22:06:00Z,41308.829758,41348.516215,41283.782004,41327.539675,2057.726064
2025-01-02T22:07:00Z,41327.539675,41386.805721,41298.637805,41357.079811,1778.658477
2025-01-02T22:08:00Z,41357.079811,41375.373619,41333.951175,41365.793223,6810.542180
2025-01-02T22:09:00Z,41365.793223,41376.101408,41312.405800,41344.882333,9391.242292
2025-01-02T22:10:00Z,41344.882333,41386.070436,41308.522690,41359.787667,2144.770351
2025-01-02T22:11:00Z,41359.787667,41390.082855,41353.387972,41382.511636,8992.259820
2025-01-02T22:12:00Z,41382.511636,41402.189473,41341.894864,41358.774031,2665.060154
2025-01-02T22:13:00Z,41358.774031,41407.378675,41352.899213,41382.486862,3397.331619
2025-01-02T22:14:00Z,41382.486862,41403.145897,41354.548182,41361.753905,7107.656175
2025-01-02T22:15:00Z,41361.753905,41374.176499,41342.957651,41359.965368,3037.587831
2025-01-02T22:16:00Z,41359.965368,41425.547721,41335.849719,41394.137210,2078.525518
2025-01-02T22:17:00Z,41394.137210,41426.037261,41384.474775,41416.221427,2208.645776
2025-01-02T22:18:00Z,41416.221427,41418.260781,41400.082829,41407.284636,4390.733969
2025-01-02T22:19:00Z,41407.284636,41461.096151,41380.928207,41454.511549,3071.484191
2025-01-02T22:20:00Z,41454.511549,41485.832440,41438.965809,41477.511942,1623.904425
2025-01-02T22:21:00Z,41477.511942,41562.777999,41459.164876,41546.952163,7788.286135
2025-01-02T22:22:00Z,41546.952163,41553.141743,41522.636557,41525.639042,4713.114731
2025-01-02T22:23:00Z,41525.639042,41607.360309,41483.625821,41573.864098,3443.191413
2025-01-02T22:24:00Z,41573.864098,41608.999214,41568.086099,41586.576222,3853.602828
2025-01-02T22:25:00Z,41586.576222,41611.164224,41542.131892,41553.676286,2112.449142
2025-01-02T22:26:00Z,41553.676286,41612.344955,41541.172532,41600.625913,3803.865077
2025-01-02T22:27:00Z,41600.625913,41650.188600,41569.073330,41643.230258,4226.027777
2025-01-02T22:28:00Z,41643.230258,41662.515547,41597.723079,41622.189887,1641.143782
2025-01-02T22:29:00Z,41622.189887,41641.506493,41604.712611,41613.059607,5869.247594
2025-01-02T22:30:00Z,41613.059607,41653.658625,41607.338298,41646.428563,2871.512389
2025-01-02T22:31:00Z,41646.428563,41667.110067,41638.367545,41658.785907,3468.881089
2025-01-02T22:32:00Z,41658.785907,41665.498148,41639.298358,41645.438954,3231.610540
2025-01-02T22:33:00Z,41645.438954,41652.039917,41586.073738,41603.348834,2116.742021
2025-01-02T22:34:00Z,41603.348834,41677.009549,41592.616052,41647.217718,2437.325770
2025-01-02T22:35:00Z,41647.217718,41651.144681,41640.216843,41642.885604,3040.470176
2025-01-02T22:36:00Z,41642.885604,41716.304627,41633.371507,41711.032689,3542.676457
2025-01-02T22:37:00Z,41711.032689,41727.149369,41686.542479,41696.789814,2038.771458
2025-01-02T22:38:00Z,41696.789814,41707.086441,41637.977363,41660.289090,8428.867234
2025-01-02T22:39:00Z,41660.289090,41664.654825,41611.716494,41616.841888,2244.929155
2025-01-02T22:40:00Z,41616.841888,41631.169680,41542.695020,41587.312778,3875.269783
2025-01-02T22:41:00Z,41587.312778,41637.973385,41550.493958,41593.696208,5493.064459
2025-01-02T22:42:00Z,41593.696208,41619.004499,41519.659517,41547.434958,4364.127167
2025-01-02T22:43:00Z,41547.434958,41571.756505,41531.864941,41549.007585,3052.909995
2025-01-02T22:44:00Z,41549.007585,41586.375854,41528.709541,41559.410537,4414.155615
2025-01-02T22:45:00Z,41559.410537,41592.929635,41460.449461,41493.958687,2484.730348
2025-01-02T22:46:00Z,41493.958687,41516.211840,41391.119774,41422.348044,4617.374992
2025-01-02T22:47:00Z,41422.348044,41430.243134,41368.484607,41385.681878,2531.706480
2025-01-02T22:48:00Z,41385.681878,41408.347582,41313.245207,41349.476940,4219.770447
2025-01-02T22:49:00Z,41349.476940,41429.672500,41335.652537,41418.108452,1939.308240
2025-01-02T22:50:00Z,41418.108452,41431.166051,41386.375363,41390.033562,2285.423384
2025-01-02T22:51:00Z,41390.033562,41407.833851,41380.088283,41401.500304,7839.527767
2025-01-02T22:52:00Z,41401.500304,41495.086980,41388.320032,41482.597732,3942.094759
2025-01-02T22:53:00Z,41482.597732,41556.921802,41471.858733,41542.329391,2420.568760
2025-01-02T22:54:00Z,41542.329391,41581.855242,41476.808258,41510.190020,3886.761640
2025-01-02T22:55:00Z,41510.190020,41517.396494,41493.839472,41496.345436,5280.506247
2025-01-02T22:56:00Z,41496.345436,41500.030400,41473.378397,41483.456839,2176.613110
2025-01-02T22:57:00Z,41483.456839,41493.256315,41435.732386,41457.401860,2566.671898
2025-01-02T22:58:00Z,41457.401860,41509.398272,41444.369933,41500.679800,4070.937827
2025-01-02T22:59:00Z,41500.679800,41526.774796,41483.008326,41501.747517,2105.292011
2025-01-02T23:00:00Z,41501.747517,41524.461454,41490.116344,41521.402905,2516.453641
2025-01-02T23:01:00Z,41521.402905,41528.022959,41477.973175,41507.126520,5032.987046
2025-01-02T23:02:00Z,41507.126520,41555.223196,41502.938027,41553.342003,1587.534593
2025-01-02T23:03:00Z,41553.342003,41588.591898,41527.113380,41575.971923,1053.840918
2025-01-02T23:04:00Z,41575.971923,41639.613327,41565.226799,41617.419113,5064.736612
2025-01-02T23:05:00Z,41617.419113,41624.617398,41600.480373,41604.507046,2172.733633
2025-01-02T23:06:00Z,41604.507046,41641.082386,41544.363974,41588.275792,3600.419326
2025-01-02T23:07:00Z,41588.275792,41627.374393,41512.529850,41524.412111,1318.943057
2025-01-02T23:08:00Z,41524.412111,41536.200000,41466.634663,41502.255585,4711.655502
2025-01-02T23:09:00Z,41502.255585,41513.391756,41486.127394,41503.458201,1961.997786
2025-01-02T23:10:00Z,41503.458201,41548.992830,41489.998260,41534.766427,4132.900699
2025-01-02T23:11:00Z,41534.766427,41543.327429,41458.815094,41497.082025,1653.016633
2025-01-02T23:12:00Z,41497.082025,41530.079596,41459.948000,41503.520152,5717.647122
2025-01-02T23:13:00Z,41503.520152,41506.321508,41459.021487,41466.580574,4536.386668
2025-01-02T23:14:00Z,41466.580574,41543.287270,41431.752645,41496.755747,3010.498873
2025-01-02T23:15:00Z,41496.755747,41539.561731,41429.633222,41441.129710,4601.877535
2025-01-02T23:16:00Z,41441.129710,41472.476407,41432.702788,41464.533271,1800.181949
2025-01-02T23:17:00Z,41464.533271,41481.377016,41327.011832,41352.710194,3144.103406
2025-01-02T23:18:00Z,41352.710194,41420.953819,41336.397634,41412.781966,3544.637873
2025-01-02T23:19:00Z,41412.781966,41415.875780,41386.324237,41393.524165,7024.814605
2025-01-02T23:20:00Z,41393.524165,41414.954739,41383.650289,41408.498775,3880.388862
2025-01-02T23:21:00Z,41408.498775,41415.079745,41383.394610,41395.555736,3271.161458
2025-01-02T23:22:00Z,41395.555736,41417.031646,41354.274559,41391.378488,3267.607563
2025-01-02T23:23:00Z,41391.378488,41469.560239,41376.397695,41441.555884,1391.840224
2025-01-02T23:24:00Z,41441.555884,41478.829784,41435.203964,41460.760938,3635.200425
2025-01-02T23:25:00Z,41460.760938,41478.430695,41447.441907,41472.336680,6537.278070
2025-01-02T23:26:00Z,41472.336680,41508.937895,41403.334186,41430.432453,2504.106956
2025-01-02T23:27:00Z,41430.432453,41441.874164,41375.330505,41382.896999,2160.389993
2025-01-02T23:28:00Z,41382.896999,41430.221297,41379.386123,41423.887395,1882.651852
2025-01-02T23:29:00Z,41423.887395,41425.521511,41399.637037,41406.623416,2212.187576
2025-01-02T23:30:00Z,41406.623416,41421.284072,41377.905112,41390.197735,2663.281733
2025-01-02T23:31:00Z,41390.197735,41410.088553,41336.006409,41361.983618,2719.257155
2025-01-02T23:32:00Z,41361.983618,41397.927742,41331.810852,41376.175153,3410.650532
2025-01-02T23:33:00Z,41376.175153,41387.317330,41364.069675,41368.601447,2805.211774
2025-01-02T23:34:00Z,41368.601447,41456.315397,41363.849697,41428.778734,2349.003975
2025-01-02T23:35:00Z,41428.778734,41461.725800,41385.816987,41398.896088,2830.678190
2025-01-02T23:36:00Z,41398.896088,41409.296517,41379.318553,41384.027237,2845.928190
2025-01-02T23:37:00Z,41384.027237,41399.201568,41328.843900,41350.158351,2774.436069
2025-01-02T23:38:00Z,41350.158351,41361.841737,41317.935261,41340.255744,4150.893367
2025-01-02T23:39:00Z,41340.255744,41364.773122,41297.128078,41312.965612,1950.918587
2025-01-02T23:40:00Z,41312.965612,41322.201868,41304.863598,41308.378487,3773.172280
2025-01-02T23:41:00Z,41308.378487,41315.116694,41290.292859,41295.606738,2414.028495
2025-01-02T23:42:00Z,41295.606738,41299.398790,41274.699085,41285.213627,1512.643430
2025-01-02T23:43:00Z,41285.213627,41316.878330,41231.221217,41237.792904,2218.934480
2025-01-02T23:44:00Z,41237.792904,41259.391003,41228.444129,41250.623524,3606.376397
2025-01-02T23:45:00Z,41250.623524,41282.331673,41233.549432,41265.660896,2223.967424
2025-01-02T23:46:00Z,41265.660896,41276.926522,41224.629661,41239.949676,3311.321899
2025-01-02T23:47:00Z,41239.949676,41299.337483,41206.930703,41279.513814,1558.596276
2025-01-02T23:48:00Z,41279.513814,41286.761781,41231.259404,41251.094883,3399.421428
2025-01-02T23:49:00Z,41251.094883,41282.872303,41243.768335,41273.340746,1561.641181
2025-01-02T23:50:00Z,41273.340746,41283.710971,41254.513497,41261.718040,4261.644527
2025-01-02T23:51:00Z,41261.718040,41272.284819,41248.290299,41257.200651,2527.915539
2025-01-02T23:52:00Z,41257.200651,41312.705612,41240.618269,41271.623596,7018.185033
2025-01-02T23:53:00Z,41271.623596,41280.527673,41223.085843,41230.757451,3163.723563
2025-01-02T23:54:00Z,41230.757451,41251.426199,41144.090524,41152.552874,7156.445851
2025-01-02T23:55:00Z,41152.552874,41156.601989,41128.787858,41143.177656,4584.927588
2025-01-02T23:56:00Z,41143.177656,41148.186556,41086.965025,41109.006012,2863.821975
2025-01-02T23:57:00Z,41109.006012,41163.976249,41093.430492,41157.998674,5433.774504
2025-01-02T23:58:00Z,41157.998674,41239.317023,41129.475226,41210.727387,2058.663751
2025-01-02T23:59:00Z,41210.727387,41215.638718,41139.072137,41141.307656,1224.074257
2025-01-03T00:00:00Z,41141.307656,41146.370446,41109.616888,41119.503680,1752.646993
2025-01-03T00:01:00Z,41119.503680,41149.569086,41086.950951,41134.949497,3798.897477
2025-01-03T00:02:00Z,41134.949497,41168.468418,41066.655815,41088.754739,2150.401111
2025-01-03T00:03:00Z,41088.754739,41118.398424,41047.923039,41062.189847,4206.574573
2025-01-03T00:04:00Z,41062.189847,41098.446728,41039.896026,41074.887761,2144.176972
2025-01-03T00:05:00Z,41074.887761,41083.853924,40997.431395,41029.840667,3803.331747
2025-01-03T00:06:00Z,41029.840667,41037.911502,41015.881765,41030.764190,7309.495209
2025-01-03T00:07:00Z,41030.764190,41094.200248,41017.275357,41068.434425,4022.468140
2025-01-03T00:08:00Z,41068.434425,41071.942374,41051.153499,41059.747089,2175.317096
2025-01-03T00:09:00Z,41059.747089,41090.049456,40937.175308,40967.569465,6305.771587
2025-01-03T00:10:00Z,40967.569465,41030.192137,40955.550959,41022.358641,5247.608687
2025-01-03T00:11:00Z,41022.358641,41039.431144,40944.729788,40970.887909,1935.683637
2025-01-03T00:12:00Z,40970.887909,41000.618484,40924.264918,40960.320361,3897.685100
2025-01-03T00:13:00Z,40960.320361,40996.577231,40841.090033,40851.095339,3268.430548
2025-01-03T00:14:00Z,40851.095339,40856.143936,40797.580014,40820.196790,2958.532632
2025-01-03T00:15:00Z,40820.196790,40871.865513,40797.151802,40862.924036,2207.210703
2025-01-03T00:16:00Z,40862.924036,40908.994635,40833.633018,40897.747571,2777.005016
2025-01-03T00:17:00Z,40897.747571,40908.730310,40886.984198,40891.235462,3415.917389
2025-01-03T00:18:00Z,40891.235462,40908.120050,40875.665864,40880.440367,3476.130227
2025-01-03T00:19:00Z,40880.440367,40897.248603,40847.986585,40864.873947,1460.073507
2025-01-03T00:20:00Z,40864.873947,40905.258694,40854.319418,40874.876309,1973.874607
2025-01-03T00:21:00Z,40874.876309,40876.893160,40847.124451,40852.732058,3609.372581
2025-01-03T00:22:00Z,40852.732058,40855.429386,40826.851362,40832.923545,3264.648097
2025-01-03T00:23:00Z,40832.923545,40842.222377,40769.397867,40778.696956,3939.225309
2025-01-03T00:24:00Z,40778.696956,40830.224782,40735.518423,40800.804033,2060.731971
2025-01-03T00:25:00Z,40800.804033,40822.099554,40751.427712,40767.868990,2425.089472
2025-01-03T00:26:00Z,40767.868990,40775.513816,40726.579383,40747.876264,2286.273254
2025-01-03T00:27:00Z,40747.876264,40777.480620,40687.005408,40713.247414,3403.661756
2025-01-03T00:28:00Z,40713.247414,40730.840561,40703.339943,40716.348083,2308.953163
2025-01-03T00:29:00Z,40716.348083,40755.409818,40707.900380,40744.532685,4111.068597
2025-01-03T00:30:00Z,40744.532685,40771.512957,40712.147235,40733.254198,1713.186472
2025-01-03T00:31:00Z,40733.254198,40741.845830,40681.999416,40694.905386,1679.279416
2025-01-03T00:32:00Z,40694.905386,40731.544292,40681.266135,40728.312559,1690.734255
2025-01-03T00:33:00Z,40728.312559,40735.066670,40690.668474,40707.938564,2841.619487
2025-01-03T00:34:00Z,40707.938564,40745.818147,40702.036018,40720.949270,3619.590398
2025-01-03T00:35:00Z,40720.949270,40730.034327,40642.573507,40650.821178,3137.448168
2025-01-03T00:36:00Z,40650.821178,40670.895714,40633.933606,40658.296229,3413.686969
2025-01-03T00:37:00Z,40658.296229,40716.793545,40633.305838,40698.327840,4302.644849
2025-01-03T00:38:00Z,40698.327840,40699.348688,40681.896959,40685.780937,3292.795273
2025-01-03T00:39:00Z,40685.780937,40738.958979,40680.814808,40736.249186,3375.096787
2025-01-03T00:40:00Z,40736.249186,40746.294122,40728.057158,40743.520400,1705.645440
2025-01-03T00:41:00Z,40743.520400,40795.515418,40719.956873,40781.876984,4702.417031
2025-01-03T00:42:00Z,40781.876984,40818.087620,40757.667451,40773.293808,1614.517167
2025-01-03T00:43:00Z,40773.293808,40784.341772,40726.778022,40737.877320,1470.088990
2025-01-03T00:44:00Z,40737.877320,40760.080368,40730.846261,40751.831911,4797.967835
2025-01-03T00:45:00Z,40751.831911,40763.130553,40701.506836,40734.520510,5074.964451
2025-01-03T00:46:00Z,40734.520510,40737.781297,40714.025815,40715.378554,5479.043250
2025-01-03T00:47:00Z,40715.378554,40720.655167,40688.375715,40700.378065,3106.985734
2025-01-03T00:48:00Z,40700.378065,40709.684905,40681.242602,40693.109164,4510.063534
2025-01-03T00:49:00Z,40693.109164,40703.857730,40643.822433,40652.436865,2735.173046
2025-01-03T00:50:00Z,40652.436865,40666.070692,40632.576828,40641.539331,4110.098977
2025-01-03T00:51:00Z,40641.539331,40662.602149,40625.265079,40658.296827,1464.546265
2025-01-03T00:52:00Z,40658.296827,40665.417380,40630.369545,40642.692865,2683.668916
2025-01-03T00:53:00Z,40642.692865,40649.808884,40565.549507,40592.584463,2383.927212
2025-01-03T00:54:00Z,40592.584463,40607.122955,40524.361254,40534.355998,1335.580701
2025-01-03T00:55:00Z,40534.355998,40539.395416,40516.510124,40525.324542,3424.591425
2025-01-03T00:56:00Z,40525.324542,40551.578566,40506.031127,40546.788464,4462.607374
2025-01-03T00:57:00Z,40546.788464,40558.878241,40528.109730,40535.462342,7230.893779
2025-01-03T00:58:00Z,40535.462342,40580.292130,40522.455195,40563.078609,2373.359507
2025-01-03T00:59:00Z,40563.078609,40581.448130,40554.368998,40578.868883,3426.848312
2025-01-03T01:00:00Z,40578.868883,40586.807767,40542.279769,40551.227965,2307.577522
2025-01-03T01:01:00Z,40551.227965,40555.584423,40533.388750,40539.487762,1887.328450
2025-01-03T01:02:00Z,40539.487762,40561.704270,40512.815189,40525.439899,1954.636586
2025-01-03T01:03:00Z,40525.439899,40533.001838,40490.062114,40497.261911,6167.089556
2025-01-03T01:04:00Z,40497.261911,40507.382419,40448.597866,40465.936720,10239.024778
2025-01-03T01:05:00Z,40465.936720,40469.307378,40459.173171,40461.570534,1209.978844
2025-01-03T01:06:00Z,40461.570534,40475.847130,40407.350617,40440.863344,2066.598670
2025-01-03T01:07:00Z,40440.863344,40444.975392,40435.091559,40439.445232,2831.118083
2025-01-03T01:08:00Z,40439.445232,40464.802693,40409.511749,40427.134800,4300.058343
2025-01-03T01:09:00Z,40427.134800,40485.705941,40403.950880,40468.278015,2036.377382
2025-01-03T01:10:00Z,40468.278015,40489.431918,40394.110043,40440.770544,2975.837163
2025-01-03T01:11:00Z,40440.770544,40446.342749,40372.470641,40373.960780,3575.208832
2025-01-03T01:12:00Z,40373.960780,40389.328755,40323.496223,40362.597087,2584.127305
2025-01-03T01:13:00Z,40362.597087,40387.042493,40354.844567,40369.621983,6251.273628
2025-01-03T01:14:00Z,40369.621983,40377.370147,40336.249460,40342.519857,5702.582364
2025-01-03T01:15:00Z,40342.519857,40365.934522,40318.735956,40347.185965,3361.397798
2025-01-03T01:16:00Z,40347.185965,40360.204904,40326.513415,40349.817554,1722.005473
2025-01-03T01:17:00Z,40349.817554,40357.017658,40322.288663,40328.513182,2394.601712
2025-01-03T01:18:00Z,40328.513182,40364.400133,40287.974210,40332.025323,7481.746509
2025-01-03T01:19:00Z,40332.025323,40385.562955,40320.222365,40364.116130,2198.183428
2025-01-03T01:20:00Z,40364.116130,40377.599758,40313.326268,40330.037638,4108.627755
2025-01-03T01:21:00Z,40330.037638,40370.028084,40325.523043,40368.325386,1457.140373
2025-01-03T01:22:00Z,40368.325386,40377.641384,40365.855673,40369.895138,2975.328342
2025-01-03T01:23:00Z,40369.895138,40410.618091,40348.164274,40393.890156,4614.112931
2025-01-03T01:24:00Z,40393.890156,40400.474588,40322.107183,40338.158189,3366.114110
2025-01-03T01:25:00Z,40338.158189,40373.843662,40322.448279,40369.958095,4884.578110
2025-01-03T01:26:00Z,40369.958095,40381.940700,40361.493233,40370.982397,4536.269967
2025-01-03T01:27:00Z,40370.982397,40377.160514,40352.184336,40360.455176,3498.113714
2025-01-03T01:28:00Z,40360.455176,40367.759585,40337.163618,40345.451058,5142.299038
2025-01-03T01:29:00Z,40345.451058,40381.447888,40333.770585,40362.307863,1792.126706
2025-01-03T01:30:00Z,40362.307863,40380.701294,40336.571960,40343.698989,1035.761448
2025-01-03T01:31:00Z,40343.698989,40349.311332,40288.622325,40310.397175,3369.469596
2025-01-03T01:32:00Z,40310.397175,40320.966063,40274.691923,40283.609682,1291.744780
2025-01-03T01:33:00Z,40283.609682,40309.901012,40262.788274,40277.237259,1278.680625
2025-01-03T01:34:00Z,40277.237259,40296.845120,40234.886953,40239.762703,3046.112486
2025-01-03T01:35:00Z,40239.762703,40248.277436,40227.243511,40229.136741,2416.045148
2025-01-03T01:36:00Z,40229.136741,40273.238542,40213.053133,40244.506312,3220.004913
2025-01-03T01:37:00Z,40244.506312,40252.235717,40186.298639,40187.938482,5395.668806
2025-01-03T01:38:00Z,40187.938482,40218.060540,40183.255559,40203.304146,4485.858716
2025-01-03T01:39:00Z,40203.304146,40229.139622,40166.169786,40208.853450,3952.409205
2025-01-03T01:40:00Z,40208.853450,40225.786976,40157.998850,40183.877273,2932.684982
2025-01-03T01:41:00Z,40183.877273,40213.946581,40099.395868,40142.747763,3881.514974
2025-01-03T01:42:00Z,40142.747763,40163.724384,40123.182704,40151.464209,2153.706081
2025-01-03T01:43:00Z,40151.464209,40190.240230,40072.047389,40093.511683,2278.652161
2025-01-03T01:44:00Z,40093.511683,40129.094015,40066.593159,40094.489049,7289.375275
2025-01-03T01:45:00Z,40094.489049,40116.703881,40063.194541,40072.035027,3535.456318
2025-01-03T01:46:00Z,40072.035027,40099.183334,40042.443827,40092.871334,3865.804739
2025-01-03T01:47:00Z,40092.871334,40099.466606,39975.755890,39987.942095,2790.382855
2025-01-03T01:48:00Z,39987.942095,40007.317327,39904.016164,39917.521525,1858.953331
2025-01-03T01:49:00Z,39917.521525,39945.173472,39888.413942,39925.486660,1943.718565
2025-01-03T01:50:00Z,39925.486660,39960.775980,39854.600409,39882.868395,4027.326456
2025-01-03T01:51:00Z,39882.868395,39931.321132,39855.483271,39901.744019,1695.149840
2025-01-03T01:52:00Z,39901.744019,39908.211480,39899.255249,39903.004298,1235.281975
2025-01-03T01:53:00Z,39903.004298,39929.463724,39893.684808,39908.812804,1670.605477
2025-01-03T01:54:00Z,39908.812804,39943.290757,39857.113446,39881.512610,2565.767794
2025-01-03T01:55:00Z,39881.512610,39936.987365,39869.727874,39895.309015,1266.352924
2025-01-03T01:56:00Z,39895.309015,39935.252991,39883.587939,39923.480777,1492.955125
2025-01-03T01:57:00Z,39923.480777,39933.282006,39852.153972,39883.785115,3817.157595
2025-01-03T01:58:00Z,39883.785115,39929.814231,39877.501608,39921.780453,3237.832927
2025-01-03T01:59:00Z,39921.780453,39931.881948,39849.796883,39861.032819,4764.532313
2025-01-03T02:00:00Z,39861.032819,39870.826317,39756.989581,39763.372386,1719.360052
2025-01-03T02:01:00Z,39763.372386,39793.272498,39705.530428,39725.133420,1289.448832
2025-01-03T02:02:00Z,39725.133420,39729.815037,39698.633170,39700.860542,1840.444955
2025-01-03T02:03:00Z,39700.860542,39744.370442,39678.951096,39728.357701,3004.858637
2025-01-03T02:04:00Z,39728.357701,39764.847398,39708.756498,39760.360872,2131.968540
2025-01-03T02:05:00Z,39760.360872,39789.114648,39749.516227,39765.821062,1902.685665
2025-01-03T02:06:00Z,39765.821062,39784.121638,39744.129448,39757.026939,2517.540648
2025-01-03T02:07:00Z,39757.026939,39765.949234,39694.788887,39706.603490,1414.809995
2025-01-03T02:08:00Z,39706.603490,39788.719991,39670.803710,39754.368274,4870.159682
2025-01-03T02:09:00Z,39754.368274,39766.220798,39703.600557,39742.221340,4340.042207
2025-01-03T02:10:00Z,39742.221340,39754.221651,39733.168142,39746.894478,1905.999930
2025-01-03T02:11:00Z,39746.894478,39799.222571,39709.572032,39761.101033,2229.792494
2025-01-03T02:12:00Z,39761.101033,39791.332610,39758.235578,39787.849759,5683.421803
2025-01-03T02:13:00Z,39787.849759,39809.293913,39725.725439,39731.393761,1670.887275
2025-01-03T02:14:00Z,39731.393761,39765.489071,39726.985629,39762.337469,2816.398538
2025-01-03T02:15:00Z,39762.337469,39769.869063,39678.755605,39717.012027,1733.812281
2025-01-03T02:16:00Z,39717.012027,39724.613962,39686.863476,39709.385637,3320.543116
2025-01-03T02:17:00Z,39709.385637,39759.703796,39707.152928,39756.106078,4132.550424
2025-01-03T02:18:00Z,39756.106078,39772.065129,39726.798148,39741.958924,2401.800390
2025-01-03T02:19:00Z,39741.958924,39779.938027,39739.385077,39774.242314,5279.372629
2025-01-03T02:20:00Z,39774.242314,39779.330012,39727.550335,39740.389427,3024.385065
2025-01-03T02:21:00Z,39740.389427,39759.936560,39708.481005,39724.504506,3221.914971
2025-01-03T02:22:00Z,39724.504506,39731.460877,39675.740493,39701.283549,2355.942083
2025-01-03T02:23:00Z,39701.283549,39742.766104,39649.263092,39692.920902,1298.288846
2025-01-03T02:24:00Z,39692.920902,39699.124435,39624.986242,39626.399445,1963.563749
2025-01-03T02:25:00Z,39626.399445,39686.999318,39621.080210,39671.375645,2294.620749
2025-01-03T02:26:00Z,39671.375645,39681.220146,39654.701035,39659.555290,3151.379271
2025-01-03T02:27:00Z,39659.555290,39702.416608,39635.086610,39680.364033,2623.114752
2025-01-03T02:28:00Z,39680.364033,39727.276996,39667.852597,39713.766204,2387.196901
2025-01-03T02:29:00Z,39713.766204,39719.454393,39705.757008,39709.866177,2530.632038
2025-01-03T02:30:00Z,39709.866177,39730.022025,39633.389674,39659.383810,4429.546436
2025-01-03T02:31:00Z,39659.383810,39666.157173,39566.876517,39578.110697,2096.469790
2025-01-03T02:32:00Z,39578.110697,39622.868156,39564.305031,39611.051841,2087.612721
2025-01-03T02:33:00Z,39611.051841,39639.681628,39608.251809,39633.650295,4995.096684
2025-01-03T02:34:00Z,39633.650295,39701.749171,39628.751213,39692.358578,3720.161286
2025-01-03T02:35:00Z,39692.358578,39712.495804,39624.254214,39648.962409,3653.427645
2025-01-03T02:36:00Z,39648.962409,39734.717864,39627.237356,39713.411010,1941.904070
2025-01-03T02:37:00Z,39713.411010,39755.314007,39676.978991,39726.961879,2723.299976
2025-01-03T02:38:00Z,39726.961879,39773.340596,39713.750577,39763.186996,2059.092415
2025-01-03T02:39:00Z,39763.186996,39770.720723,39671.573601,39681.009860,2571.475010
2025-01-03T02:40:00Z,39681.009860,39692.115310,39616.702022,39632.726009,3102.082484
2025-01-03T02:41:00Z,39632.726009,39690.764869,39608.388334,39665.763832,1321.153496
2025-01-03T02:42:00Z,39665.763832,39693.815288,39659.182590,39690.299065,5490.605434
2025-01-03T02:43:00Z,39690.299065,39698.616716,39686.523075,39693.897480,952.659845
2025-01-03T02:44:00Z,39693.897480,39727.684939,39672.524647,39691.012041,1868.215186
2025-01-03T02:45:00Z,39691.012041,39707.350268,39662.093215,39684.770157,1930.319218
2025-01-03T02:46:00Z,39684.770157,39710.158744,39678.242284,39691.920004,2324.177778
2025-01-03T02:47:00Z,39691.920004,39704.852574,39654.764653,39682.950726,2842.117646
2025-01-03T02:48:00Z,39682.950726,39717.571524,39644.339971,39678.204645,3766.535643
2025-01-03T02:49:00Z,39678.204645,39755.613053,39643.343721,39710.911579,3095.887928
2025-01-03T02:50:00Z,39710.911579,39716.507523,39692.714294,39700.188687,3444.278761
2025-01-03T02:51:00Z,39700.188687,39751.005965,39689.888493,39741.627925,3859.382969
2025-01-03T02:52:00Z,39741.627925,39766.037227,39726.879443,39738.638159,2776.095714
2025-01-03T02:53:00Z,39738.638159,39749.309135,39700.738706,39703.827797,3876.543252
2025-01-03T02:54:00Z,39703.827797,39747.872962,39702.581939,39745.045377,6611.368368
2025-01-03T02:55:00Z,39745.045377,39765.562736,39676.782981,39709.261309,1907.038439
2025-01-03T02:56:00Z,39709.261309,39720.123613,39667.164888,39674.452279,1999.508616
2025-01-03T02:57:00Z,39674.452279,39722.322322,39649.361643,39700.780011,2264.354316
2025-01-03T02:58:00Z,39700.780011,39715.776014,39677.068805,39690.298996,2222.605453
2025-01-03T02:59:00Z,39690.298996,39739.943258,39674.243626,39721.452859,1183.403954
2025-01-03T03:00:00Z,39721.452859,39766.715761,39714.187708,39755.882009,7061.159748
2025-01-03T03:01:00Z,39755.882009,39770.887622,39753.547861,39766.879007,1551.039709
2025-01-03T03:02:00Z,39766.879007,39793.044572,39759.543192,39787.869059,956.077499
2025-01-03T03:03:00Z,39787.869059,39794.073607,39739.671234,39754.275611,3034.426375
2025-01-03T03:04:00Z,39754.275611,39803.041305,39723.550256,39792.525592,2273.213645
2025-01-03T03:05:00Z,39792.525592,39813.098585,39759.073734,39780.529712,5083.691230
2025-01-03T03:06:00Z,39780.529712,39783.901665,39735.731361,39739.258368,2600.484546
2025-01-03T03:07:00Z,39739.258368,39784.518805,39714.336650,39753.263982,1965.753137
2025-01-03T03:08:00Z,39753.263982,39811.983707,39743.715077,39795.328705,1706.553241
2025-01-03T03:09:00Z,39795.328705,39805.660722,39762.031006,39792.914945,3083.593947
2025-01-03T03:10:00Z,39792.914945,39839.003620,39779.703108,39822.829781,5803.211042
2025-01-03T03:11:00Z,39822.829781,39828.987746,39775.569292,39794.140996,2768.792175
2025-01-03T03:12:00Z,39794.140996,39808.892638,39773.616694,39784.933994,2475.548112
2025-01-03T03:13:00Z,39784.933994,39820.522233,39771.317778,39787.293914,1249.347682
2025-01-03T03:14:00Z,39787.293914,39859.150973,39776.291072,39831.105238,2425.437697
2025-01-03T03:15:00Z,39831.105238,39862.922372,39806.242419,39817.264456,3629.265716
2025-01-03T03:16:00Z,39817.264456,39841.783678,39774.445153,39827.651793,1453.043652
2025-01-03T03:17:00Z,39827.651793,39839.259504,39765.872226,39770.142854,6374.378412
2025-01-03T03:18:00Z,39770.142854,39792.955310,39759.249013,39767.026659,2022.407748
2025-01-03T03:19:00Z,39767.026659,39829.230338,39762.593032,39822.137742,1313.524672
2025-01-03T03:20:00Z,39822.137742,39900.564790,39796.145286,39874.421253,3307.929094
2025-01-03T03:21:00Z,39874.421253,39886.841638,39860.790390,39876.189617,2896.354584
2025-01-03T03:22:00Z,39876.189617,39902.680402,39872.682496,39893.603698,2239.867097
2025-01-03T03:23:00Z,39893.603698,39921.422173,39875.770156,39883.505676,1842.438375
2025-01-03T03:24:00Z,39883.505676,39887.594882,39849.146188,39854.273326,3168.367155
2025-01-03T03:25:00Z,39854.273326,39859.814449,39837.392552,39839.581047,2501.052364
2025-01-03T03:26:00Z,39839.581047,39850.247811,39826.217383,39836.904362,4329.995605
2025-01-03T03:27:00Z,39836.904362,39903.133913,39819.473546,39884.528637,4692.055577
2025-01-03T03:28:00Z,39884.528637,39894.512382,39816.699373,39830.969229,3399.947572
2025-01-03T03:29:00Z,39830.969229,39862.142344,39790.776770,39844.256117,2668.657511
2025-01-03T03:30:00Z,39844.256117,39853.338920,39829.015441,39836.851298,1618.376794
2025-01-03T03:31:00Z,39836.851298,39890.094762,39813.462295,39873.475196,3269.002080
2025-01-03T03:32:00Z,39873.475196,39917.296853,39853.913527,39911.839686,4527.173538
2025-01-03T03:33:00Z,39911.839686,39948.684732,39897.463215,39944.146584,4348.727935
2025-01-03T03:34:00Z,39944.146584,39950.130365,39884.217852,39889.773787,2569.574105
2025-01-03T03:35:00Z,39889.773787,39910.521495,39860.700544,39869.234418,6096.225713
2025-01-03T03:36:00Z,39869.234418,39891.213453,39837.828441,39852.220855,5952.715600
2025-01-03T03:37:00Z,39852.220855,39859.142309,39829.522284,39834.896791,3410.611054
2025-01-03T03:38:00Z,39834.896791,39855.629125,39800.310088,39815.398579,5602.803409
2025-01-03T03:39:00Z,39815.398579,39832.199361,39723.621566,39753.261744,1615.286303
2025-01-03T03:40:00Z,39753.261744,39763.203720,39736.526997,39746.061008,2478.981370
2025-01-03T03:41:00Z,39746.061008,39821.175085,39739.567038,39810.891103,2524.329929
2025-01-03T03:42:00Z,39810.891103,39863.390657,39807.728708,39857.857901,1408.266201
2025-01-03T03:43:00Z,39857.857901,39885.931991,39853.779868,39871.664863,5678.018145
2025-01-03T03:44:00Z,39871.664863,39960.708481,39835.642896,39927.018552,1557.186034
2025-01-03T03:45:00Z,39927.018552,39941.825963,39920.467296,39938.035696,3041.315414
2025-01-03T03:46:00Z,39938.035696,39941.200361,39913.413035,39918.715364,1948.688588
2025-01-03T03:47:00Z,39918.715364,39963.780451,39897.480690,39949.807015,1916.382353
2025-01-03T03:48:00Z,39949.807015,39990.929543,39905.669368,39920.249597,3075.302205
2025-01-03T03:49:00Z,39920.249597,39943.033199,39868.349914,39885.062053,3647.734903
2025-01-03T03:50:00Z,39885.062053,39907.425555,39868.970456,39895.163968,3105.987358
2025-01-03T03:51:00Z,39895.163968,39931.609576,39886.812687,39918.277816,4338.481117
2025-01-03T03:52:00Z,39918.277816,39956.873678,39896.236948,39932.967312,2297.018960
2025-01-03T03:53:00Z,39932.967312,39948.997114,39921.315451,39945.156168,3466.821718
2025-01-03T03:54:00Z,39945.156168,39984.585628,39943.630656,39980.354988,3032.300181
2025-01-03T03:55:00Z,39980.354988,40013.415161,39968.014991,40008.571516,3570.280465
2025-01-03T03:56:00Z,40008.571516,40016.315266,40001.424573,40009.635920,3049.848393
2025-01-03T03:57:00Z,40009.635920,40083.348874,39987.623227,40047.749076,3859.810106
2025-01-03T03:58:00Z,40047.749076,40061.894031,40021.138303,40032.824166,5844.119417
2025-01-03T03:59:00Z,40032.824166,40052.744303,39963.482791,39994.517795,5532.391299
2025-01-03T04:00:00Z,39994.517795,40012.866962,39916.360842,39947.233719,2826.040120
2025-01-03T04:01:00Z,39947.233719,39960.787939,39899.432636,39906.335733,2341.753608
2025-01-03T04:02:00Z,39906.335733,39911.818926,39880.629007,39899.109200,3244.528704
2025-01-03T04:03:00Z,39899.109200,39958.778613,39873.308632,39924.822239,6312.505002
2025-01-03T04:04:00Z,39924.822239,40030.514886,39910.907990,40010.875786,2357.222755
2025-01-03T04:05:00Z,40010.875786,40035.455816,39953.685844,39981.937596,2276.426007
2025-01-03T04:06:00Z,39981.937596,40067.718251,39956.175202,40039.591159,2434.600915
2025-01-03T04:07:00Z,40039.591159,40049.997540,40023.595882,40032.335856,2309.875233
2025-01-03T04:08:00Z,40032.335856,40042.294220,39997.511619,40011.528558,1676.843581
2025-01-03T04:09:00Z,40011.528558,40040.295972,40001.121795,40030.964884,5160.394908
2025-01-03T04:10:00Z,40030.964884,40045.950196,39970.279907,40006.350673,1668.841289
2025-01-03T04:11:00Z,40006.350673,40017.671220,39983.814907,39994.960094,8434.281286
2025-01-03T04:12:00Z,39994.960094,40047.092061,39985.061034,40023.024054,1449.225657
2025-01-03T04:13:00Z,40023.024054,40045.355959,39960.471455,39973.993554,3926.289053
2025-01-03T04:14:00Z,39973.993554,39989.614387,39967.393953,39986.938222,3471.323680
2025-01-03T04:15:00Z,39986.938222,39993.780090,39940.767128,39955.880508,3321.712971
2025-01-03T04:16:00Z,39955.880508,40004.505776,39928.166644,39985.657234,2334.052652
2025-01-03T04:17:00Z,39985.657234,40025.332729,39975.733731,39993.664989,3849.128841
2025-01-03T04:18:00Z,39993.664989,40043.969195,39969.379023,40009.455611,1927.315805
2025-01-03T04:19:00Z,40009.455611,40057.550285,39998.512542,40047.317732,6812.617114
2025-01-03T04:20:00Z,40047.317732,40132.297750,40029.835269,40116.247811,2109.263338
2025-01-03T04:21:00Z,40116.247811,40144.051438,40092.760090,40110.340052,3832.009137
2025-01-03T04:22:00Z,40110.340052,40126.394886,40089.792355,40096.839433,2904.850738
2025-01-03T04:23:00Z,40096.839433,40170.506775,40080.742309,40131.722306,1574.088971
2025-01-03T04:24:00Z,40131.722306,40165.282996,40093.838480,40133.718882,4340.410495
2025-01-03T04:25:00Z,40133.718882,40168.296817,40125.464013,40166.172396,1874.327434
2025-01-03T04:26:00Z,40166.172396,40217.621523,40133.775613,40184.285626,3881.567543
2025-01-03T04:27:00Z,40184.285626,40233.334423,40161.126790,40208.943785,3092.045041
2025-01-03T04:28:00Z,40208.943785,40211.401520,40186.687234,40190.001272,2401.443034
2025-01-03T04:29:00Z,40190.001272,40198.924596,40162.271778,40166.626772,1630.666383
2025-01-03T04:30:00Z,40166.626772,40214.875878,40149.938702,40206.244248,3024.176435
2025-01-03T04:31:00Z,40206.244248,40285.028393,40202.983446,40282.720147,5705.385985
2025-01-03T04:32:00Z,40282.720147,40308.978539,40275.235047,40301.606631,3828.104874
2025-01-03T04:33:00Z,40301.606631,40308.693538,40250.143334,40272.671209,3375.842896
2025-01-03T04:34:00Z,40272.671209,40283.212978,40269.997754,40278.322935,2454.047751
2025-01-03T04:35:00Z,40278.322935,40310.657089,40250.449877,40291.134126,3667.203975
2025-01-03T04:36:00Z,40291.134126,40326.873582,40245.701825,40258.261462,1246.561622
2025-01-03T04:37:00Z,40258.261462,40262.401114,40223.294746,40226.681236,1793.470949
2025-01-03T04:38:00Z,40226.681236,40244.977756,40181.436226,40211.501415,4797.865515
2025-01-03T04:39:00Z,40211.501415,40245.438093,40207.752720,40237.938603,1447.860519
2025-01-03T04:40:00Z,40237.938603,40293.460221,40210.992044,40264.630050,3704.365679
2025-01-03T04:41:00Z,40264.630050,40292.255392,40259.493340,40288.496576,4086.482323
2025-01-03T04:42:00Z,40288.496576,40318.338927,40281.608338,40309.286998,4021.632803
2025-01-03T04:43:00Z,40309.286998,40345.350488,40264.327244,40305.011179,1979.079529
2025-01-03T04:44:00Z,40305.011179,40386.605825,40293.471132,40358.623629,4018.125096
2025-01-03T04:45:00Z,40358.623629,40366.396426,40335.827823,40341.880185,1762.738449
2025-01-03T04:46:00Z,40341.880185,40373.710552,40323.227351,40361.209589,3046.669617
2025-01-03T04:47:00Z,40361.209589,40370.215729,40330.833633,40338.890267,3624.156690
2025-01-03T04:48:00Z,40338.890267,40369.008320,40333.429422,40363.279426,2584.450838
2025-01-03T04:49:00Z,40363.279426,40414.303496,40338.375185,40369.085467,2694.764490
2025-01-03T04:50:00Z,40369.085467,40377.715698,40357.828993,40361.062070,3656.077794
2025-01-03T04:51:00Z,40361.062070,40396.149714,40336.954114,40355.981779,2714.890381
2025-01-03T04:52:00Z,40355.981779,40368.602230,40350.047778,40364.577814,2771.063208
2025-01-03T04:53:00Z,40364.577814,40372.166823,40310.303235,40327.817424,1361.713787
2025-01-03T04:54:00Z,40327.817424,40366.275020,40302.916275,40354.736123,1630.276998
2025-01-03T04:55:00Z,40354.736123,40361.725483,40343.642188,40353.130880,4157.498546
2025-01-03T04:56:00Z,40353.130880,40384.382766,40304.310149,40325.467501,4002.920898
2025-01-03T04:57:00Z,40325.467501,40354.809556,40319.861881,40350.701140,2343.665697
2025-01-03T04:58:00Z,40350.701140,40392.535445,40342.005772,40385.274987,2965.063206
2025-01-03T04:59:00Z,40385.274987,40400.811879,40351.552542,40373.395308,3063.538663
2025-01-03T05:00:00Z,40373.395308,40440.091777,40350.532157,40408.166509,4300.720742
2025-01-03T05:01:00Z,40408.166509,40455.453860,40380.125022,40418.533703,3057.032760
2025-01-03T05:02:00Z,40418.533703,40457.053904,40407.012900,40447.821942,3895.693470
2025-01-03T05:03:00Z,40447.821942,40470.942233,40390.414963,40410.288944,2814.064178
2025-01-03T05:04:00Z,40410.288944,40415.023829,40389.613946,40395.658468,3236.162679
2025-01-03T05:05:00Z,40395.658468,40398.360473,40380.739303,40388.016286,1841.628335
2025-01-03T05:06:00Z,40388.016286,40394.708433,40384.950864,40391.248273,4919.172860
2025-01-03T05:07:00Z,40391.248273,40425.633823,40379.570534,40414.532430,2186.148003
2025-01-03T05:08:00Z,40414.532430,40429.703781,40391.841166,40423.037248,2287.271003
2025-01-03T05:09:00Z,40423.037248,40454.581898,40408.474553,40441.661233,4934.823067
2025-01-03T05:10:00Z,40441.661233,40443.302815,40420.170461,40421.222861,3455.098150
2025-01-03T05:11:00Z,40421.222861,40452.543161,40399.659028,40438.215737,5635.484888
2025-01-03T05:12:00Z,40438.215737,40480.967704,40425.431202,40471.858316,1203.749850
2025-01-03T05:13:00Z,40471.858316,40477.287201,40421.076413,40426.086756,5009.722105
2025-01-03T05:14:00Z,40426.086756,40456.787284,40400.911146,40451.834953,1619.699551
2025-01-03T05:15:00Z,40451.834953,40459.971840,40413.051765,40425.162223,3909.933808
2025-01-03T05:16:00Z,40425.162223,40432.776115,40420.064307,40428.137211,1338.286520
2025-01-03T05:17:00Z,40428.137211,40450.719617,40424.398013,40446.649424,3795.694024
2025-01-03T05:18:00Z,40446.649424,40452.601938,40367.103280,40373.331555,2226.404383
2025-01-03T05:19:00Z,40373.331555,40405.483551,40367.112484,40402.673257,1817.275663
2025-01-03T05:20:00Z,40402.673257,40423.083456,40376.269215,40415.190603,2973.148868
2025-01-03T05:21:00Z,40415.190603,40430.483868,40341.764004,40356.932276,2952.984339
2025-01-03T05:22:00Z,40356.932276,40417.495316,40335.063136,40386.480605,2455.344822
2025-01-03T05:23:00Z,40386.480605,40409.040926,40347.982706,40373.818403,2344.680525
2025-01-03T05:24:00Z,40373.818403,40382.773382,40334.927219,40343.458800,4389.472885
2025-01-03T05:25:00Z,40343.458800,40365.245213,40333.635011,40361.645895,3583.112002
2025-01-03T05:26:00Z,40361.645895,40367.058813,40355.076932,40359.046207,4131.183568
2025-01-03T05:27:00Z,40359.046207,40381.593913,40329.600686,40351.800801,923.646660
2025-01-03T05:28:00Z,40351.800801,40446.295877,40333.315788,40441.942549,1366.580122
2025-01-03T05:29:00Z,40441.942549,40481.250795,40424.967005,40457.808753,2582.898218
2025-01-03T05:30:00Z,40457.808753,40516.177389,40440.895650,40492.886312,3239.245344
2025-01-03T05:31:00Z,40492.886312,40500.790355,40487.649409,40498.621670,3537.504999
2025-01-03T05:32:00Z,40498.621670,40563.116813,40468.122843,40555.158883,3426.031523
2025-01-03T05:33:00Z,40555.158883,40640.207819,40525.724903,40625.722559,1960.032262
2025-01-03T05:34:00Z,40625.722559,40653.751520,40599.358824,40624.677467,1659.226869
2025-01-03T05:35:00Z,40624.677467,40634.264408,40596.422444,40605.899396,3230.680943
2025-01-03T05:36:00Z,40605.899396,40637.264261,40569.152535,40599.526862,1711.553904
2025-01-03T05:37:00Z,40599.526862,40640.631199,40498.605145,40538.219397,2856.390535
2025-01-03T05:38:00Z,40538.219397,40566.850596,40532.291397,40558.132482,2353.237433
2025-01-03T05:39:00Z,40558.132482,40604.091805,40540.553078,40578.395910,2233.501146
2025-01-03T05:40:00Z,40578.395910,40582.631444,40532.931567,40540.391616,3625.944275
2025-01-03T05:41:00Z,40540.391616,40551.595099,40536.511224,40547.708757,2158.584694
2025-01-03T05:42:00Z,40547.708757,40617.453198,40537.778131,40597.243874,4819.942858
2025-01-03T05:43:00Z,40597.243874,40605.118556,40573.115657,40583.036369,2666.422061
2025-01-03T05:44:00Z,40583.036369,40643.525921,40562.522300,40618.099114,1946.076029
2025-01-03T05:45:00Z,40618.099114,40626.940588,40547.370457,40553.022634,4676.904977
2025-01-03T05:46:00Z,40553.022634,40625.752719,40544.261862,40595.458123,2359.231017
2025-01-03T05:47:00Z,40595.458123,40635.584973,40565.602236,40621.759785,3336.740981
2025-01-03T05:48:00Z,40621.759785,40631.311184,40603.035102,40627.155788,1886.746844
2025-01-03T05:49:00Z,40627.155788,40642.955894,40598.347305,40611.217367,2394.581761
2025-01-03T05:50:00Z,40611.217367,40616.694761,40560.358672,40580.537204,2578.933370
2025-01-03T05:51:00Z,40580.537204,40604.150402,40510.234759,40520.950405,1931.078375
2025-01-03T05:52:00Z,40520.950405,40555.034765,40456.146731,40474.399400,1449.834105
2025-01-03T05:53:00Z,40474.399400,40480.486843,40435.486273,40446.117678,2248.775085
2025-01-03T05:54:00Z,40446.117678,40481.460927,40442.852851,40477.376177,3226.774359
2025-01-03T05:55:00Z,40477.376177,40488.277759,40454.347663,40459.475052,2757.441808
2025-01-03T05:56:00Z,40459.475052,40473.475437,40453.098755,40459.226970,1287.913751
2025-01-03T05:57:00Z,40459.226970,40473.047937,40388.715595,40412.775133,2953.205506
2025-01-03T05:58:00Z,40412.775133,40441.240980,40362.230416,40371.122171,2674.749294
2025-01-03T05:59:00Z,40371.122171,40409.259980,40338.923143,40364.745010,4981.703231
2025-01-03T06:00:00Z,40364.745010,40371.766133,40316.717075,40330.041769,2399.744591
2025-01-03T06:01:00Z,40330.041769,40363.100357,40306.620389,40338.870606,6806.806600
2025-01-03T06:02:00Z,40338.870606,40365.034690,40269.310512,40300.210949,5370.667521
2025-01-03T06:03:00Z,40300.210949,40334.347460,40292.897517,40331.060612,1790.293631
2025-01-03T06:04:00Z,40331.060612,40359.036915,40313.034712,40349.368206,2313.787084
2025-01-03T06:05:00Z,40349.368206,40365.952457,40327.259588,40330.832741,2781.065232
2025-01-03T06:06:00Z,40330.832741,40368.316923,40325.956147,40361.212561,6938.943723
2025-01-03T06:07:00Z,40361.212561,40369.924376,40355.083685,40366.315366,3441.397812
2025-01-03T06:08:00Z,40366.315366,40381.149705,40352.586711,40359.071221,3309.316580
2025-01-03T06:09:00Z,40359.071221,40394.264658,40318.801939,40354.919412,1776.647756
2025-01-03T06:10:00Z,40354.919412,40389.308771,40335.327374,40366.826332,3823.560624
2025-01-03T06:11:00Z,40366.826332,40399.323046,40263.618267,40283.785121,2151.998736
2025-01-03T06:12:00Z,40283.785121,40287.039614,40259.284958,40264.240421,2795.648236
2025-01-03T06:13:00Z,40264.240421,40343.436179,40225.630826,40315.058239,2911.737848
2025-01-03T06:14:00Z,40315.058239,40334.492924,40236.797792,40254.374281,1367.327613
2025-01-03T06:15:00Z,40254.374281,40280.036496,40222.156281,40256.584676,2163.398914
2025-01-03T06:16:00Z,40256.584676,40265.705627,40161.862988,40181.312279,4360.093985
2025-01-03T06:17:00Z,40181.312279,40206.781208,40169.728603,40199.863175,3716.609396
2025-01-03T06:18:00Z,40199.863175,40254.203391,40192.059887,40227.662449,4436.212746
2025-01-03T06:19:00Z,40227.662449,40242.996961,40197.323717,40207.264580,1855.989509
2025-01-03T06:20:00Z,40207.264580,40209.093618,40184.863545,40190.658864,2010.873734
2025-01-03T06:21:00Z,40190.658864,40263.229135,40166.980676,40240.401984,4115.119680
2025-01-03T06:22:00Z,40240.401984,40258.440664,40234.244495,40241.252238,4345.466433
2025-01-03T06:23:00Z,40241.252238,40245.728230,40197.719335,40209.713834,2886.699365
2025-01-03T06:24:00Z,40209.713834,40257.971042,40200.438219,40244.132107,3581.993498
2025-01-03T06:25:00Z,40244.132107,40249.308222,40189.611272,40195.658453,2664.003588
2025-01-03T06:26:00Z,40195.658453,40226.127157,40118.735000,40143.249398,5635.428801
2025-01-03T06:27:00Z,40143.249398,40149.001307,40099.057755,40101.744970,3677.341251
2025-01-03T06:28:00Z,40101.744970,40160.747844,40093.144419,40151.241743,3202.430830
2025-01-03T06:29:00Z,40151.241743,40179.205785,40109.700021,40145.326033,1978.622381
2025-01-03T06:30:00Z,40145.326033,40157.086063,40116.030054,40128.077777,4307.205272
2025-01-03T06:31:00Z,40128.077777,40157.531601,40093.141949,40137.613297,3112.016483
2025-01-03T06:32:00Z,40137.613297,40183.707057,40116.018036,40170.293203,1714.096564
2025-01-03T06:33:00Z,40170.293203,40180.090334,40144.878327,40159.706797,2583.659277
2025-01-03T06:34:00Z,40159.706797,40185.198136,40143.262927,40153.755279,3457.151442
2025-01-03T06:35:00Z,40153.755279,40171.087653,40139.137531,40154.052332,3855.625849
2025-01-03T06:36:00Z,40154.052332,40173.627266,40069.437373,40086.900366,4470.191005
2025-01-03T06:37:00Z,40086.900366,40092.391297,40076.416010,40083.230978,1606.863105
2025-01-03T06:38:00Z,40083.230978,40103.679782,40059.681766,40071.949534,2441.310373
2025-01-03T06:39:00Z,40071.949534,40115.815778,40066.055411,40102.478830,2566.170945
2025-01-03T06:40:00Z,40102.478830,40105.549501,40097.473930,40100.734349,852.817408
2025-01-03T06:41:00Z,40100.734349,40113.766946,40010.193824,40052.911474,4585.896259
2025-01-03T06:42:00Z,40052.911474,40089.741700,40015.492889,40065.288542,5093.817618
2025-01-03T06:43:00Z,40065.288542,40139.038430,40053.045861,40115.013392,3194.584885
2025-01-03T06:44:00Z,40115.013392,40124.214193,40074.644662,40105.646569,3899.204200
2025-01-03T06:45:00Z,40105.646569,40117.042645,40083.479744,40107.138422,2773.143507
2025-01-03T06:46:00Z,40107.138422,40120.134774,40066.766473,40076.420027,3112.401269
2025-01-03T06:47:00Z,40076.420027,40104.576005,40048.673564,40068.717779,2588.235499
2025-01-03T06:48:00Z,40068.717779,40080.203075,40036.509272,40043.795821,3864.275463
2025-01-03T06:49:00Z,40043.795821,40067.652172,39973.476366,39985.906688,2286.381035
2025-01-03T06:50:00Z,39985.906688,39990.893962,39975.601110,39979.184240,990.841461
2025-01-03T06:51:00Z,39979.184240,39993.968498,39951.305444,39960.794188,4468.208667
2025-01-03T06:52:00Z,39960.794188,39983.609682,39957.958960,39974.447770,7154.425643
2025-01-03T06:53:00Z,39974.447770,40000.258338,39928.781620,39958.447487,1850.267964
2025-01-03T06:54:00Z,39958.447487,40025.141209,39950.941994,39998.382842,2704.079618
2025-01-03T06:55:00Z,39998.382842,40012.317185,39923.803547,39939.329030,3994.995177
2025-01-03T06:56:00Z,39939.329030,39944.302861,39875.182076,39898.198952,1676.671818
2025-01-03T06:57:00Z,39898.198952,39900.947065,39854.090532,39860.888205,2567.907561
2025-01-03T06:58:00Z,39860.888205,39867.340290,39837.571341,39842.543813,1571.782555
2025-01-03T06:59:00Z,39842.543813,39845.440370,39811.793748,39816.368109,3717.749832
2025-01-03T07:00:00Z,39816.368109,39865.032245,39786.567518,39851.106153,3386.976021
2025-01-03T07:01:00Z,39851.106153,39862.423134,39797.699838,39825.311784,2966.654450
2025-01-03T07:02:00Z,39825.311784,39862.233318,39786.659130,39820.962890,2843.682621
2025-01-03T07:03:00Z,39820.962890,39838.617396,39790.728946,39810.687642,1736.943660
2025-01-03T07:04:00Z,39810.687642,39829.310662,39774.290710,39787.002805,7713.104267
2025-01-03T07:05:00Z,39787.002805,39804.630827,39753.299424,39777.260160,8128.677305
2025-01-03T07:06:00Z,39777.260160,39792.387734,39771.107345,39779.394613,2264.834692
2025-01-03T07:07:00Z,39779.394613,39801.354701,39747.425592,39753.716767,2466.047392
2025-01-03T07:08:00Z,39753.716767,39782.054998,39710.670537,39725.040559,1486.770670
2025-01-03T07:09:00Z,39725.040559,39739.285227,39684.970328,39702.434344,2582.018040
2025-01-03T07:10:00Z,39702.434344,39756.180191,39681.965765,39731.055239,1769.321621
2025-01-03T07:11:00Z,39731.055239,39741.385660,39682.084691,39690.550746,2254.672458
2025-01-03T07:12:00Z,39690.550746,39787.741815,39685.479447,39775.876222,5069.865576
2025-01-03T07:13:00Z,39775.876222,39782.643435,39731.317981,39742.883205,3123.273434
2025-01-03T07:14:00Z,39742.883205,39772.591631,39714.404546,39748.604943,3115.752083
2025-01-03T07:15:00Z,39748.604943,39763.567695,39709.143567,39723.118559,3763.000327
2025-01-03T07:16:00Z,39723.118559,39727.378317,39682.684226,39690.196986,1835.686578
2025-01-03T07:17:00Z,39690.196986,39785.379589,39662.739407,39751.662905,6256.585796
2025-01-03T07:18:00Z,39751.662905,39780.553094,39653.927904,39698.526969,5018.619131
2025-01-03T07:19:00Z,39698.526969,39702.983334,39646.631270,39653.069606,2813.087181
2025-01-03T07:20:00Z,39653.069606,39660.708829,39638.838280,39653.596704,3636.706995
2025-01-03T07:21:00Z,39653.596704,39670.382419,39632.451508,39650.613183,2828.848364
2025-01-03T07:22:00Z,39650.613183,39713.993745,39631.339992,39695.607258,5717.748754
2025-01-03T07:23:00Z,39695.607258,39707.986156,39630.463398,39634.923178,2232.370728
2025-01-03T07:24:00Z,39634.923178,39667.860685,39626.485129,39650.650841,3600.683831
2025-01-03T07:25:00Z,39650.650841,39690.390504,39630.501891,39663.634564,2530.819732
2025-01-03T07:26:00Z,39663.634564,39669.119928,39632.920882,39648.057411,2573.271183
2025-01-03T07:27:00Z,39648.057411,39677.064975,39580.844695,39594.460173,4259.120064
2025-01-03T07:28:00Z,39594.460173,39620.177864,39539.650984,39564.323278,6910.622156
2025-01-03T07:29:00Z,39564.323278,39584.786986,39531.715900,39577.955547,3181.387738
2025-01-03T07:30:00Z,39577.955547,39595.351611,39534.941140,39554.527651,3503.731141
2025-01-03T07:31:00Z,39554.527651,39593.399153,39550.236019,39588.032630,2499.135223
2025-01-03T07:32:00Z,39588.032630,39621.543481,39544.633618,39568.638090,1907.144893
2025-01-03T07:33:00Z,39568.638090,39598.781599,39552.801082,39566.279992,3102.152081
2025-01-03T07:34:00Z,39566.279992,39611.929329,39551.879870,39571.483890,3298.704441
2025-01-03T07:35:00Z,39571.483890,39578.468327,39534.508928,39553.426748,6637.981529
2025-01-03T07:36:00Z,39553.426748,39605.475637,39530.675503,39584.403965,2248.217208
2025-01-03T07:37:00Z,39584.403965,39651.916325,39561.149426,39632.339644,3207.170456
2025-01-03T07:38:00Z,39632.339644,39650.002658,39602.352235,39621.266372,3783.620390
2025-01-03T07:39:00Z,39621.266372,39661.704461,39597.614148,39638.435217,5002.973165
2025-01-03T07:40:00Z,39638.435217,39646.902013,39577.024061,39596.418376,2454.240245
2025-01-03T07:41:00Z,39596.418376,39605.086684,39564.305396,39571.637983,1658.539979
2025-01-03T07:42:00Z,39571.637983,39594.249832,39558.645125,39576.620458,1900.377149
2025-01-03T07:43:00Z,39576.620458,39584.828801,39547.515182,39576.257034,2809.856967
2025-01-03T07:44:00Z,39576.257034,39631.840788,39543.519458,39614.415194,5929.964780
2025-01-03T07:45:00Z,39614.415194,39627.395881,39573.265688,39580.471113,1932.988087
2025-01-03T07:46:00Z,39580.471113,39619.469113,39575.895454,39614.700450,2753.125287
2025-01-03T07:47:00Z,39614.700450,39619.033595,39593.938234,39597.449499,3572.941370
2025-01-03T07:48:00Z,39597.449499,39610.820769,39542.313012,39560.755581,8426.482092
2025-01-03T07:49:00Z,39560.755581,39572.401215,39532.963875,39547.250937,2402.844439
2025-01-03T07:50:00Z,39547.250937,39606.241782,39531.065938,39580.922098,4374.965331
2025-01-03T07:51:00Z,39580.922098,39604.702907,39528.803172,39542.906347,2038.644769
2025-01-03T07:52:00Z,39542.906347,39598.353247,39532.603832,39585.855355,6863.218987
2025-01-03T07:53:00Z,39585.855355,39622.453411,39551.841048,39605.496356,1259.082769
2025-01-03T07:54:00Z,39605.496356,39623.699512,39582.538123,39598.977516,3782.222469
2025-01-03T07:55:00Z,39598.977516,39613.966207,39529.394753,39534.389733,3211.449347
2025-01-03T07:56:00Z,39534.389733,39558.928400,39499.343977,39539.639924,2426.755332
2025-01-03T07:57:00Z,39539.639924,39547.562236,39515.665537,39533.692804,2742.815587
2025-01-03T07:58:00Z,39533.692804,39611.051092,39521.449924,39589.686168,1929.212980
2025-01-03T07:59:00Z,39589.686168,39612.573540,39576.671161,39589.570887,3775.023917
2025-01-03T08:00:00Z,39589.570887,39620.967999,39574.109830,39606.546939,4878.078577
2025-01-03T08:01:00Z,39606.546939,39641.978283,39583.660108,39616.199325,2999.410064
2025-01-03T08:02:00Z,39616.199325,39645.157953,39606.266314,39632.149155,5581.306789
2025-01-03T08:03:00Z,39632.149155,39674.022182,39563.731943,39600.786885,3700.190599
2025-01-03T08:04:00Z,39600.786885,39604.126079,39567.125762,39571.742824,4310.960473
2025-01-03T08:05:00Z,39571.742824,39577.325628,39534.958750,39543.428001,1054.601715
2025-01-03T08:06:00Z,39543.428001,39554.385653,39457.111645,39493.126513,1712.092139
2025-01-03T08:07:00Z,39493.126513,39514.559146,39486.683481,39507.186086,3459.076279
2025-01-03T08:08:00Z,39507.186086,39520.386444,39482.419566,39512.235983,6774.493840
2025-01-03T08:09:00Z,39512.235983,39516.314376,39508.385299,39511.711175,3329.208732
2025-01-03T08:10:00Z,39511.711175,39599.511186,39496.154713,39587.717076,3308.174118
2025-01-03T08:11:00Z,39587.717076,39641.326912,39570.867636,39616.981748,3928.459468
2025-01-03T08:12:00Z,39616.981748,39623.873475,39592.826617,39598.827911,6576.334881
2025-01-03T08:13:00Z,39598.827911,39620.106791,39550.261929,39561.785811,2155.568176
2025-01-03T08:14:00Z,39561.785811,39580.939859,39526.677944,39555.801609,9190.130266
2025-01-03T08:15:00Z,39555.801609,39615.429847,39540.763509,39607.817481,2436.070825
2025-01-03T08:16:00Z,39607.817481,39632.738537,39601.423516,39625.126080,1375.844002
2025-01-03T08:17:00Z,39625.126080,39648.231399,39620.873550,39645.149869,3461.248141
2025-01-03T08:18:00Z,39645.149869,39652.163561,39620.748740,39625.962472,2430.080157
2025-01-03T08:19:00Z,39625.962472,39697.803492,39604.257410,39678.681614,2582.309304
2025-01-03T08:20:00Z,39678.681614,39706.675008,39653.061763,39694.341928,2374.939873
2025-01-03T08:21:00Z,39694.341928,39699.944572,39656.988958,39671.745323,3643.871822
2025-01-03T08:22:00Z,39671.745323,39731.191500,39628.850400,39684.150178,5074.682454
2025-01-03T08:23:00Z,39684.150178,39744.401342,39671.963459,39716.925830,2383.160340
2025-01-03T08:24:00Z,39716.925830,39752.675259,39682.811031,39725.683222,8139.243776
2025-01-03T08:25:00Z,39725.683222,39728.708951,39706.606371,39710.264020,3417.458436
2025-01-03T08:26:00Z,39710.264020,39713.489498,39680.606612,39685.328018,3374.891788
2025-01-03T08:27:00Z,39685.328018,39692.693408,39659.468825,39666.413004,4198.951258
2025-01-03T08:28:00Z,39666.413004,39697.443642,39643.927130,39685.025332,1738.883790
2025-01-03T08:29:00Z,39685.025332,39740.428331,39659.921931,39713.454312,4134.791569
2025-01-03T08:30:00Z,39713.454312,39715.586574,39656.884181,39659.142740,1710.297246
2025-01-03T08:31:00Z,39659.142740,39681.261118,39657.532271,39672.541367,1038.685787
2025-01-03T08:32:00Z,39672.541367,39705.708063,39650.300784,39659.851814,4151.928199
2025-01-03T08:33:00Z,39659.851814,39664.267189,39651.474569,39654.223441,2295.894241
2025-01-03T08:34:00Z,39654.223441,39693.773806,39643.678904,39660.309556,6807.696036
2025-01-03T08:35:00Z,39660.309556,39663.409343,39655.897794,39661.090255,3024.667413
2025-01-03T08:36:00Z,39661.090255,39686.979771,39633.241970,39639.510027,6225.865887
2025-01-03T08:37:00Z,39639.510027,39694.969671,39630.314993,39658.083612,4410.720406
2025-01-03T08:38:00Z,39658.083612,39687.019672,39626.096561,39675.657669,3644.138150
2025-01-03T08:39:00Z,39675.657669,39734.836079,39651.888043,39721.731834,2600.204133
2025-01-03T08:40:00Z,39721.731834,39737.995191,39706.937154,39716.678224,2759.206860
2025-01-03T08:41:00Z,39716.678224,39745.081564,39691.029680,39722.406973,1481.424206
2025-01-03T08:42:00Z,39722.406973,39783.044365,39716.685167,39768.839418,2213.335845
2025-01-03T08:43:00Z,39768.839418,39777.948119,39765.086686,39776.620175,6278.016852
2025-01-03T08:44:00Z,39776.620175,39858.577882,39768.399402,39820.889426,2524.880341
2025-01-03T08:45:00Z,39820.889426,39823.130692,39802.412600,39807.063849,1719.207645
2025-01-03T08:46:00Z,39807.063849,39852.987719,39785.801864,39833.089315,2144.097388
2025-01-03T08:47:00Z,39833.089315,39900.978492,39802.492039,39871.587576,3720.683878
2025-01-03T08:48:00Z,39871.587576,39930.915251,39841.327638,39902.427778,2909.201205
2025-01-03T08:49:00Z,39902.427778,39909.731866,39860.617840,39870.382284,5368.267288
2025-01-03T08:50:00Z,39870.382284,39892.600186,39862.787656,39890.907839,4184.654862
2025-01-03T08:51:00Z,39890.907839,39907.101886,39838.272675,39855.298111,2322.704115
2025-01-03T08:52:00Z,39855.298111,39913.334430,39849.701347,39908.777490,1935.929211
2025-01-03T08:53:00Z,39908.777490,39921.569501,39882.240304,39901.907058,3038.259793
2025-01-03T08:54:00Z,39901.907058,39936.281264,39873.868649,39899.497703,5858.339434
2025-01-03T08:55:00Z,39899.497703,39928.393712,39864.251262,39878.534775,2543.192674
2025-01-03T08:56:00Z,39878.534775,39894.364564,39855.892373,39881.899566,3081.463281
2025-01-03T08:57:00Z,39881.899566,39910.527574,39869.746084,39900.685086,4167.032731
2025-01-03T08:58:00Z,39900.685086,39931.738811,39881.314990,39923.716374,3420.398987
2025-01-03T08:59:00Z,39923.716374,39942.136830,39917.631196,39933.194362,3621.169543
2025-01-03T09:00:00Z,39933.194362,39976.866622,39904.244159,39966.640267,8150.633305
2025-01-03T09:01:00Z,39966.640267,39972.734416,39946.407709,39947.915908,6824.864329
2025-01-03T09:02:00Z,39947.915908,40034.205959,39937.242176,40017.379479,3776.854395
2025-01-03T09:03:00Z,40017.379479,40101.810819,40000.669381,40075.619742,3062.549439
2025-01-03T09:04:00Z,40075.619742,40090.947133,40053.945416,40080.399096,3857.069222
2025-01-03T09:05:00Z,40080.399096,40105.785920,40047.485408,40087.739457,3786.015292
2025-01-03T09:06:00Z,40087.739457,40181.683861,40063.199223,40162.104629,2279.948344
2025-01-03T09:07:00Z,40162.104629,40183.547288,40059.501151,40081.014673,1913.495492
2025-01-03T09:08:00Z,40081.014673,40137.952554,40071.663261,40122.086461,4089.512031
2025-01-03T09:09:00Z,40122.086461,40213.788047,40108.326243,40202.713859,4106.416542
2025-01-03T09:10:00Z,40202.713859,40232.179516,40196.123889,40226.966837,1218.819675
2025-01-03T09:11:00Z,40226.966837,40268.054079,40210.399567,40263.377157,3771.019808
2025-01-03T09:12:00Z,40263.377157,40307.194347,40260.724706,40303.207625,2991.010387
2025-01-03T09:13:00Z,40303.207625,40309.896031,40286.717030,40298.976762,1712.123634
2025-01-03T09:14:00Z,40298.976762,40362.013094,40282.187333,40350.743096,4754.751783
2025-01-03T09:15:00Z,40350.743096,40429.422497,40329.490005,40403.860898,1955.523692
2025-01-03T09:16:00Z,40403.860898,40423.129331,40379.010705,40392.937754,1745.376704
2025-01-03T09:17:00Z,40392.937754,40412.596176,40373.973239,40405.824790,4541.316881
2025-01-03T09:18:00Z,40405.824790,40425.355766,40364.280950,40390.615044,5949.599527
2025-01-03T09:19:00Z,40390.615044,40431.816994,40383.865120,40430.399868,4104.861252
2025-01-03T09:20:00Z,40430.399868,40454.100289,40404.532972,40423.428368,3941.733527
2025-01-03T09:21:00Z,40423.428368,40458.115291,40410.882242,40437.882612,5186.280001
2025-01-03T09:22:00Z,40437.882612,40453.712882,40344.835195,40383.452216,1854.923589
2025-01-03T09:23:00Z,40383.452216,40390.808394,40380.681397,40385.434825,3423.082598
2025-01-03T09:24:00Z,40385.434825,40396.500939,40380.543500,40391.992751,2280.338170
2025-01-03T09:25:00Z,40391.992751,40406.778740,40324.325742,40354.077387,2581.359530
2025-01-03T09:26:00Z,40354.077387,40383.789155,40347.318196,40374.086152,3960.733113
2025-01-03T09:27:00Z,40374.086152,40407.207451,40364.400772,40384.537782,3759.872560
2025-01-03T09:28:00Z,40384.537782,40398.253392,40313.699712,40320.473104,5054.447174
2025-01-03T09:29:00Z,40320.473104,40349.415988,40314.142532,40343.703950,3026.017617
2025-01-03T09:30:00Z,40343.703950,40387.103369,40327.752463,40352.998363,3429.311227
2025-01-03T09:31:00Z,40352.998363,40417.736726,40345.752618,40394.473458,5038.433035
2025-01-03T09:32:00Z,40394.473458,40425.649782,40365.016844,40418.369540,2352.861618
2025-01-03T09:33:00Z,40418.369540,40438.959627,40411.000017,40434.944926,3449.310925
2025-01-03T09:34:00Z,40434.944926,40476.380923,40401.100594,40457.825897,5675.872112
2025-01-03T09:35:00Z,40457.825897,40483.590181,40435.002460,40472.089241,6894.308785
2025-01-03T09:36:00Z,40472.089241,40514.627523,40470.113125,40512.224835,4091.941465
2025-01-03T09:37:00Z,40512.224835,40563.160651,40495.197584,40542.333592,4998.751943
2025-01-03T09:38:00Z,40542.333592,40562.162921,40523.398163,40547.735181,1796.798489
2025-01-03T09:39:00Z,40547.735181,40591.609560,40524.633816,40584.121426,5594.767064
2025-01-03T09:40:00Z,40584.121426,40617.885447,40575.806117,40586.068214,7054.981828
2025-01-03T09:41:00Z,40586.068214,40610.887443,40568.780191,40578.768370,3548.871719
2025-01-03T09:42:00Z,40578.768370,40626.440338,40561.824721,40613.754812,4239.873962
2025-01-03T09:43:00Z,40613.754812,40652.279418,40555.987665,40578.965290,5622.943648
2025-01-03T09:44:00Z,40578.965290,40604.090545,40558.565158,40587.832967,1156.196424
2025-01-03T09:45:00Z,40587.832967,40639.366333,40578.544171,40628.998135,3912.213033
2025-01-03T09:46:00Z,40628.998135,40640.448289,40615.362030,40623.935666,6267.872511
2025-01-03T09:47:00Z,40623.935666,40647.309631,40537.866900,40549.154030,5035.522934
2025-01-03T09:48:00Z,40549.154030,40565.882851,40546.634099,40562.182317,4728.951623
2025-01-03T09:49:00Z,40562.182317,40565.603341,40542.497601,40553.557902,3191.005160
2025-01-03T09:50:00Z,40553.557902,40585.350489,40547.801739,40581.426821,3840.824731
2025-01-03T09:51:00Z,40581.426821,40643.082006,40566.541134,40628.875919,5668.308021
2025-01-03T09:52:00Z,40628.875919,40665.161648,40604.707206,40634.810290,3852.091835
2025-01-03T09:53:00Z,40634.810290,40707.514761,40609.366237,40681.275392,2552.329903
2025-01-03T09:54:00Z,40681.275392,40694.515857,40632.988680,40649.756564,1812.170928
2025-01-03T09:55:00Z,40649.756564,40655.489197,40628.808047,40635.127077,6460.497665
2025-01-03T09:56:00Z,40635.127077,40648.477381,40629.630552,40641.245484,4025.330927
2025-01-03T09:57:00Z,40641.245484,40790.526136,40626.239237,40744.958956,2230.497439
2025-01-03T09:58:00Z,40744.958956,40755.569338,40734.099307,40745.554179,3347.155304
2025-01-03T09:59:00Z,40745.554179,40786.195824,40736.145846,40771.311671,6569.132318
2025-01-03T10:00:00Z,40771.311671,40825.708223,40757.819278,40811.468028,1402.749768
2025-01-03T10:01:00Z,40811.468028,40833.167965,40787.770485,40813.469917,1950.562497
2025-01-03T10:02:00Z,40813.469917,40824.074793,40785.053511,40797.821372,2594.885531
2025-01-03T10:03:00Z,40797.821372,40865.590027,40782.457878,40852.031385,1820.283997
2025-01-03T10:04:00Z,40852.031385,40859.651274,40798.193682,40808.078942,1311.039727
2025-01-03T10:05:00Z,40808.078942,40828.995331,40738.106839,40752.800306,3478.552387
2025-01-03T10:06:00Z,40752.800306,40755.413636,40674.420201,40677.492314,2921.364846
2025-01-03T10:07:00Z,40677.492314,40724.824714,40657.958141,40711.861027,3628.967301
2025-01-03T10:08:00Z,40711.861027,40754.692377,40634.004360,40653.419194,1896.906846
2025-01-03T10:09:00Z,40653.419194,40712.300963,40636.725182,40686.899325,3696.295878
2025-01-03T10:10:00Z,40686.899325,40754.107219,40679.787542,40734.652304,2399.249632
2025-01-03T10:11:00Z,40734.652304,40781.820027,40727.682475,40757.376848,2286.763815
2025-01-03T10:12:00Z,40757.376848,40776.128026,40706.961267,40730.508437,5053.313598
2025-01-03T10:13:00Z,40730.508437,40809.960194,40695.904642,40763.031143,2564.065984
2025-01-03T10:14:00Z,40763.031143,40805.225940,40712.237319,40749.832286,2514.553097
2025-01-03T10:15:00Z,40749.832286,40763.980341,40745.009980,40748.951195,4327.565388
2025-01-03T10:16:00Z,40748.951195,40762.717727,40698.493555,40736.013353,2620.567776
2025-01-03T10:17:00Z,40736.013353,40762.394222,40728.395176,40741.425116,2757.511010
2025-01-03T10:18:00Z,40741.425116,40818.711737,40729.300985,40805.760716,2192.859383
2025-01-03T10:19:00Z,40805.760716,40814.220205,40782.282481,40785.874218,4527.591300
2025-01-03T10:20:00Z,40785.874218,40830.052333,40742.364344,40811.026849,4253.273781
2025-01-03T10:21:00Z,40811.026849,40826.349386,40719.407942,40754.206190,4447.324274
2025-01-03T10:22:00Z,40754.206190,40758.288663,40728.417511,40733.352499,1720.162175
2025-01-03T10:23:00Z,40733.352499,40773.209960,40708.558013,40765.547011,5202.396650
2025-01-03T10:24:00Z,40765.547011,40807.052692,40743.499708,40792.602147,1237.542689
2025-01-03T10:25:00Z,40792.602147,40802.431046,40752.148137,40759.432855,3540.383381
2025-01-03T10:26:00Z,40759.432855,40791.137022,40742.405441,40751.651637,3113.967379
2025-01-03T10:27:00Z,40751.651637,40798.002543,40713.163659,40763.550793,1486.011721
2025-01-03T10:28:00Z,40763.550793,40855.119817,40748.452306,40840.183315,4433.182336
2025-01-03T10:29:00Z,40840.183315,40865.132440,40836.524856,40854.913646,3068.116483
2025-01-03T10:30:00Z,40854.913646,40895.672325,40836.754560,40881.996794,3939.593254
2025-01-03T10:31:00Z,40881.996794,40912.778150,40868.458342,40895.061790,3201.300483
2025-01-03T10:32:00Z,40895.061790,40978.354047,40868.396964,40954.861752,6035.203810
2025-01-03T10:33:00Z,40954.861752,41066.133802,40939.865496,41051.124593,6252.044312
2025-01-03T10:34:00Z,41051.124593,41060.682970,41032.902273,41036.586339,2228.076473
2025-01-03T10:35:00Z,41036.586339,41046.766769,41024.214743,41035.820600,1636.395538
2025-01-03T10:36:00Z,41035.820600,41085.282021,41018.881399,41049.506104,1990.722254
2025-01-03T10:37:00Z,41049.506104,41099.685977,41045.080247,41094.472585,1977.447775
2025-01-03T10:38:00Z,41094.472585,41112.879783,41057.654799,41065.639498,1644.162903
2025-01-03T10:39:00Z,41065.639498,41067.981447,41025.404997,41028.204418,2736.227869
2025-01-03T10:40:00Z,41028.204418,41062.368451,40996.211879,41011.017328,1218.429731
2025-01-03T10:41:00Z,41011.017328,41049.770852,40995.730811,41023.012745,4767.910328
2025-01-03T10:42:00Z,41023.012745,41048.455800,41007.454527,41038.594851,3221.595644
2025-01-03T10:43:00Z,41038.594851,41044.633453,40997.108522,41000.175416,1818.773896
2025-01-03T10:44:00Z,41000.175416,41031.694569,40997.418099,41026.339110,2098.964797
2025-01-03T10:45:00Z,41026.339110,41117.605992,41009.743188,41071.210034,4358.292139
2025-01-03T10:46:00Z,41071.210034,41136.396871,41063.242190,41125.863927,2547.627863
2025-01-03T10:47:00Z,41125.863927,41185.588487,41093.828254,41163.180258,1778.939017
2025-01-03T10:48:00Z,41163.180258,41186.990607,41145.883231,41164.607699,7251.683923
2025-01-03T10:49:00Z,41164.607699,41185.242626,41159.652472,41171.330770,2348.600300
2025-01-03T10:50:00Z,41171.330770,41215.447623,41142.756135,41170.667306,2341.564053
2025-01-03T10:51:00Z,41170.667306,41188.537042,41132.082182,41140.233932,1694.568789
2025-01-03T10:52:00Z,41140.233932,41234.228514,41118.507777,41211.187472,2825.208848
2025-01-03T10:53:00Z,41211.187472,41223.630089,41184.789270,41191.288252,1312.873145
2025-01-03T10:54:00Z,41191.288252,41223.503610,41142.269323,41153.368999,5338.597387
2025-01-03T10:55:00Z,41153.368999,41167.715486,41106.839741,41119.790494,1335.715995
2025-01-03T10:56:00Z,41119.790494,41125.360934,41062.249431,41067.056462,3317.852462
2025-01-03T10:57:00Z,41067.056462,41073.842340,41056.143571,41065.865660,5863.474511
2025-01-03T10:58:00Z,41065.865660,41106.972738,41008.072101,41042.829315,3088.581420
2025-01-03T10:59:00Z,41042.829315,41046.788381,41029.626974,41031.559347,2149.977332
2025-01-03T11:00:00Z,41031.559347,41037.680595,41006.422227,41011.793820,4026.449536
2025-01-03T11:01:00Z,41011.793820,41037.124712,41006.111079,41024.920389,6887.073208
2025-01-03T11:02:00Z,41024.920389,41027.909043,41018.404142,41022.835506,1352.931342
2025-01-03T11:03:00Z,41022.835506,41067.421639,41004.947906,41051.237926,1088.771260
2025-01-03T11:04:00Z,41051.237926,41081.670230,41037.668045,41053.682816,2512.454786
2025-01-03T11:05:00Z,41053.682816,41064.925059,41017.368818,41052.906372,3090.846931
2025-01-03T11:06:00Z,41052.906372,41064.831472,41029.643429,41038.545936,2514.412467
2025-01-03T11:07:00Z,41038.545936,41059.269070,41036.674615,41057.878482,4770.250945
2025-01-03T11:08:00Z,41057.878482,41061.708538,41040.574876,41044.541234,3312.747931
2025-01-03T11:09:00Z,41044.541234,41096.211492,41036.064475,41092.440637,4504.517937
2025-01-03T11:10:00Z,41092.440637,41115.361659,41035.053804,41047.118331,2150.341975
2025-01-03T11:11:00Z,41047.118331,41061.743406,40990.850927,41004.652098,2618.455677
2025-01-03T11:12:00Z,41004.652098,41027.923292,40998.435966,41012.735728,3881.351201
2025-01-03T11:13:00Z,41012.735728,41020.369153,40963.503667,40971.342396,1879.203782
2025-01-03T11:14:00Z,40971.342396,41091.225383,40949.444003,41056.539322,3646.120353
2025-01-03T11:15:00Z,41056.539322,41074.347357,40999.898931,41019.337923,3254.406644
2025-01-03T11:16:00Z,41019.337923,41102.738476,41000.321736,41069.163352,2323.997403
2025-01-03T11:17:00Z,41069.163352,41100.433425,41056.510980,41083.205865,3397.464085
2025-01-03T11:18:00Z,41083.205865,41161.145837,41070.534681,41133.361577,2459.477993
2025-01-03T11:19:00Z,41133.361577,41145.808134,41124.402316,41143.493425,3284.976935
2025-01-03T11:20:00Z,41143.493425,41173.837036,41129.666951,41152.216195,1784.327642
2025-01-03T11:21:00Z,41152.216195,41172.124558,41079.075572,41083.472415,3930.902503
2025-01-03T11:22:00Z,41083.472415,41093.005199,41032.803583,41049.004892,3926.573114
2025-01-03T11:23:00Z,41049.004892,41069.017857,40992.608539,41020.955671,3569.679458
2025-01-03T11:24:00Z,41020.955671,41053.979748,41002.203606,41033.922947,2621.019301
2025-01-03T11:25:00Z,41033.922947,41042.261868,41011.292890,41033.004065,2670.848382
2025-01-03T11:26:00Z,41033.004065,41038.102501,40984.268756,41004.417367,5199.600168
2025-01-03T11:27:00Z,41004.417367,41079.435287,40987.177810,41048.178220,2722.620046
2025-01-03T11:28:00Z,41048.178220,41095.433736,41022.960403,41085.938392,4478.128881
2025-01-03T11:29:00Z,41085.938392,41115.080084,41058.550311,41091.430647,4028.246003
2025-01-03T11:30:00Z,41091.430647,41109.743771,41085.242735,41106.101756,4345.666890
2025-01-03T11:31:00Z,41106.101756,41157.854637,41073.008876,41115.036357,4296.970513
2025-01-03T11:32:00Z,41115.036357,41175.043455,41101.735419,41155.916390,2175.399222
2025-01-03T11:33:00Z,41155.916390,41168.241613,41088.973187,41098.655417,5606.246725
2025-01-03T11:34:00Z,41098.655417,41140.703458,41051.887233,41087.271917,4051.187266
2025-01-03T11:35:00Z,41087.271917,41094.736632,41073.674588,41079.201456,4125.077884
2025-01-03T11:36:00Z,41079.201456,41103.836124,41008.785566,41020.223151,5597.163687
2025-01-03T11:37:00Z,41020.223151,41029.516320,40996.926586,41003.014779,1268.444285
2025-01-03T11:38:00Z,41003.014779,41062.759718,40990.880306,41052.705745,1592.645874
2025-01-03T11:39:00Z,41052.705745,41055.058858,41024.845124,41029.861936,1839.740974
2025-01-03T11:40:00Z,41029.861936,41054.492454,40965.026288,40990.809982,4004.702246
2025-01-03T11:41:00Z,40990.809982,41014.294659,40936.745977,40971.145816,1835.233332
2025-01-03T11:42:00Z,40971.145816,40972.792379,40959.353433,40968.016428,4180.156137
2025-01-03T11:43:00Z,40968.016428,40977.336311,40932.182519,40952.255124,2691.651883
2025-01-03T11:44:00Z,40952.255124,41006.751350,40937.621072,40979.974720,3319.952793
2025-01-03T11:45:00Z,40979.974720,40991.911782,40926.309915,40940.252186,1676.360198
2025-01-03T11:46:00Z,40940.252186,40953.559020,40933.986799,40950.375984,2488.691421
2025-01-03T11:47:00Z,40950.375984,40963.720894,40893.087968,40924.151312,3487.832280
2025-01-03T11:48:00Z,40924.151312,40932.857730,40862.422023,40867.584506,2121.446539
2025-01-03T11:49:00Z,40867.584506,40897.689485,40834.681686,40877.127518,3526.096230
2025-01-03T11:50:00Z,40877.127518,40912.505798,40856.794254,40902.361532,1967.204977
2025-01-03T11:51:00Z,40902.361532,40932.220124,40832.726379,40857.638703,1603.385376
2025-01-03T11:52:00Z,40857.638703,40912.107728,40845.413657,40881.766413,1146.542579
2025-01-03T11:53:00Z,40881.766413,40888.950337,40854.572331,40862.582349,3988.312907
2025-01-03T11:54:00Z,40862.582349,40894.608044,40836.508012,40880.886523,3505.300357
2025-01-03T11:55:00Z,40880.886523,40893.249845,40842.929464,40873.036306,3922.122284
2025-01-03T11:56:00Z,40873.036306,40920.977402,40868.719362,40913.568403,5823.193825
2025-01-03T11:57:00Z,40913.568403,40915.631437,40868.545241,40871.653051,4290.337181
2025-01-03T11:58:00Z,40871.653051,40901.240462,40817.781365,40835.405156,2309.403424
2025-01-03T11:59:00Z,40835.405156,40865.068379,40829.120715,40859.826114,1387.874494
2025-01-03T12:00:00Z,40859.826114,40888.320191,40809.561921,40827.367171,1675.117964
2025-01-03T12:01:00Z,40827.367171,40837.117053,40823.632221,40826.443214,954.996855
2025-01-03T12:02:00Z,40826.443214,40836.157036,40786.976113,40804.003817,1912.590220
2025-01-03T12:03:00Z,40804.003817,40837.840954,40789.008964,40828.794448,2935.195726
2025-01-03T12:04:00Z,40828.794448,40856.822758,40789.304647,40842.686357,1310.937755
2025-01-03T12:05:00Z,40842.686357,40849.715356,40801.535977,40819.083974,2364.251663
2025-01-03T12:06:00Z,40819.083974,40831.830772,40798.267013,40808.921335,1411.649548
2025-01-03T12:07:00Z,40808.921335,40855.416459,40804.680601,40851.152266,2911.298124
2025-01-03T12:08:00Z,40851.152266,40864.068786,40760.378087,40765.527869,6686.328178
2025-01-03T12:09:00Z,40765.527869,40772.360544,40746.554937,40766.667741,4179.274099
2025-01-03T12:10:00Z,40766.667741,40790.239064,40742.005354,40746.389675,1964.244948
2025-01-03T12:11:00Z,40746.389675,40771.182921,40725.829394,40753.670077,2450.591070
2025-01-03T12:12:00Z,40753.670077,40756.609247,40718.405885,40721.911996,7209.923636
2025-01-03T12:13:00Z,40721.911996,40795.187654,40713.757310,40790.693358,4315.305571
2025-01-03T12:14:00Z,40790.693358,40796.216682,40785.822911,40793.847486,1310.507139
2025-01-03T12:15:00Z,40793.847486,40844.146923,40790.028947,40839.854404,2011.007133
2025-01-03T12:16:00Z,40839.854404,40924.490842,40802.001280,40890.706977,2284.958846
2025-01-03T12:17:00Z,40890.706977,40925.614637,40880.639500,40921.945294,3136.599288
2025-01-03T12:18:00Z,40921.945294,40928.277627,40893.603046,40899.360333,7298.732863
2025-01-03T12:19:00Z,40899.360333,40940.729957,40863.620561,40916.472231,2502.634081
2025-01-03T12:20:00Z,40916.472231,40995.014238,40901.997343,40970.265589,5424.714554
2025-01-03T12:21:00Z,40970.265589,40996.768498,40929.066218,40964.225973,3686.489143
2025-01-03T12:22:00Z,40964.225973,40981.349711,40951.433392,40968.473775,2793.547209
2025-01-03T12:23:00Z,40968.473775,41003.996413,40952.780041,40979.882590,2631.474723
2025-01-03T12:24:00Z,40979.882590,40990.686666,40970.020641,40982.829903,2649.629088
2025-01-03T12:25:00Z,40982.829903,41000.353778,40925.487620,40934.297520,2101.869480
2025-01-03T12:26:00Z,40934.297520,40970.240202,40906.125865,40927.602968,5090.149851
2025-01-03T12:27:00Z,40927.602968,40936.558139,40884.429512,40896.949705,2093.405027
2025-01-03T12:28:00Z,40896.949705,40904.972232,40890.157047,40900.714241,3425.723425
2025-01-03T12:29:00Z,40900.714241,40974.032429,40860.118768,40943.694951,3573.167036
2025-01-03T12:30:00Z,40943.694951,40988.211902,40926.917859,40937.287522,2581.235624
2025-01-03T12:31:00Z,40937.287522,40990.936430,40915.361638,40971.303279,1467.472725
2025-01-03T12:32:00Z,40971.303279,41019.011630,40957.282597,41005.532823,2321.619607
2025-01-03T12:33:00Z,41005.532823,41030.009455,40970.246704,40998.967959,4543.087137
2025-01-03T12:34:00Z,40998.967959,41016.119307,40986.853401,41004.428159,3403.147786
2025-01-03T12:35:00Z,41004.428159,41013.847822,40992.331554,40997.795625,2119.336413
2025-01-03T12:36:00Z,40997.795625,41006.079123,40990.525406,41002.968452,2439.824867
2025-01-03T12:37:00Z,41002.968452,41024.244549,40944.001463,40986.302132,2162.327679
2025-01-03T12:38:00Z,40986.302132,41027.962628,40984.657572,41024.887344,1997.002380
2025-01-03T12:39:00Z,41024.887344,41067.878058,41020.415827,41045.270113,2818.387238
2025-01-03T12:40:00Z,41045.270113,41063.107901,40986.637514,40998.769917,2958.588683
2025-01-03T12:41:00Z,40998.769917,41009.616538,40982.691117,40991.017541,3266.541948
2025-01-03T12:42:00Z,40991.017541,41004.801094,40937.799375,40956.044817,4327.104005
2025-01-03T12:43:00Z,40956.044817,40985.915324,40931.303279,40967.446955,5610.480778
2025-01-03T12:44:00Z,40967.446955,40980.986056,40913.805834,40923.217052,4377.325632
2025-01-03T12:45:00Z,40923.217052,40935.440210,40899.044275,40906.393390,4022.553322
2025-01-03T12:46:00Z,40906.393390,40912.509235,40893.864237,40904.559039,2309.316421
2025-01-03T12:47:00Z,40904.559039,40927.395947,40902.163845,40920.152550,2265.941599
2025-01-03T12:48:00Z,40920.152550,40933.563843,40870.064937,40888.633006,1838.086171
2025-01-03T12:49:00Z,40888.633006,40986.244484,40872.194709,40948.186411,4641.503822
2025-01-03T12:50:00Z,40948.186411,40986.184788,40928.905282,40957.333639,4108.110063
2025-01-03T12:51:00Z,40957.333639,40968.175731,40897.565871,40916.196953,3629.278559
2025-01-03T12:52:00Z,40916.196953,40965.886668,40909.264685,40932.932274,1573.813910
2025-01-03T12:53:00Z,40932.932274,40942.671209,40892.601566,40904.139153,3959.762737
2025-01-03T12:54:00Z,40904.139153,40907.706849,40872.521635,40882.455253,2795.211786
2025-01-03T12:55:00Z,40882.455253,40892.822738,40860.529562,40875.365690,2620.072460
2025-01-03T12:56:00Z,40875.365690,40885.069325,40826.290535,40862.220807,2316.247778
2025-01-03T12:57:00Z,40862.220807,40924.191929,40845.908043,40905.378657,4781.136685
2025-01-03T12:58:00Z,40905.378657,40927.707381,40829.837611,40862.188764,1344.451262
2025-01-03T12:59:00Z,40862.188764,40882.356243,40806.888249,40815.330050,2565.013983
2025-01-03T13:00:00Z,40815.330050,40827.491279,40804.628244,40808.784853,2401.429344
2025-01-03T13:01:00Z,40808.784853,40818.098059,40788.909887,40790.715004,4263.939631
2025-01-03T13:02:00Z,40790.715004,40833.271453,40761.793457,40788.414092,2274.524311
2025-01-03T13:03:00Z,40788.414092,40813.346342,40722.567582,40756.325882,2011.799119
2025-01-03T13:04:00Z,40756.325882,40808.756202,40742.638269,40793.319194,2539.140935
2025-01-03T13:05:00Z,40793.319194,40799.924936,40777.909663,40787.863260,2383.989438
2025-01-03T13:06:00Z,40787.863260,40818.108568,40777.404982,40798.815887,5216.795200
2025-01-03T13:07:00Z,40798.815887,40813.266346,40791.402612,40809.225984,3395.018157
2025-01-03T13:08:00Z,40809.225984,40819.634591,40739.376780,40770.417410,2083.785985
2025-01-03T13:09:00Z,40770.417410,40856.091576,40743.805520,40829.578778,2031.827540
2025-01-03T13:10:00Z,40829.578778,40897.432462,40817.141947,40876.397443,4820.970380
2025-01-03T13:11:00Z,40876.397443,40889.112624,40794.687349,40798.920749,1362.015287
2025-01-03T13:12:00Z,40798.920749,40823.726996,40796.824670,40817.613993,5379.073073
2025-01-03T13:13:00Z,40817.613993,40837.982894,40815.827718,40833.672691,2136.826295
2025-01-03T13:14:00Z,40833.672691,40870.157449,40800.452158,40828.902752,2982.824550
2025-01-03T13:15:00Z,40828.902752,40839.531655,40798.821341,40832.159691,4553.334792
2025-01-03T13:16:00Z,40832.159691,40841.682276,40808.800286,40814.478163,3830.867804
2025-01-03T13:17:00Z,40814.478163,40823.301259,40772.146714,40787.214347,1075.295717
2025-01-03T13:18:00Z,40787.214347,40818.797184,40777.885453,40786.454450,2307.756750
2025-01-03T13:19:00Z,40786.454450,40806.826178,40720.826606,40739.876618,3526.897957
2025-01-03T13:20:00Z,40739.876618,40798.596928,40728.340186,40790.594112,2079.049208
2025-01-03T13:21:00Z,40790.594112,40843.074635,40750.662644,40810.872641,2082.642864
2025-01-03T13:22:00Z,40810.872641,40837.936884,40797.427724,40819.893985,6578.752816
2025-01-03T13:23:00Z,40819.893985,40863.778155,40729.573450,40767.030700,1480.865231
2025-01-03T13:24:00Z,40767.030700,40776.329174,40745.631753,40761.248869,2254.939205
2025-01-03T13:25:00Z,40761.248869,40783.972357,40726.883185,40768.462005,2844.353211
2025-01-03T13:26:00Z,40768.462005,40778.453641,40762.315314,40766.011022,2227.049289
2025-01-03T13:27:00Z,40766.011022,40787.792345,40705.071050,40720.409397,2604.124761
2025-01-03T13:28:00Z,40720.409397,40724.734595,40702.399238,40708.202929,1445.020536
2025-01-03T13:29:00Z,40708.202929,40713.730623,40703.919066,40707.190977,1026.332403
2025-01-03T13:30:00Z,40707.190977,40723.382993,40652.591803,40663.727597,4580.711322
2025-01-03T13:31:00Z,40663.727597,40691.006542,40641.580858,40652.683133,2907.716308
2025-01-03T13:32:00Z,40652.683133,40679.150867,40608.854005,40630.355440,2226.210969
2025-01-03T13:33:00Z,40630.355440,40645.042798,40584.702216,40591.191287,3489.911862
2025-01-03T13:34:00Z,40591.191287,40646.413740,40565.069326,40616.687890,2729.693788
2025-01-03T13:35:00Z,40616.687890,40625.942373,40581.945513,40594.530747,5600.823809
2025-01-03T13:36:00Z,40594.530747,40605.404386,40573.381737,40594.977148,2365.218279
2025-01-03T13:37:00Z,40594.977148,40605.988143,40553.597172,40561.570725,3874.834574
2025-01-03T13:38:00Z,40561.570725,40587.233496,40552.438894,40577.830349,3722.092357
2025-01-03T13:39:00Z,40577.830349,40598.117678,40563.916362,40585.302843,2516.472989
2025-01-03T13:40:00Z,40585.302843,40595.401221,40567.990432,40574.815907,2853.388398
2025-01-03T13:41:00Z,40574.815907,40584.165389,40558.520165,40571.880583,2770.296264
2025-01-03T13:42:00Z,40571.880583,40582.507861,40501.854878,40527.636924,4087.467560
2025-01-03T13:43:00Z,40527.636924,40546.126482,40473.429325,40492.950898,2097.342973
2025-01-03T13:44:00Z,40492.950898,40500.308927,40457.703148,40468.605439,5630.623469
2025-01-03T13:45:00Z,40468.605439,40473.414316,40424.865544,40431.666098,2445.507356
2025-01-03T13:46:00Z,40431.666098,40450.089328,40427.685293,40444.699555,1305.272323
2025-01-03T13:47:00Z,40444.699555,40454.583214,40349.811108,40362.713629,3941.781320
2025-01-03T13:48:00Z,40362.713629,40380.161513,40348.183179,40361.294107,2441.475529
2025-01-03T13:49:00Z,40361.294107,40373.324423,40324.187851,40351.748635,4404.719832
2025-01-03T13:50:00Z,40351.748635,40373.667832,40335.276007,40367.768678,1258.325081
2025-01-03T13:51:00Z,40367.768678,40386.317934,40362.333106,40380.317832,2914.117844
2025-01-03T13:52:00Z,40380.317832,40386.827091,40360.434625,40362.807938,5386.384960
2025-01-03T13:53:00Z,40362.807938,40385.036248,40327.591197,40332.186021,2767.878187
2025-01-03T13:54:00Z,40332.186021,40365.367124,40329.549111,40355.900612,1979.785332
2025-01-03T13:55:00Z,40355.900612,40366.233879,40283.130922,40301.931202,3207.800639
2025-01-03T13:56:00Z,40301.931202,40311.400723,40218.465230,40235.413120,3428.930628
2025-01-03T13:57:00Z,40235.413120,40263.683820,40226.086669,40252.735852,2885.142555
2025-01-03T13:58:00Z,40252.735852,40265.562048,40241.935267,40255.237367,2776.327066
2025-01-03T13:59:00Z,40255.237367,40282.483738,40230.913683,40251.204798,1888.559569
2025-01-03T14:00:00Z,40251.204798,40272.995733,40222.306290,40241.569870,2789.394694
2025-01-03T14:01:00Z,40241.569870,40248.557173,40176.230334,40184.346152,2267.261507
2025-01-03T14:02:00Z,40184.346152,40248.713859,40170.527817,40233.581276,955.512942
2025-01-03T14:03:00Z,40233.581276,40235.084679,40173.718425,40176.892772,3264.237149
2025-01-03T14:04:00Z,40176.892772,40178.543655,40126.703786,40131.715111,4148.891223
2025-01-03T14:05:00Z,40131.715111,40135.350994,40056.371667,40065.812525,4507.595533
2025-01-03T14:06:00Z,40065.812525,40072.765196,40030.714984,40032.841646,9141.206994
2025-01-03T14:07:00Z,40032.841646,40061.935082,39937.147980,39980.450133,3187.631865
2025-01-03T14:08:00Z,39980.450133,39991.767488,39975.382657,39988.229374,2006.245430
2025-01-03T14:09:00Z,39988.229374,40018.046356,39962.609923,39985.991693,2390.313631
2025-01-03T14:10:00Z,39985.991693,39993.290024,39931.504809,39953.480058,3148.699139
2025-01-03T14:11:00Z,39953.480058,39973.722929,39940.174320,39967.104253,5215.068629
2025-01-03T14:12:00Z,39967.104253,39970.634622,39940.491844,39943.928745,1980.821776
2025-01-03T14:13:00Z,39943.928745,39958.955366,39885.985689,39908.776234,4278.330550
2025-01-03T14:14:00Z,39908.776234,39916.403502,39878.190643,39881.406330,2352.760033
2025-01-03T14:15:00Z,39881.406330,39920.924326,39861.097724,39877.570293,3131.304791
2025-01-03T14:16:00Z,39877.570293,39887.809589,39859.364363,39870.305964,2180.096658
2025-01-03T14:17:00Z,39870.305964,39930.914049,39849.486136,39915.325810,3852.542395
2025-01-03T14:18:00Z,39915.325810,39942.143247,39881.902773,39922.136443,2775.530854
2025-01-03T14:19:00Z,39922.136443,39929.499637,39869.332983,39889.385965,1823.696421
2025-01-03T14:20:00Z,39889.385965,39896.392337,39839.837497,39846.516694,2625.422692
2025-01-03T14:21:00Z,39846.516694,39854.447798,39819.344994,39824.453477,1790.414837
2025-01-03T14:22:00Z,39824.453477,39839.585715,39790.694328,39808.585184,2045.054956
2025-01-03T14:23:00Z,39808.585184,39838.109684,39804.004399,39833.228623,2817.188297
2025-01-03T14:24:00Z,39833.228623,39841.757847,39806.977432,39824.525436,3382.586532
2025-01-03T14:25:00Z,39824.525436,39860.400075,39810.050452,39850.322565,3905.193426
2025-01-03T14:26:00Z,39850.322565,39856.094746,39821.355427,39827.946505,2157.473368
2025-01-03T14:27:00Z,39827.946505,39835.863518,39817.526778,39822.817564,1436.711890
2025-01-03T14:28:00Z,39822.817564,39848.144071,39790.164918,39803.284751,4017.481530
2025-01-03T14:29:00Z,39803.284751,39809.286831,39776.034821,39783.780689,7623.018705
2025-01-03T14:30:00Z,39783.780689,39787.307565,39756.755023,39759.145364,2784.268500
2025-01-03T14:31:00Z,39759.145364,39778.623291,39745.104390,39768.023807,1528.160820
2025-01-03T14:32:00Z,39768.023807,39802.600372,39764.113315,39799.011860,2812.027285
2025-01-03T14:33:00Z,39799.011860,39835.150599,39794.638776,39828.754820,7241.448911
2025-01-03T14:34:00Z,39828.754820,39850.102643,39804.933362,39822.285154,3010.058949
2025-01-03T14:35:00Z,39822.285154,39849.038847,39811.779564,39838.951816,3324.784880
2025-01-03T14:36:00Z,39838.951816,39859.491769,39768.174543,39798.437767,1247.100330
2025-01-03T14:37:00Z,39798.437767,39805.873401,39766.930822,39782.046315,2935.110233
2025-01-03T14:38:00Z,39782.046315,39806.481764,39721.436538,39754.244056,3136.090757
2025-01-03T14:39:00Z,39754.244056,39764.117851,39716.038389,39723.757309,3479.846806
2025-01-03T14:40:00Z,39723.757309,39754.419033,39714.712224,39747.574263,3479.893834
2025-01-03T14:41:00Z,39747.574263,39764.231366,39656.167819,39687.145990,1936.847627
2025-01-03T14:42:00Z,39687.145990,39711.403977,39640.645413,39662.434165,5004.376948
2025-01-03T14:43:00Z,39662.434165,39707.470951,39643.959931,39691.319516,4270.091175
2025-01-03T14:44:00Z,39691.319516,39725.137531,39654.269124,39667.802943,2795.653086
2025-01-03T14:45:00Z,39667.802943,39681.222069,39635.414125,39655.942400,1740.561717
2025-01-03T14:46:00Z,39655.942400,39683.934433,39642.414471,39668.170448,4145.668123
2025-01-03T14:47:00Z,39668.170448,39699.592122,39618.831456,39652.210870,6107.289829
2025-01-03T14:48:00Z,39652.210870,39678.021714,39597.869801,39622.411330,2344.288841
2025-01-03T14:49:00Z,39622.411330,39660.142810,39601.321007,39644.072974,2306.847142
2025-01-03T14:50:00Z,39644.072974,39701.809831,39632.371374,39693.246645,2324.087661
2025-01-03T14:51:00Z,39693.246645,39717.570050,39621.210656,39654.190643,3697.763488
2025-01-03T14:52:00Z,39654.190643,39705.355352,39629.563913,39688.751021,1467.605862
2025-01-03T14:53:00Z,39688.751021,39694.414463,39640.476723,39644.783093,1403.240968
2025-01-03T14:54:00Z,39644.783093,39661.839612,39609.133769,39625.604231,5029.649502
2025-01-03T14:55:00Z,39625.604231,39660.306715,39603.094828,39647.179059,1425.886544
2025-01-03T14:56:00Z,39647.179059,39688.051110,39642.102892,39675.076041,2018.282709
2025-01-03T14:57:00Z,39675.076041,39683.130965,39658.334590,39669.245827,1580.564307
2025-01-03T14:58:00Z,39669.245827,39682.480184,39661.069901,39679.407423,2489.747199
2025-01-03T14:59:00Z,39679.407423,39694.790737,39630.469070,39641.167569,3069.402324
2025-01-03T15:00:00Z,39641.167569,39675.355051,39606.688655,39647.658179,2800.141910
2025-01-03T15:01:00Z,39647.658179,39707.403080,39625.607939,39672.091167,1829.664234
2025-01-03T15:02:00Z,39672.091167,39681.897535,39636.270902,39646.660867,2436.756400
2025-01-03T15:03:00Z,39646.660867,39655.955890,39596.048254,39629.096374,2534.512139
2025-01-03T15:04:00Z,39629.096374,39658.432692,39596.006488,39616.434299,4875.619378
2025-01-03T15:05:00Z,39616.434299,39629.056657,39592.143756,39618.065882,1380.050659
2025-01-03T15:06:00Z,39618.065882,39675.775194,39611.540290,39672.105765,3271.636256
2025-01-03T15:07:00Z,39672.105765,39778.485749,39644.817701,39754.236319,3211.157364
2025-01-03T15:08:00Z,39754.236319,39759.134220,39726.343630,39740.423219,5470.343690
2025-01-03T15:09:00Z,39740.423219,39777.198284,39717.500477,39753.614912,3106.371991
2025-01-03T15:10:00Z,39753.614912,39790.260120,39747.669637,39787.353139,1696.814531
2025-01-03T15:11:00Z,39787.353139,39790.420092,39768.537713,39774.715896,5876.267688
2025-01-03T15:12:00Z,39774.715896,39787.300797,39746.255163,39759.338631,1410.634709
2025-01-03T15:13:00Z,39759.338631,39793.777379,39736.403327,39773.421542,2716.669888
2025-01-03T15:14:00Z,39773.421542,39783.765170,39745.295233,39756.720784,2622.018128
2025-01-03T15:15:00Z,39756.720784,39802.434566,39691.566178,39732.034055,1991.921572
2025-01-03T15:16:00Z,39732.034055,39756.827243,39690.859581,39707.873860,3578.327718
2025-01-03T15:17:00Z,39707.873860,39722.489430,39651.610863,39674.473209,1443.585533
2025-01-03T15:18:00Z,39674.473209,39700.162577,39657.168096,39689.526889,4367.980393
2025-01-03T15:19:00Z,39689.526889,39691.359188,39651.921221,39655.805297,4549.509167
2025-01-03T15:20:00Z,39655.805297,39683.317723,39640.705083,39661.920372,5005.365005
2025-01-03T15:21:00Z,39661.920372,39665.491616,39598.745947,39618.184341,4279.562924
2025-01-03T15:22:00Z,39618.184341,39626.111517,39606.811648,39611.493987,5036.671614
2025-01-03T15:23:00Z,39611.493987,39613.081273,39600.246313,39606.490298,1909.657660
2025-01-03T15:24:00Z,39606.490298,39617.229695,39516.203054,39535.716666,3868.474889
2025-01-03T15:25:00Z,39535.716666,39578.157927,39513.922046,39569.523974,1190.396099
2025-01-03T15:26:00Z,39569.523974,39603.283475,39560.200443,39582.520073,2897.491007
2025-01-03T15:27:00Z,39582.520073,39596.762368,39576.892608,39591.157715,2959.504239
2025-01-03T15:28:00Z,39591.157715,39636.749464,39584.481834,39630.398621,2398.411963
2025-01-03T15:29:00Z,39630.398621,39649.877085,39573.517467,39597.970686,3497.225178
2025-01-03T15:30:00Z,39597.970686,39645.997947,39580.948119,39640.002110,2293.400716
2025-01-03T15:31:00Z,39640.002110,39680.536547,39609.665506,39641.628781,6339.111725
2025-01-03T15:32:00Z,39641.628781,39652.958244,39631.836971,39645.787069,2876.466155
2025-01-03T15:33:00Z,39645.787069,39655.261643,39632.800056,39643.288996,5491.164892
2025-01-03T15:34:00Z,39643.288996,39693.701874,39615.053837,39663.590865,2826.252155
2025-01-03T15:35:00Z,39663.590865,39669.671464,39598.070441,39603.821497,2385.623665
2025-01-03T15:36:00Z,39603.821497,39653.041540,39559.204668,39614.341465,2806.619716
2025-01-03T15:37:00Z,39614.341465,39707.819757,39582.678996,39675.587082,2768.072665
2025-01-03T15:38:00Z,39675.587082,39692.605528,39673.454581,39689.967397,1398.775080
2025-01-03T15:39:00Z,39689.967397,39694.326126,39652.449725,39657.153920,2941.483736
2025-01-03T15:40:00Z,39657.153920,39673.313198,39597.117215,39613.719899,3869.398174
2025-01-03T15:41:00Z,39613.719899,39634.274978,39569.514118,39575.390568,4578.431721
2025-01-03T15:42:00Z,39575.390568,39583.563296,39542.574589,39572.668914,1634.994373
2025-01-03T15:43:00Z,39572.668914,39640.569367,39559.115667,39599.542787,6555.385308
2025-01-03T15:44:00Z,39599.542787,39622.440573,39596.334914,39617.527245,3544.117340
2025-01-03T15:45:00Z,39617.527245,39631.087359,39606.541597,39620.348116,5737.859411
2025-01-03T15:46:00Z,39620.348116,39631.365022,39584.323257,39587.774403,1873.203832
2025-01-03T15:47:00Z,39587.774403,39600.127793,39582.458648,39594.808009,2523.862887
2025-01-03T15:48:00Z,39594.808009,39623.374781,39581.037629,39614.707029,2199.133047
2025-01-03T15:49:00Z,39614.707029,39639.956438,39596.336577,39632.973966,1279.576417
2025-01-03T15:50:00Z,39632.973966,39642.131161,39603.596819,39628.870427,2599.776774
2025-01-03T15:51:00Z,39628.870427,39652.156875,39584.675529,39601.471566,2598.100213
2025-01-03T15:52:00Z,39601.471566,39632.062226,39587.383352,39605.105494,825.948812
2025-01-03T15:53:00Z,39605.105494,39628.400069,39597.655482,39617.607827,3508.629048
2025-01-03T15:54:00Z,39617.607827,39648.614666,39602.829047,39618.424654,4197.521103
2025-01-03T15:55:00Z,39618.424654,39626.852794,39599.051422,39612.195813,3309.371752
2025-01-03T15:56:00Z,39612.195813,39624.009880,39575.129076,39594.336434,4112.435429
2025-01-03T15:57:00Z,39594.336434,39630.992625,39561.754792,39620.369008,4300.251435
2025-01-03T15:58:00Z,39620.369008,39657.126073,39609.383396,39632.473134,3287.976570
2025-01-03T15:59:00Z,39632.473134,39672.188288,39628.981033,39665.397329,2232.345204
2025-01-03T16:00:00Z,39665.397329,39716.142064,39661.913735,39713.264674,2556.116930
2025-01-03T16:01:00Z,39713.264674,39741.390627,39700.613222,39734.626667,3096.009856
2025-01-03T16:02:00Z,39734.626667,39765.863883,39728.697933,39749.165011,2915.831782
2025-01-03T16:03:00Z,39749.165011,39764.017070,39742.941741,39756.765356,2645.415565
2025-01-03T16:04:00Z,39756.765356,39760.630259,39728.232383,39734.142121,2667.813983
2025-01-03T16:05:00Z,39734.142121,39736.528498,39709.940834,39720.799879,1928.299387
2025-01-03T16:06:00Z,39720.799879,39750.619297,39668.008286,39699.372139,7554.236202
2025-01-03T16:07:00Z,39699.372139,39732.418560,39687.787290,39722.392436,2976.030643
2025-01-03T16:08:00Z,39722.392436,39732.381336,39719.053651,39726.528733,3005.601421
2025-01-03T16:09:00Z,39726.528733,39808.394659,39695.766571,39793.017428,2660.210366
2025-01-03T16:10:00Z,39793.017428,39825.099156,39791.046523,39817.340356,2527.523157
2025-01-03T16:11:00Z,39817.340356,39841.261834,39804.414152,39812.975747,3872.552973
2025-01-03T16:12:00Z,39812.975747,39836.596127,39797.370004,39812.600202,1042.776713
2025-01-03T16:13:00Z,39812.600202,39853.721024,39795.443291,39845.735116,1449.788528
2025-01-03T16:14:00Z,39845.735116,39873.775327,39837.786952,39858.840872,3928.480356
2025-01-03T16:15:00Z,39858.840872,39903.079230,39851.892577,39898.537614,2354.011597
2025-01-03T16:16:00Z,39898.537614,39918.105150,39853.934887,39905.131075,2703.562651
2025-01-03T16:17:00Z,39905.131075,39934.388542,39899.584200,39927.089279,2047.653982
2025-01-03T16:18:00Z,39927.089279,39977.129670,39921.215604,39967.924299,4285.682503
2025-01-03T16:19:00Z,39967.924299,40012.639107,39947.981145,39988.213579,2718.184718
2025-01-03T16:20:00Z,39988.213579,40016.432193,39972.358922,39997.419214,2061.917659
2025-01-03T16:21:00Z,39997.419214,40039.465099,39940.741523,39971.882992,3173.735495
2025-01-03T16:22:00Z,39971.882992,40049.091303,39943.893633,40004.806605,4270.020763
2025-01-03T16:23:00Z,40004.806605,40013.152822,40001.709519,40008.547374,4880.835112
2025-01-03T16:24:00Z,40008.547374,40020.659800,39959.272889,39968.371976,1065.251583
2025-01-03T16:25:00Z,39968.371976,39973.911674,39958.262869,39960.380843,6915.050409
2025-01-03T16:26:00Z,39960.380843,39996.021145,39894.945981,39925.404980,4529.988138
2025-01-03T16:27:00Z,39925.404980,39977.480085,39916.928119,39953.425271,2678.635929
2025-01-03T16:28:00Z,39953.425271,39979.713927,39944.702797,39970.617039,4350.755888
2025-01-03T16:29:00Z,39970.617039,39972.549585,39966.454723,39968.745345,8720.223121
2025-01-03T16:30:00Z,39968.745345,40014.166723,39956.054527,40008.788879,2698.471505
2025-01-03T16:31:00Z,40008.788879,40037.972652,40001.871425,40028.536792,3011.373970
2025-01-03T16:32:00Z,40028.536792,40058.293424,40027.624115,40053.298760,2708.972550
2025-01-03T16:33:00Z,40053.298760,40068.416044,40048.837434,40067.062292,4042.300254
2025-01-03T16:34:00Z,40067.062292,40093.152345,40053.984582,40075.191149,4331.707159
2025-01-03T16:35:00Z,40075.191149,40102.955146,40053.055779,40085.490769,3067.097547
2025-01-03T16:36:00Z,40085.490769,40117.958536,40083.636294,40109.661771,2977.840350
2025-01-03T16:37:00Z,40109.661771,40194.635385,40094.827546,40177.557628,2333.186878
2025-01-03T16:38:00Z,40177.557628,40217.741181,40156.918445,40192.903595,2386.580249
2025-01-03T16:39:00Z,40192.903595,40222.534149,40136.162895,40166.217305,2268.500896
2025-01-03T16:40:00Z,40166.217305,40188.230296,40138.648205,40150.449148,2206.585779
2025-01-03T16:41:00Z,40150.449148,40277.558947,40121.916075,40236.851533,2761.781820
2025-01-03T16:42:00Z,40236.851533,40240.082177,40205.420433,40219.873002,3113.521445
2025-01-03T16:43:00Z,40219.873002,40282.300295,40209.684446,40262.235968,988.302601
2025-01-03T16:44:00Z,40262.235968,40320.075766,40252.546824,40280.524644,3421.432881
2025-01-03T16:45:00Z,40280.524644,40356.419987,40268.747442,40342.976584,5058.018206
2025-01-03T16:46:00Z,40342.976584,40364.299042,40307.627114,40333.475857,3846.803753
2025-01-03T16:47:00Z,40333.475857,40338.483578,40298.146327,40309.559348,9190.384123
2025-01-03T16:48:00Z,40309.559348,40354.470931,40299.877190,40347.532874,3078.803610
2025-01-03T16:49:00Z,40347.532874,40413.793677,40330.270800,40382.855307,3210.617240
2025-01-03T16:50:00Z,40382.855307,40405.213419,40334.003926,40346.325707,2109.016635
2025-01-03T16:51:00Z,40346.325707,40373.965366,40337.992553,40364.182607,3139.199665
2025-01-03T16:52:00Z,40364.182607,40396.936288,40347.472811,40390.044290,1548.740401
2025-01-03T16:53:00Z,40390.044290,40456.575689,40368.066326,40438.474760,2180.030882
2025-01-03T16:54:00Z,40438.474760,40476.042950,40411.810426,40463.611932,2833.094848
2025-01-03T16:55:00Z,40463.611932,40470.742822,40453.758953,40458.324023,2978.399014
2025-01-03T16:56:00Z,40458.324023,40486.121866,40444.379351,40475.418755,7973.312396
2025-01-03T16:57:00Z,40475.418755,40512.984167,40455.459685,40504.212393,2706.405942
2025-01-03T16:58:00Z,40504.212393,40555.875342,40480.016887,40518.844075,3530.254473
2025-01-03T16:59:00Z,40518.844075,40551.946244,40481.372280,40505.461429,4885.888544
2025-01-03T17:00:00Z,40505.461429,40535.647025,40491.029880,40532.013973,908.895968
2025-01-03T17:01:00Z,40532.013973,40554.563895,40530.070345,40551.099553,2594.186249
2025-01-03T17:02:00Z,40551.099553,40591.210123,40547.353748,40589.807074,3504.500825
2025-01-03T17:03:00Z,40589.807074,40594.551081,40555.824389,40560.682609,2779.960003
2025-01-03T17:04:00Z,40560.682609,40617.046703,40550.884043,40608.904602,9438.566388
2025-01-03T17:05:00Z,40608.904602,40616.280701,40584.111585,40588.119402,3585.696987
2025-01-03T17:06:00Z,40588.119402,40602.109408,40542.398928,40563.547430,2729.938850
2025-01-03T17:07:00Z,40563.547430,40619.987575,40528.628341,40579.228855,6740.318249
2025-01-03T17:08:00Z,40579.228855,40599.191409,40550.516710,40565.433659,5820.796469
2025-01-03T17:09:00Z,40565.433659,40635.145353,40545.370344,40592.913886,4365.666985
2025-01-03T17:10:00Z,40592.913886,40616.389411,40587.372401,40602.112742,2723.190977
2025-01-03T17:11:00Z,40602.112742,40613.006455,40529.229603,40554.298215,2991.814811
2025-01-03T17:12:00Z,40554.298215,40563.871626,40533.715378,40541.565849,3020.358260
2025-01-03T17:13:00Z,40541.565849,40553.214547,40504.100051,40513.875694,3058.346174
2025-01-03T17:14:00Z,40513.875694,40543.241149,40501.524468,40519.282131,2359.583567
2025-01-03T17:15:00Z,40519.282131,40594.815123,40498.728803,40563.199559,2851.873815
2025-01-03T17:16:00Z,40563.199559,40569.777999,40532.486839,40538.643295,5224.861738
2025-01-03T17:17:00Z,40538.643295,40641.739643,40506.563872,40624.547363,2654.190800
2025-01-03T17:18:00Z,40624.547363,40667.276318,40595.400598,40650.657648,2020.145784
2025-01-03T17:19:00Z,40650.657648,40672.649430,40571.559361,40595.273079,3433.701924
2025-01-03T17:20:00Z,40595.273079,40607.528320,40566.225762,40594.408758,3273.971458
2025-01-03T17:21:00Z,40594.408758,40599.611965,40555.271251,40561.825330,2975.165669
2025-01-03T17:22:00Z,40561.825330,40613.173632,40552.349336,40605.412007,1603.713928
2025-01-03T17:23:00Z,40605.412007,40610.717111,40602.649610,40607.727640,1924.156019
2025-01-03T17:24:00Z,40607.727640,40633.352208,40600.327255,40620.870289,1874.867219
2025-01-03T17:25:00Z,40620.870289,40632.975231,40589.813663,40598.711321,4725.187465
2025-01-03T17:26:00Z,40598.711321,40631.532357,40588.284803,40598.509815,4281.512494
2025-01-03T17:27:00Z,40598.509815,40606.917695,40585.020500,40593.212872,1793.153561
2025-01-03T17:28:00Z,40593.212872,40607.256491,40581.094573,40594.905871,3002.647747
2025-01-03T17:29:00Z,40594.905871,40618.666641,40550.946742,40573.418792,1462.514953
2025-01-03T17:30:00Z,40573.418792,40587.617862,40560.203548,40570.651674,1729.749684
2025-01-03T17:31:00Z,40570.651674,40615.077282,40533.265909,40607.280893,2922.052997
2025-01-03T17:32:00Z,40607.280893,40656.147616,40595.728665,40652.279620,816.693091
2025-01-03T17:33:00Z,40652.279620,40666.576952,40632.326369,40637.840279,5486.954276
2025-01-03T17:34:00Z,40637.840279,40661.294288,40620.138133,40651.712451,2511.919677
2025-01-03T17:35:00Z,40651.712451,40678.813125,40640.091377,40651.869350,2959.598273
2025-01-03T17:36:00Z,40651.869350,40673.422284,40639.250088,40646.558143,1205.016820
2025-01-03T17:37:00Z,40646.558143,40701.064268,40638.419281,40695.944412,3892.210638
2025-01-03T17:38:00Z,40695.944412,40697.645167,40644.390905,40647.187775,1490.858505
2025-01-03T17:39:00Z,40647.187775,40695.882103,40635.243732,40670.437140,2652.732212
2025-01-03T17:40:00Z,40670.437140,40736.703136,40649.463810,40711.858178,4576.225282
2025-01-03T17:41:00Z,40711.858178,40721.818821,40667.629505,40694.750006,2037.026280
2025-01-03T17:42:00Z,40694.750006,40731.092885,40611.948941,40640.124721,5807.822539
2025-01-03T17:43:00Z,40640.124721,40644.312951,40600.156633,40601.924245,1802.819923
2025-01-03T17:44:00Z,40601.924245,40629.791776,40551.909979,40566.332603,1484.684748
2025-01-03T17:45:00Z,40566.332603,40569.765650,40559.793435,40565.183976,3122.980105
2025-01-03T17:46:00Z,40565.183976,40580.114888,40531.680505,40573.470628,5142.985007
2025-01-03T17:47:00Z,40573.470628,40598.463602,40522.447680,40529.485108,2342.011353
2025-01-03T17:48:00Z,40529.485108,40583.632591,40508.236823,40554.523403,4379.271010
2025-01-03T17:49:00Z,40554.523403,40574.746194,40552.949154,40570.240781,2775.369184
2025-01-03T17:50:00Z,40570.240781,40580.836488,40496.616088,40505.110482,1318.391343
2025-01-03T17:51:00Z,40505.110482,40555.498786,40477.429243,40537.403833,1972.986926
2025-01-03T17:52:00Z,40537.403833,40560.920995,40526.771542,40553.913614,3660.864419
2025-01-03T17:53:00Z,40553.913614,40561.538795,40461.301949,40498.079408,4611.490133
2025-01-03T17:54:00Z,40498.079408,40515.139873,40435.659293,40452.284812,2450.046542
2025-01-03T17:55:00Z,40452.284812,40482.243927,40448.300310,40478.341019,2012.251421
2025-01-03T17:56:00Z,40478.341019,40487.985975,40452.710666,40463.141220,6476.432568
2025-01-03T17:57:00Z,40463.141220,40499.298676,40441.316883,40494.944991,6092.686460
2025-01-03T17:58:00Z,40494.944991,40520.199166,40439.919179,40451.005412,1884.421691
2025-01-03T17:59:00Z,40451.005412,40480.293956,40429.194359,40447.669246,2756.995878
2025-01-03T18:00:00Z,40447.669246,40461.296273,40387.296194,40401.762963,3888.850002
2025-01-03T18:01:00Z,40401.762963,40414.047108,40347.235924,40365.978108,5228.608250
2025-01-03T18:02:00Z,40365.978108,40403.368098,40338.502152,40359.998131,1266.196362
2025-01-03T18:03:00Z,40359.998131,40440.115074,40345.893084,40433.369164,3067.419559
2025-01-03T18:04:00Z,40433.369164,40512.502089,40421.965666,40477.550666,2485.799409
2025-01-03T18:05:00Z,40477.550666,40530.029575,40446.239093,40505.936944,1684.279638
2025-01-03T18:06:00Z,40505.936944,40530.702353,40466.511851,40481.313253,2503.499490
2025-01-03T18:07:00Z,40481.313253,40576.387267,40450.007931,40551.557130,3177.305448
2025-01-03T18:08:00Z,40551.557130,40565.655876,40544.508813,40561.347764,2077.377218
2025-01-03T18:09:00Z,40561.347764,40610.705523,40548.308709,40593.190138,3720.450846
2025-01-03T18:10:00Z,40593.190138,40606.581558,40544.981264,40571.090440,3793.874815
2025-01-03T18:11:00Z,40571.090440,40638.280835,40567.401262,40628.853369,2095.824511
2025-01-03T18:12:00Z,40628.853369,40646.104604,40574.092282,40599.406204,6252.389148
2025-01-03T18:13:00Z,40599.406204,40621.832801,40573.980275,40591.240080,12435.310017
2025-01-03T18:14:00Z,40591.240080,40598.264536,40507.658267,40516.100533,5013.756296
2025-01-03T18:15:00Z,40516.100533,40522.146425,40509.147232,40511.386942,1099.775955
2025-01-03T18:16:00Z,40511.386942,40522.558643,40446.706179,40473.207446,3515.743211
2025-01-03T18:17:00Z,40473.207446,40478.625795,40470.499134,40474.333282,1762.082707
2025-01-03T18:18:00Z,40474.333282,40532.099431,40453.259419,40499.873847,1789.731234
2025-01-03T18:19:00Z,40499.873847,40511.237888,40493.747503,40501.719735,4618.909251
2025-01-03T18:20:00Z,40501.719735,40521.757970,40470.169640,40491.485882,754.625477
2025-01-03T18:21:00Z,40491.485882,40512.331292,40483.354630,40507.751298,4141.292887
2025-01-03T18:22:00Z,40507.751298,40538.795856,40491.290945,40521.459462,1910.440510
2025-01-03T18:23:00Z,40521.459462,40542.858988,40384.673885,40413.660687,3558.304500
2025-01-03T18:24:00Z,40413.660687,40424.626836,40410.377115,40418.114746,4955.359457
2025-01-03T18:25:00Z,40418.114746,40463.685005,40394.254950,40428.382026,4661.859759
2025-01-03T18:26:00Z,40428.382026,40431.036489,40400.550562,40408.654116,4653.698635
2025-01-03T18:27:00Z,40408.654116,40422.029729,40355.813611,40377.514803,5832.100498
2025-01-03T18:28:00Z,40377.514803,40401.350230,40371.912223,40389.942786,2492.273466
2025-01-03T18:29:00Z,40389.942786,40393.703317,40362.199108,40364.744844,3536.957175
2025-01-03T18:30:00Z,40364.744844,40377.265978,40362.105214,40370.546673,4888.117374
2025-01-03T18:31:00Z,40370.546673,40394.063643,40314.814937,40338.984801,5520.024942
2025-01-03T18:32:00Z,40338.984801,40371.748567,40327.965124,40363.035782,4758.758358
2025-01-03T18:33:00Z,40363.035782,40397.723490,40358.705690,40381.325087,1758.336388
2025-01-03T18:34:00Z,40381.325087,40395.003235,40350.524413,40370.796072,8137.483677
2025-01-03T18:35:00Z,40370.796072,40420.019102,40355.902576,40388.352903,5539.445279
2025-01-03T18:36:00Z,40388.352903,40412.255219,40356.962681,40379.426551,3241.371411
2025-01-03T18:37:00Z,40379.426551,40415.264246,40316.384343,40332.719612,3278.451187
2025-01-03T18:38:00Z,40332.719612,40351.295182,40327.476247,40348.500771,2041.144059
2025-01-03T18:39:00Z,40348.500771,40367.585906,40313.380895,40327.646512,2143.862199
2025-01-03T18:40:00Z,40327.646512,40357.905779,40317.244987,40350.473394,2083.657519
2025-01-03T18:41:00Z,40350.473394,40395.035290,40346.807262,40389.835041,4132.865822
2025-01-03T18:42:00Z,40389.835041,40403.795291,40377.722806,40396.760724,3740.574065
2025-01-03T18:43:00Z,40396.760724,40399.093746,40363.088500,40370.183736,3243.845069
2025-01-03T18:44:00Z,40370.183736,40406.546732,40337.517961,40373.697535,3525.637586
2025-01-03T18:45:00Z,40373.697535,40404.161884,40338.250560,40346.242787,1948.991918
2025-01-03T18:46:00Z,40346.242787,40379.821910,40340.658604,40369.247716,5836.655480
2025-01-03T18:47:00Z,40369.247716,40383.345646,40344.144119,40348.492205,6848.606404
2025-01-03T18:48:00Z,40348.492205,40364.500737,40340.564566,40349.347583,3597.235763
2025-01-03T18:49:00Z,40349.347583,40357.844595,40346.213943,40355.901771,2387.925864
2025-01-03T18:50:00Z,40355.901771,40397.507018,40327.577976,40390.406116,2588.206060
2025-01-03T18:51:00Z,40390.406116,40404.604500,40375.672966,40379.268707,5851.993770
2025-01-03T18:52:00Z,40379.268707,40401.348849,40291.114625,40310.666596,2297.815633
2025-01-03T18:53:00Z,40310.666596,40363.594170,40306.175997,40355.777585,2027.207080
2025-01-03T18:54:00Z,40355.777585,40394.392001,40341.567979,40361.374628,1179.852871
2025-01-03T18:55:00Z,40361.374628,40374.612328,40322.986715,40361.429103,3914.994003
2025-01-03T18:56:00Z,40361.429103,40369.638060,40335.455187,40338.385234,3729.618624
2025-01-03T18:57:00Z,40338.385234,40382.528577,40317.324236,40325.446908,4814.612553
2025-01-03T18:58:00Z,40325.446908,40355.465780,40309.199570,40325.878402,5271.816733
2025-01-03T18:59:00Z,40325.878402,40402.272174,40294.530580,40380.801576,4215.292411
2025-01-03T19:00:00Z,40380.801576,40390.448247,40347.232790,40351.155425,5547.588707
2025-01-03T19:01:00Z,40351.155425,40367.402244,40307.583344,40313.876812,796.041612
2025-01-03T19:02:00Z,40313.876812,40329.513338,40309.392974,40319.594708,2595.799361
2025-01-03T19:03:00Z,40319.594708,40359.884945,40307.222513,40353.498382,2722.155546
2025-01-03T19:04:00Z,40353.498382,40359.462236,40300.926599,40317.984932,3706.809775
2025-01-03T19:05:00Z,40317.984932,40349.083272,40266.483914,40284.823602,2630.461356
2025-01-03T19:06:00Z,40284.823602,40289.322904,40273.817027,40277.257697,1639.368492
2025-01-03T19:07:00Z,40277.257697,40281.169335,40238.852948,40243.777511,2673.322586
2025-01-03T19:08:00Z,40243.777511,40244.953924,40236.772806,40237.783934,1247.669253
2025-01-03T19:09:00Z,40237.783934,40278.279841,40196.237546,40227.062732,2428.373844
2025-01-03T19:10:00Z,40227.062732,40283.382546,40184.974591,40247.467608,5813.355645
2025-01-03T19:11:00Z,40247.467608,40259.854892,40243.446397,40257.465099,2382.740762
2025-01-03T19:12:00Z,40257.465099,40292.425765,40243.101190,40272.349381,3194.928490
2025-01-03T19:13:00Z,40272.349381,40277.983974,40263.292692,40265.725704,3132.842966
2025-01-03T19:14:00Z,40265.725704,40301.746414,40226.736343,40283.669204,1199.289357
2025-01-03T19:15:00Z,40283.669204,40333.201247,40277.197568,40326.618389,5497.583285
2025-01-03T19:16:00Z,40326.618389,40334.015265,40296.460901,40305.074325,1163.324310
2025-01-03T19:17:00Z,40305.074325,40316.997483,40246.844264,40258.343540,2457.024217
2025-01-03T19:18:00Z,40258.343540,40268.738369,40248.045112,40253.927855,2229.138310
2025-01-03T19:19:00Z,40253.927855,40266.867992,40251.582646,40263.705402,4473.246749
2025-01-03T19:20:00Z,40263.705402,40272.539688,40226.716183,40254.980884,1703.789729
2025-01-03T19:21:00Z,40254.980884,40267.914850,40253.099883,40260.028752,1436.405821
2025-01-03T19:22:00Z,40260.028752,40282.424101,40245.206182,40262.197427,1425.954572
2025-01-03T19:23:00Z,40262.197427,40265.865287,40188.994595,40194.764169,1435.528344
2025-01-03T19:24:00Z,40194.764169,40207.300277,40189.291818,40198.611233,4857.588517
2025-01-03T19:25:00Z,40198.611233,40244.254438,40177.110108,40216.973596,2331.590828
2025-01-03T19:26:00Z,40216.973596,40236.385411,40140.743921,40145.618038,2013.227675
2025-01-03T19:27:00Z,40145.618038,40162.223666,40141.008041,40159.321661,4162.390101
2025-01-03T19:28:00Z,40159.321661,40199.554790,40136.879820,40154.959275,4687.031312
2025-01-03T19:29:00Z,40154.959275,40179.980238,40116.930135,40127.044860,5470.479483
2025-01-03T19:30:00Z,40127.044860,40206.739124,40108.666339,40174.713578,5372.564926
2025-01-03T19:31:00Z,40174.713578,40178.543072,40112.924796,40114.704449,3803.652053
2025-01-03T19:32:00Z,40114.704449,40129.430895,40098.201203,40104.648986,1711.933370
2025-01-03T19:33:00Z,40104.648986,40120.373213,40097.993326,40114.778484,5742.231106
2025-01-03T19:34:00Z,40114.778484,40127.456406,40084.927321,40089.607811,4070.546166
2025-01-03T19:35:00Z,40089.607811,40102.708558,40059.414921,40068.440806,2685.593806
2025-01-03T19:36:00Z,40068.440806,40075.435223,39979.910143,39993.627622,4274.315828
2025-01-03T19:37:00Z,39993.627622,40048.756681,39982.781448,40016.218367,2775.666587
2025-01-03T19:38:00Z,40016.218367,40055.124339,39986.754708,40041.708628,4076.107300
2025-01-03T19:39:00Z,40041.708628,40067.394613,39971.172105,40001.576648,7629.440468
2025-01-03T19:40:00Z,40001.576648,40036.602667,39986.706484,40020.290847,2769.348620
2025-01-03T19:41:00Z,40020.290847,40024.842741,39967.432428,39972.268236,1585.136342
2025-01-03T19:42:00Z,39972.268236,39998.244187,39958.829152,39984.893698,5047.033414
2025-01-03T19:43:00Z,39984.893698,39999.774320,39954.844234,39968.898354,2686.736344
2025-01-03T19:44:00Z,39968.898354,40004.978583,39943.721307,39985.882793,2725.315187
2025-01-03T19:45:00Z,39985.882793,40013.005358,39968.763102,39989.234917,1455.965164
2025-01-03T19:46:00Z,39989.234917,40028.772327,39982.620732,40009.150769,2785.999033
2025-01-03T19:47:00Z,40009.150769,40022.475857,39995.588402,40002.838865,2742.861581
2025-01-03T19:48:00Z,40002.838865,40009.079901,39963.666097,39978.345701,2595.875635
2025-01-03T19:49:00Z,39978.345701,40012.998811,39975.806028,40007.588512,1771.387943
2025-01-03T19:50:00Z,40007.588512,40026.816263,39995.403085,40010.946738,3793.468494
2025-01-03T19:51:00Z,40010.946738,40033.715468,39933.039442,39969.009211,5658.707196
2025-01-03T19:52:00Z,39969.009211,40005.443103,39946.066585,39996.158293,2880.510388
2025-01-03T19:53:00Z,39996.158293,40030.721492,39988.942657,40022.395117,1916.785246
2025-01-03T19:54:00Z,40022.395117,40033.496960,40004.188029,40015.585922,4271.057405
2025-01-03T19:55:00Z,40015.585922,40034.877896,39987.120079,40018.473588,1642.075962
2025-01-03T19:56:00Z,40018.473588,40026.953468,39976.032421,39994.945638,3242.812611
2025-01-03T19:57:00Z,39994.945638,40016.622690,39938.729599,39953.953383,6114.614740
2025-01-03T19:58:00Z,39953.953383,40008.142151,39942.173287,40002.171221,4223.571624
2025-01-03T19:59:00Z,40002.171221,40044.529235,39998.149936,40041.572777,4161.039987
2025-01-03T20:00:00Z,40041.572777,40052.333025,40035.698231,40047.926068,5408.107569
2025-01-03T20:01:00Z,40047.926068,40081.121128,40043.533939,40077.458501,4075.162125
2025-01-03T20:02:00Z,40077.458501,40149.208393,40075.275330,40142.897762,2375.846238
2025-01-03T20:03:00Z,40142.897762,40178.316189,40071.103658,40109.606611,3895.248430
2025-01-03T20:04:00Z,40109.606611,40205.930187,40094.756128,40184.955713,4512.734842
2025-01-03T20:05:00Z,40184.955713,40188.341245,40101.052064,40102.929121,2511.271989
2025-01-03T20:06:00Z,40102.929121,40115.378901,40096.688844,40107.924561,4094.785020
2025-01-03T20:07:00Z,40107.924561,40143.372836,40103.369445,40131.164010,1762.333985
2025-01-03T20:08:00Z,40131.164010,40162.087712,40101.915732,40120.196875,3096.412643
2025-01-03T20:09:00Z,40120.196875,40145.790055,40117.513098,40142.200974,3888.440717
2025-01-03T20:10:00Z,40142.200974,40158.253365,40089.832061,40095.540198,6534.192031
2025-01-03T20:11:00Z,40095.540198,40131.024126,40070.975113,40104.761722,4707.517446
2025-01-03T20:12:00Z,40104.761722,40110.207227,40033.284243,40035.385118,4838.264881
2025-01-03T20:13:00Z,40035.385118,40041.870706,40016.313788,40028.952412,4333.808130
2025-01-03T20:14:00Z,40028.952412,40037.490104,40000.578643,40011.825611,3210.209392
2025-01-03T20:15:00Z,40011.825611,40035.440765,39872.697827,39900.430637,5278.154014
2025-01-03T20:16:00Z,39900.430637,39915.976470,39895.290592,39904.555061,4239.273084
2025-01-03T20:17:00Z,39904.555061,39913.359663,39881.854288,39903.922429,4353.240108
2025-01-03T20:18:00Z,39903.922429,39935.833810,39881.341229,39903.797463,4475.628674
2025-01-03T20:19:00Z,39903.797463,39933.081654,39870.372915,39879.311702,3723.762355
2025-01-03T20:20:00Z,39879.311702,39919.663731,39861.313035,39912.316281,1718.725839
2025-01-03T20:21:00Z,39912.316281,39938.342185,39910.271168,39933.471650,4612.380326
2025-01-03T20:22:00Z,39933.471650,39945.020707,39860.334306,39876.303663,2773.317068
2025-01-03T20:23:00Z,39876.303663,39911.798089,39852.445857,39899.992296,3005.695246
2025-01-03T20:24:00Z,39899.992296,39906.037005,39813.822530,39818.718408,3373.645649
2025-01-03T20:25:00Z,39818.718408,39823.262372,39791.618175,39795.176336,5123.592668
2025-01-03T20:26:00Z,39795.176336,39805.818889,39788.433913,39797.438481,5147.202299
2025-01-03T20:27:00Z,39797.438481,39833.275061,39777.511396,39818.272241,1762.992667
2025-01-03T20:28:00Z,39818.272241,39859.856648,39809.999008,39850.738896,2568.959026
2025-01-03T20:29:00Z,39850.738896,39867.909286,39796.531027,39817.819808,4435.265179
2025-01-03T20:30:00Z,39817.819808,39843.501640,39801.262247,39830.937059,2345.992312
2025-01-03T20:31:00Z,39830.937059,39854.964474,39781.014827,39808.745646,3688.577765
2025-01-03T20:32:00Z,39808.745646,39857.226918,39788.340902,39846.998026,3906.262370
2025-01-03T20:33:00Z,39846.998026,39848.344353,39795.930681,39799.313524,2785.607858
2025-01-03T20:34:00Z,39799.313524,39819.500369,39774.797623,39812.282841,2632.708407
2025-01-03T20:35:00Z,39812.282841,39840.552841,39767.361866,39783.301694,5431.868160
2025-01-03T20:36:00Z,39783.301694,39803.564261,39769.197216,39773.564361,4104.860558
2025-01-03T20:37:00Z,39773.564361,39794.232467,39765.530115,39788.227296,2462.227589
2025-01-03T20:38:00Z,39788.227296,39803.565862,39746.922381,39762.647035,2928.061954
2025-01-03T20:39:00Z,39762.647035,39822.782762,39753.335100,39791.155956,3177.533526
2025-01-03T20:40:00Z,39791.155956,39812.620675,39779.996582,39806.181032,2652.070826
2025-01-03T20:41:00Z,39806.181032,39867.501168,39775.287346,39841.595437,2118.405189
2025-01-03T20:42:00Z,39841.595437,39849.710408,39775.814243,39794.448752,3613.510333
2025-01-03T20:43:00Z,39794.448752,39798.236734,39763.208024,39765.496678,1434.090402
2025-01-03T20:44:00Z,39765.496678,39795.129502,39709.674722,39739.215773,3625.993476
2025-01-03T20:45:00Z,39739.215773,39774.594333,39719.238471,39761.872602,2014.608812
2025-01-03T20:46:00Z,39761.872602,39765.313421,39705.125464,39718.626949,11237.392258
2025-01-03T20:47:00Z,39718.626949,39748.662169,39701.724653,39710.410911,3759.238296
2025-01-03T20:48:00Z,39710.410911,39740.601098,39660.244455,39683.557748,1876.803732
2025-01-03T20:49:00Z,39683.557748,39686.526264,39637.835229,39639.778979,4530.450498
2025-01-03T20:50:00Z,39639.778979,39673.015399,39603.529099,39648.751840,3178.527658
2025-01-03T20:51:00Z,39648.751840,39661.942903,39640.309625,39651.034754,2843.615015
2025-01-03T20:52:00Z,39651.034754,39675.698624,39631.148918,39653.056719,1748.050340
2025-01-03T20:53:00Z,39653.056719,39655.974280,39625.570735,39633.009986,2806.328522
2025-01-03T20:54:00Z,39633.009986,39698.062539,39623.842889,39684.383704,2528.806174
2025-01-03T20:55:00Z,39684.383704,39707.931466,39665.509622,39677.209377,1081.952866
2025-01-03T20:56:00Z,39677.209377,39680.522332,39660.043417,39673.254008,4709.458335
2025-01-03T20:57:00Z,39673.254008,39705.705561,39623.384482,39631.330723,2054.068506
2025-01-03T20:58:00Z,39631.330723,39658.242060,39619.503906,39640.689071,971.021011
2025-01-03T20:59:00Z,39640.689071,39690.928236,39621.120609,39665.287239,3115.935543
2025-01-03T21:00:00Z,39665.287239,39703.470833,39654.697476,39694.985422,3209.102191
2025-01-03T21:01:00Z,39694.985422,39705.643132,39687.560415,39692.345029,3012.709360
2025-01-03T21:02:00Z,39692.345029,39749.251140,39674.859308,39714.768960,2976.913957
2025-01-03T21:03:00Z,39714.768960,39755.808930,39688.933559,39727.398708,1338.077902
2025-01-03T21:04:00Z,39727.398708,39741.829408,39707.330140,39732.515166,2539.732721
2025-01-03T21:05:00Z,39732.515166,39765.153313,39719.962539,39734.407268,2873.610954
2025-01-03T21:06:00Z,39734.407268,39762.916314,39696.588844,39737.043717,3706.465539
2025-01-03T21:07:00Z,39737.043717,39747.448816,39733.578397,39740.937020,1082.715342
2025-01-03T21:08:00Z,39740.937020,39781.439212,39717.432050,39751.130754,1092.357816
2025-01-03T21:09:00Z,39751.130754,39789.484890,39739.311774,39752.847782,3021.464783
2025-01-03T21:10:00Z,39752.847782,39801.718415,39750.526966,39793.768269,3655.286094
2025-01-03T21:11:00Z,39793.768269,39826.493792,39777.717688,39809.954706,2420.961467
2025-01-03T21:12:00Z,39809.954706,39877.997398,39807.733778,39875.718690,1504.596334
2025-01-03T21:13:00Z,39875.718690,39935.719679,39852.662765,39915.493782,7612.477051
2025-01-03T21:14:00Z,39915.493782,39965.022007,39901.962985,39946.993913,1407.640505
2025-01-03T21:15:00Z,39946.993913,39983.326277,39935.000524,39965.978617,3073.699259
2025-01-03T21:16:00Z,39965.978617,39975.857238,39919.427727,39925.145033,2308.102820
2025-01-03T21:17:00Z,39925.145033,39933.033640,39873.829253,39894.030846,2652.103455
2025-01-03T21:18:00Z,39894.030846,39952.047028,39888.017172,39945.217175,1722.614540
2025-01-03T21:19:00Z,39945.217175,39956.974375,39937.962185,39955.068122,3015.113527
2025-01-03T21:20:00Z,39955.068122,39994.346443,39892.649105,39913.082423,3545.414895
2025-01-03T21:21:00Z,39913.082423,39918.964778,39869.931367,39884.035629,1309.191336
2025-01-03T21:22:00Z,39884.035629,39898.458639,39832.481840,39851.980183,4640.078994
2025-01-03T21:23:00Z,39851.980183,39871.585444,39848.052113,39869.996045,1868.848070
2025-01-03T21:24:00Z,39869.996045,39883.738692,39835.410917,39859.065594,5631.580067
2025-01-03T21:25:00Z,39859.065594,39860.414086,39833.271867,39838.507447,4137.725063
2025-01-03T21:26:00Z,39838.507447,39879.952352,39824.183360,39875.012201,2608.243873
2025-01-03T21:27:00Z,39875.012201,39905.088540,39833.241438,39848.207016,2452.976287
2025-01-03T21:28:00Z,39848.207016,39852.690020,39810.421553,39812.400473,5077.334437
2025-01-03T21:29:00Z,39812.400473,39840.319117,39795.609598,39803.204368,3531.607311
2025-01-03T21:30:00Z,39803.204368,39816.660211,39770.653392,39776.010138,5171.479296
2025-01-03T21:31:00Z,39776.010138,39795.543758,39730.546351,39745.597748,2699.792782
2025-01-03T21:32:00Z,39745.597748,39828.296972,39709.387111,39812.430932,2523.846637
2025-01-03T21:33:00Z,39812.430932,39827.648542,39787.051996,39797.869880,2933.762284
2025-01-03T21:34:00Z,39797.869880,39810.522868,39754.417010,39762.892747,2997.156779
2025-01-03T21:35:00Z,39762.892747,39850.346853,39755.495550,39847.422953,2960.924713
2025-01-03T21:36:00Z,39847.422953,39870.960320,39767.061260,39797.475054,3555.938283
2025-01-03T21:37:00Z,39797.475054,39846.833915,39770.461526,39830.193647,4588.431590
2025-01-03T21:38:00Z,39830.193647,39888.923752,39826.161702,39886.711631,1580.689620
2025-01-03T21:39:00Z,39886.711631,39892.779126,39857.670360,39865.815763,2269.981072
2025-01-03T21:40:00Z,39865.815763,39907.356674,39858.348263,39903.042133,3079.474249
2025-01-03T21:41:00Z,39903.042133,39923.831087,39847.382601,39890.090336,2590.179128
2025-01-03T21:42:00Z,39890.090336,39969.456345,39859.282408,39959.664693,1645.940803
2025-01-03T21:43:00Z,39959.664693,39969.497943,39879.010397,39901.537432,1528.028626
2025-01-03T21:44:00Z,39901.537432,39914.651614,39883.372847,39900.071165,1215.944368
2025-01-03T21:45:00Z,39900.071165,39923.448643,39866.733881,39885.216233,3254.933356
2025-01-03T21:46:00Z,39885.216233,39897.364107,39879.430197,39890.773765,5162.333072
2025-01-03T21:47:00Z,39890.773765,39944.921944,39885.363839,39941.947912,1800.342035
2025-01-03T21:48:00Z,39941.947912,39975.517394,39937.705952,39967.131064,6067.838139
2025-01-03T21:49:00Z,39967.131064,40042.885955,39950.108489,40039.280837,3553.717044
2025-01-03T21:50:00Z,40039.280837,40046.869772,40012.222638,40021.019698,1114.802414
2025-01-03T21:51:00Z,40021.019698,40104.634017,39988.650350,40078.154138,4136.618941
2025-01-03T21:52:00Z,40078.154138,40129.552576,40070.397049,40119.369491,1755.647078
2025-01-03T21:53:00Z,40119.369491,40149.336927,40101.051538,40141.613412,6556.384720
2025-01-03T21:54:00Z,40141.613412,40160.394201,40109.383256,40130.810121,2793.835263
2025-01-03T21:55:00Z,40130.810121,40161.934825,40119.652628,40152.283999,2030.079083
2025-01-03T21:56:00Z,40152.283999,40223.116803,40138.748687,40204.469164,6248.707091
2025-01-03T21:57:00Z,40204.469164,40236.631527,40191.977162,40229.623031,3287.375665
2025-01-03T21:58:00Z,40229.623031,40255.674941,40180.476752,40201.892900,3121.946153
2025-01-03T21:59:00Z,40201.892900,40223.848650,40187.663924,40203.194127,7908.298548
2025-01-03T22:00:00Z,40203.194127,40308.630329,40194.441960,40264.524548,2661.459221
2025-01-03T22:01:00Z,40264.524548,40326.968401,40257.852223,40301.714608,2883.333150
2025-01-03T22:02:00Z,40301.714608,40326.325590,40271.902946,40294.993079,2243.411505
2025-01-03T22:03:00Z,40294.993079,40362.488877,40286.243033,40333.279414,4124.492073
2025-01-03T22:04:00Z,40333.279414,40372.922759,40304.578661,40346.363953,1101.152886
2025-01-03T22:05:00Z,40346.363953,40403.723934,40334.128474,40377.354926,3024.055965
2025-01-03T22:06:00Z,40377.354926,40398.675222,40371.609531,40396.043343,3925.444266
2025-01-03T22:07:00Z,40396.043343,40399.177504,40386.501940,40389.634604,4535.903411
2025-01-03T22:08:00Z,40389.634604,40411.644460,40371.570810,40388.620702,2599.528618
2025-01-03T22:09:00Z,40388.620702,40464.675448,40378.853981,40431.820399,4038.387761
2025-01-03T22:10:00Z,40431.820399,40459.293979,40406.900504,40416.234349,5131.919700
2025-01-03T22:11:00Z,40416.234349,40438.007308,40410.412274,40435.199331,4869.560677
2025-01-03T22:12:00Z,40435.199331,40472.401711,40409.050431,40453.247807,4202.651504
2025-01-03T22:13:00Z,40453.247807,40468.843708,40444.289563,40460.061859,2975.549709
2025-01-03T22:14:00Z,40460.061859,40503.508108,40449.692323,40499.789300,2645.038249
2025-01-03T22:15:00Z,40499.789300,40586.421751,40484.505641,40566.767659,1929.100872
2025-01-03T22:16:00Z,40566.767659,40608.992713,40528.169024,40581.788289,1624.561617
2025-01-03T22:17:00Z,40581.788289,40593.280559,40529.628534,40565.120087,1318.449217
2025-01-03T22:18:00Z,40565.120087,40604.613380,40554.018833,40591.635081,2790.970918
2025-01-03T22:19:00Z,40591.635081,40597.115156,40530.631705,40534.730342,6651.049587
2025-01-03T22:20:00Z,40534.730342,40556.996584,40519.226451,40541.274588,3038.999427
2025-01-03T22:21:00Z,40541.274588,40574.969652,40509.554060,40559.060497,2058.746844
2025-01-03T22:22:00Z,40559.060497,40570.437891,40516.679582,40531.411081,1890.268758
2025-01-03T22:23:00Z,40531.411081,40580.598857,40526.905378,40575.255793,3470.518200
2025-01-03T22:24:00Z,40575.255793,40586.950764,40570.317758,40584.639504,6941.470569
2025-01-03T22:25:00Z,40584.639504,40616.354954,40580.833355,40611.806075,3801.308506
2025-01-03T22:26:00Z,40611.806075,40640.065986,40609.434854,40629.441293,1721.526934
2025-01-03T22:27:00Z,40629.441293,40676.610572,40599.230612,40645.473866,4570.462300
2025-01-03T22:28:00Z,40645.473866,40719.201741,40622.944216,40691.234665,3408.667119
2025-01-03T22:29:00Z,40691.234665,40749.153023,40672.213156,40742.632484,2437.572465
2025-01-03T22:30:00Z,40742.632484,40755.453816,40724.020007,40732.555278,2793.578868
2025-01-03T22:31:00Z,40732.555278,40798.825444,40720.570660,40772.026891,2750.414270
2025-01-03T22:32:00Z,40772.026891,40797.103613,40764.224309,40786.959975,4092.392649
2025-01-03T22:33:00Z,40786.959975,40845.913346,40776.338082,40830.051539,10063.154195
2025-01-03T22:34:00Z,40830.051539,40850.481305,40819.505818,40827.347050,2960.843821
2025-01-03T22:35:00Z,40827.347050,40852.861321,40809.692351,40827.080964,1631.966825
2025-01-03T22:36:00Z,40827.080964,40890.424283,40824.619409,40882.860273,3544.170544
2025-01-03T22:37:00Z,40882.860273,40955.451891,40853.803725,40923.302543,1467.288226
2025-01-03T22:38:00Z,40923.302543,40963.008201,40902.276645,40950.699928,3438.576121
2025-01-03T22:39:00Z,40950.699928,40990.492232,40947.175451,40982.809675,3787.974549
2025-01-03T22:40:00Z,40982.809675,41011.717825,40974.089202,41008.210909,4394.724803
2025-01-03T22:41:00Z,41008.210909,41026.663319,40969.080307,40993.881105,3695.831299
2025-01-03T22:42:00Z,40993.881105,41036.882140,40988.441863,41019.267667,4068.479286
2025-01-03T22:43:00Z,41019.267667,41034.325986,40973.437011,41001.547285,3136.301293
2025-01-03T22:44:00Z,41001.547285,41046.481874,40978.462080,41020.568817,2865.316085
2025-01-03T22:45:00Z,41020.568817,41096.267062,41017.112208,41089.550498,1866.171361
2025-01-03T22:46:00Z,41089.550498,41119.652457,41069.921039,41096.165360,1290.794384
2025-01-03T22:47:00Z,41096.165360,41136.660434,41041.789489,41053.022829,4355.436358
2025-01-03T22:48:00Z,41053.022829,41076.367494,41006.680656,41040.450209,3592.904670
2025-01-03T22:49:00Z,41040.450209,41045.817664,40981.302330,40989.935038,7568.087700
2025-01-03T22:50:00Z,40989.935038,41009.225621,40975.646761,40992.577362,3733.348173
2025-01-03T22:51:00Z,40992.577362,41017.577140,40973.428182,41007.542190,4610.277009
2025-01-03T22:52:00Z,41007.542190,41019.981296,41003.643896,41008.120247,3233.720418
2025-01-03T22:53:00Z,41008.120247,41077.916629,40977.376583,41067.300993,3637.679910
2025-01-03T22:54:00Z,41067.300993,41082.687297,41041.600404,41074.908994,3155.173850
2025-01-03T22:55:00Z,41074.908994,41085.416985,41007.034898,41045.247580,2181.533137
2025-01-03T22:56:00Z,41045.247580,41052.603308,41036.586893,41041.491558,2460.613472
2025-01-03T22:57:00Z,41041.491558,41053.535132,41014.223540,41028.301630,1462.671221
2025-01-03T22:58:00Z,41028.301630,41035.299897,41013.519395,41016.705719,2471.074797
2025-01-03T22:59:00Z,41016.705719,41035.967095,41006.212260,41016.388553,3260.851972
2025-01-03T23:00:00Z,41016.388553,41077.638906,40999.445968,41053.932607,2735.898319
2025-01-03T23:01:00Z,41053.932607,41085.832070,41021.986410,41035.587442,6247.183126
2025-01-03T23:02:00Z,41035.587442,41054.675365,41001.188862,41020.427320,5867.376592
2025-01-03T23:03:00Z,41020.427320,41022.307028,41002.628370,41009.242501,4791.454724
2025-01-03T23:04:00Z,41009.242501,41018.565808,41001.175853,41008.144079,1646.950422
2025-01-03T23:05:00Z,41008.144079,41082.893935,40988.583155,41063.591422,1686.653255
2025-01-03T23:06:00Z,41063.591422,41111.110087,41043.152672,41100.809752,1900.377802
2025-01-03T23:07:00Z,41100.809752,41104.875228,41057.276611,41079.696416,3017.520884
2025-01-03T23:08:00Z,41079.696416,41097.603987,41014.897593,41036.792233,4661.249321
2025-01-03T23:09:00Z,41036.792233,41049.540800,40995.714198,41018.083152,3367.349122
2025-01-03T23:10:00Z,41018.083152,41041.919335,41015.094595,41030.553686,2868.923466
2025-01-03T23:11:00Z,41030.553686,41037.708880,41026.398092,41030.062547,2973.119019
2025-01-03T23:12:00Z,41030.062547,41038.047459,40971.854761,40991.036482,3808.623274
2025-01-03T23:13:00Z,40991.036482,41037.518830,40986.608749,41026.695681,3876.291177
2025-01-03T23:14:00Z,41026.695681,41054.150823,41023.075106,41051.088073,3829.577270
2025-01-03T23:15:00Z,41051.088073,41086.510772,41005.662029,41033.909848,3378.719442
2025-01-03T23:16:00Z,41033.909848,41064.386943,40990.469250,41030.934494,3471.125474
2025-01-03T23:17:00Z,41030.934494,41040.882092,40992.066480,41026.966105,3073.249190
2025-01-03T23:18:00Z,41026.966105,41093.189168,41012.913535,41074.959345,4068.285348
2025-01-03T23:19:00Z,41074.959345,41178.351763,41060.228572,41156.880491,2358.114712
2025-01-03T23:20:00Z,41156.880491,41166.596971,41117.553928,41130.407300,6769.366024
2025-01-03T23:21:00Z,41130.407300,41149.498329,41095.156800,41116.762399,2392.684387
2025-01-03T23:22:00Z,41116.762399,41175.508307,41114.131833,41173.217200,3071.064547
2025-01-03T23:23:00Z,41173.217200,41198.797011,41157.124552,41178.606156,1784.400943
2025-01-03T23:24:00Z,41178.606156,41206.285969,41168.441396,41184.957208,3131.452572
2025-01-03T23:25:00Z,41184.957208,41190.053016,41149.869191,41163.174264,2230.714447
2025-01-03T23:26:00Z,41163.174264,41184.729560,41145.486924,41152.771481,1686.557861
2025-01-03T23:27:00Z,41152.771481,41156.323044,41082.999233,41098.817625,2085.001332
2025-01-03T23:28:00Z,41098.817625,41163.061622,41062.096047,41130.200443,2470.651919
2025-01-03T23:29:00Z,41130.200443,41186.345560,41119.761049,41164.924983,2198.750719
2025-01-03T23:30:00Z,41164.924983,41204.105368,41160.289590,41189.493910,4624.928916
2025-01-03T23:31:00Z,41189.493910,41196.469966,41170.623184,41183.015451,1224.582153
2025-01-03T23:32:00Z,41183.015451,41222.260915,41179.449699,41206.243108,5097.391701
2025-01-03T23:33:00Z,41206.243108,41230.394780,41177.355553,41193.990255,2399.783317
2025-01-03T23:34:00Z,41193.990255,41228.711541,41173.254073,41205.705847,4303.756285
2025-01-03T23:35:00Z,41205.705847,41229.717284,41190.556641,41214.268127,2867.141012
2025-01-03T23:36:00Z,41214.268127,41283.795451,41196.739237,41274.068688,4611.937151
2025-01-03T23:37:00Z,41274.068688,41327.817985,41257.328875,41309.706344,2326.046043
2025-01-03T23:38:00Z,41309.706344,41341.294094,41300.663847,41339.509135,8840.966672
2025-01-03T23:39:00Z,41339.509135,41371.471389,41327.746524,41367.185120,843.169748
2025-01-03T23:40:00Z,41367.185120,41404.059176,41306.581244,41329.520122,3864.259205
2025-01-03T23:41:00Z,41329.520122,41353.504572,41275.118610,41311.279819,3178.517703
2025-01-03T23:42:00Z,41311.279819,41334.341382,41293.658425,41312.959954,2664.722631
2025-01-03T23:43:00Z,41312.959954,41379.048399,41311.883383,41375.812575,3440.186484
2025-01-03T23:44:00Z,41375.812575,41385.793293,41354.605531,41373.607754,3237.428403
2025-01-03T23:45:00Z,41373.607754,41381.076951,41355.891236,41362.020048,5421.984032
2025-01-03T23:46:00Z,41362.020048,41379.746984,41359.135148,41373.012116,2068.039764
2025-01-03T23:47:00Z,41373.012116,41393.857084,41331.302674,41346.662011,1327.777974
2025-01-03T23:48:00Z,41346.662011,41366.859957,41300.552765,41319.241316,3660.367418
2025-01-03T23:49:00Z,41319.241316,41335.024990,41283.673045,41305.120686,3339.437396
2025-01-03T23:50:00Z,41305.120686,41343.186569,41287.550193,41324.965573,1596.972083
2025-01-03T23:51:00Z,41324.965573,41333.448235,41256.759110,41260.517273,5646.853914
2025-01-03T23:52:00Z,41260.517273,41282.681694,41229.646735,41240.362583,2544.069321
2025-01-03T23:53:00Z,41240.362583,41265.489072,41197.715691,41220.493332,2850.225637
2025-01-03T23:54:00Z,41220.493332,41254.474128,41196.235784,41222.802263,1262.078266
2025-01-03T23:55:00Z,41222.802263,41283.989272,41198.848733,41264.953079,3960.721125
2025-01-03T23:56:00Z,41264.953079,41281.771310,41234.100930,41246.669417,2279.354076
2025-01-03T23:57:00Z,41246.669417,41290.012347,41224.579459,41256.172925,2226.868463
2025-01-03T23:58:00Z,41256.172925,41271.991782,41242.632213,41262.200578,3766.683213
2025-01-03T23:59:00Z,41262.200578,41300.878937,41227.230055,41276.660593,3372.672359
2025-01-04T00:00:00Z,41276.660593,41308.451709,41216.752441,41231.915796,2599.099333
2025-01-04T00:01:00Z,41231.915796,41234.636255,41204.282109,41215.600016,8229.839720
2025-01-04T00:02:00Z,41215.600016,41269.852240,41181.573498,41232.281837,4668.993239
2025-01-04T00:03:00Z,41232.281837,41267.080637,41203.184886,41248.010283,3729.846626
2025-01-04T00:04:00Z,41248.010283,41314.765501,41235.412288,41275.428266,2586.146666
2025-01-04T00:05:00Z,41275.428266,41291.223249,41223.549159,41247.463181,4023.689795
2025-01-04T00:06:00Z,41247.463181,41267.350693,41222.834345,41254.898321,1730.706973
2025-01-04T00:07:00Z,41254.898321,41260.271261,41218.950711,41226.299596,1791.269449
2025-01-04T00:08:00Z,41226.299596,41231.646475,41212.087949,41219.161985,4590.745925
2025-01-04T00:09:00Z,41219.161985,41250.924841,41206.268770,41236.397368,5919.363999
2025-01-04T00:10:00Z,41236.397368,41262.198323,41225.076930,41236.485833,1654.780521
2025-01-04T00:11:00Z,41236.485833,41306.903053,41217.316909,41286.263839,3307.961185
2025-01-04T00:12:00Z,41286.263839,41296.168940,41227.993340,41232.971903,2143.118361
2025-01-04T00:13:00Z,41232.971903,41292.777353,41210.217196,41279.232287,3024.793804
2025-01-04T00:14:00Z,41279.232287,41332.494455,41275.319286,41325.646763,5358.852839
2025-01-04T00:15:00Z,41325.646763,41329.728976,41303.945119,41312.543542,3496.515834
2025-01-04T00:16:00Z,41312.543542,41321.734816,41293.486631,41306.938574,1511.310445
2025-01-04T00:17:00Z,41306.938574,41393.859505,41297.920908,41378.493913,1836.733994
2025-01-04T00:18:00Z,41378.493913,41396.729831,41337.660985,41362.961957,3006.062993
2025-01-04T00:19:00Z,41362.961957,41386.013709,41339.631133,41373.305031,2996.801576
2025-01-04T00:20:00Z,41373.305031,41381.320170,41332.566725,41337.624778,3952.454340
2025-01-04T00:21:00Z,41337.624778,41343.364386,41292.617076,41310.323332,3693.581257
2025-01-04T00:22:00Z,41310.323332,41351.801827,41288.294749,41325.958712,2282.753394
2025-01-04T00:23:00Z,41325.958712,41340.287234,41293.641102,41319.653370,3790.419200
2025-01-04T00:24:00Z,41319.653370,41422.818817,41314.704004,41418.160569,1292.399922
2025-01-04T00:25:00Z,41418.160569,41465.893695,41381.810672,41445.413180,1317.027650
2025-01-04T00:26:00Z,41445.413180,41473.030637,41422.673943,41435.466348,3212.981825
2025-01-04T00:27:00Z,41435.466348,41475.528657,41416.024864,41468.250462,2273.686171
2025-01-04T00:28:00Z,41468.250462,41488.059487,41455.109309,41461.321500,3371.608645
2025-01-04T00:29:00Z,41461.321500,41474.511175,41379.479331,41407.226622,1674.669163
2025-01-04T00:30:00Z,41407.226622,41490.486567,41388.341079,41461.872385,3161.144142
2025-01-04T00:31:00Z,41461.872385,41488.823425,41372.159772,41396.023453,3238.475947
2025-01-04T00:32:00Z,41396.023453,41414.561246,41391.992464,41409.950012,2114.822037
2025-01-04T00:33:00Z,41409.950012,41412.347182,41386.249494,41387.370997,3748.190752
2025-01-04T00:34:00Z,41387.370997,41416.655657,41378.280841,41400.424089,6140.961810
2025-01-04T00:35:00Z,41400.424089,41418.182081,41281.580276,41302.921398,2761.366718
2025-01-04T00:36:00Z,41302.921398,41307.012387,41297.953523,41304.419328,4176.800485
2025-01-04T00:37:00Z,41304.419328,41322.490177,41291.683841,41302.219582,2600.714814
2025-01-04T00:38:00Z,41302.219582,41330.768638,41272.810747,41279.724698,2345.921323
2025-01-04T00:39:00Z,41279.724698,41310.130029,41241.497381,41278.065400,3620.563233
2025-01-04T00:40:00Z,41278.065400,41285.762049,41247.717632,41261.557373,4094.941435
2025-01-04T00:41:00Z,41261.557373,41268.830301,41247.847053,41254.510524,3361.704343
2025-01-04T00:42:00Z,41254.510524,41271.669418,41186.441294,41210.932953,3294.477680
2025-01-04T00:43:00Z,41210.932953,41243.174653,41200.102623,41228.681194,3840.385304
2025-01-04T00:44:00Z,41228.681194,41260.681200,41221.440618,41258.638409,2217.209028
2025-01-04T00:45:00Z,41258.638409,41272.103004,41227.249666,41244.433387,1275.822135
2025-01-04T00:46:00Z,41244.433387,41255.512455,41215.472105,41220.636338,1381.549950
2025-01-04T00:47:00Z,41220.636338,41245.892552,41164.854911,41202.449669,2315.601461
2025-01-04T00:48:00Z,41202.449669,41231.787368,41160.352823,41171.568107,4610.026962
2025-01-04T00:49:00Z,41171.568107,41187.333458,41093.790319,41134.159307,3820.580520
2025-01-04T00:50:00Z,41134.159307,41141.147717,41067.345567,41081.812371,3800.335701
2025-01-04T00:51:00Z,41081.812371,41098.546538,41016.672914,41051.273346,1739.561933
2025-01-04T00:52:00Z,41051.273346,41072.865336,40955.639919,40978.262327,2499.137955
2025-01-04T00:53:00Z,40978.262327,40988.466406,40958.509517,40968.315323,3802.599064
2025-01-04T00:54:00Z,40968.315323,40974.117996,40929.794063,40945.908520,5328.013736
2025-01-04T00:55:00Z,40945.908520,40963.891098,40925.147967,40950.947633,3631.263826
2025-01-04T00:56:00Z,40950.947633,40980.959226,40881.422263,40908.973529,3509.939130
2025-01-04T00:57:00Z,40908.973529,40916.489742,40883.460967,40910.545640,5838.327307
2025-01-04T00:58:00Z,40910.545640,40947.481290,40876.536108,40908.016937,1854.946115
2025-01-04T00:59:00Z,40908.016937,40929.663068,40848.719682,40877.782657,2094.980348
2025-01-04T01:00:00Z,40877.782657,40923.288251,40848.062325,40915.173357,2813.078234
2025-01-04T01:01:00Z,40915.173357,40923.538340,40870.853489,40884.573325,3592.669632
2025-01-04T01:02:00Z,40884.573325,40914.980515,40866.907617,40908.487760,2017.907818
2025-01-04T01:03:00Z,40908.487760,40916.927571,40896.632579,40912.404853,5033.382230
2025-01-04T01:04:00Z,40912.404853,40967.845862,40895.361150,40946.808124,3684.278364
2025-01-04T01:05:00Z,40946.808124,40960.975490,40910.930315,40926.945102,2451.861141
2025-01-04T01:06:00Z,40926.945102,40951.791480,40860.087014,40887.233441,2881.064756
2025-01-04T01:07:00Z,40887.233441,40894.883277,40859.488832,40867.982814,1964.987177
2025-01-04T01:08:00Z,40867.982814,40920.642568,40840.499996,40894.131108,7745.870054
2025-01-04T01:09:00Z,40894.131108,40921.323055,40867.782958,40880.697147,3523.603897
2025-01-04T01:10:00Z,40880.697147,40894.371524,40801.654763,40821.588883,2154.306901
2025-01-04T01:11:00Z,40821.588883,40830.662338,40810.466263,40818.103999,1743.351615
2025-01-04T01:12:00Z,40818.103999,40835.680630,40717.775280,40739.109064,3205.077343
2025-01-04T01:13:00Z,40739.109064,40755.253701,40724.977587,40748.365759,3138.708348
2025-01-04T01:14:00Z,40748.365759,40781.434752,40740.479682,40766.673413,4704.017805
2025-01-04T01:15:00Z,40766.673413,40796.462224,40727.437902,40751.885513,5978.645096
2025-01-04T01:16:00Z,40751.885513,40757.154258,40715.575435,40716.983581,2187.427069
2025-01-04T01:17:00Z,40716.983581,40745.186911,40647.804771,40673.902339,3067.990094
2025-01-04T01:18:00Z,40673.902339,40745.477310,40666.745360,40739.336987,956.943522
2025-01-04T01:19:00Z,40739.336987,40773.326170,40706.893668,40743.189191,1877.828792
2025-01-04T01:20:00Z,40743.189191,40747.284884,40692.982930,40699.422239,1371.254914
2025-01-04T01:21:00Z,40699.422239,40721.712568,40657.689279,40668.934134,1482.695022
2025-01-04T01:22:00Z,40668.934134,40692.276057,40612.030816,40637.069693,1937.212977
2025-01-04T01:23:00Z,40637.069693,40640.566502,40570.679779,40578.791110,2769.123461
2025-01-04T01:24:00Z,40578.791110,40599.001312,40529.098088,40549.197843,2928.887069
2025-01-04T01:25:00Z,40549.197843,40560.569327,40518.029898,40531.280879,3026.685471
2025-01-04T01:26:00Z,40531.280879,40535.224657,40521.093299,40530.597442,5673.466295
2025-01-04T01:27:00Z,40530.597442,40554.975198,40500.015672,40538.974031,2941.794318
2025-01-04T01:28:00Z,40538.974031,40543.519426,40513.057614,40518.900578,2871.590985
2025-01-04T01:29:00Z,40518.900578,40525.389476,40475.132562,40477.722898,3464.236217
2025-01-04T01:30:00Z,40477.722898,40542.749838,40458.529213,40527.738199,2605.570238
2025-01-04T01:31:00Z,40527.738199,40540.073549,40484.685181,40512.557945,10167.254558
2025-01-04T01:32:00Z,40512.557945,40585.245655,40490.049038,40564.639916,2824.341783
2025-01-04T01:33:00Z,40564.639916,40568.660400,40555.335435,40561.573114,2557.198028
2025-01-04T01:34:00Z,40561.573114,40591.728076,40545.538518,40561.201973,5006.705953
2025-01-04T01:35:00Z,40561.201973,40593.227812,40528.057418,40582.473358,2576.578605
2025-01-04T01:36:00Z,40582.473358,40591.391558,40536.731264,40551.343274,1669.097615
2025-01-04T01:37:00Z,40551.343274,40555.498476,40545.178888,40546.747288,2199.240449
2025-01-04T01:38:00Z,40546.747288,40570.469119,40436.901607,40470.573457,2060.549096
2025-01-04T01:39:00Z,40470.573457,40478.315217,40458.653453,40465.527839,3929.235846
2025-01-04T01:40:00Z,40465.527839,40507.503176,40441.275964,40484.661479,3549.097677
2025-01-04T01:41:00Z,40484.661479,40493.233268,40468.382222,40478.728815,2711.317515
2025-01-04T01:42:00Z,40478.728815,40483.743197,40439.104226,40443.395052,4177.529892
2025-01-04T01:43:00Z,40443.395052,40463.689707,40406.735252,40433.504619,1659.158624
2025-01-04T01:44:00Z,40433.504619,40463.941315,40349.000269,40372.480881,3165.502194
2025-01-04T01:45:00Z,40372.480881,40414.693441,40326.440613,40337.091159,3447.594485
2025-01-04T01:46:00Z,40337.091159,40357.427419,40284.721976,40312.207816,2011.233312
2025-01-04T01:47:00Z,40312.207816,40331.867330,40296.766588,40315.565279,2618.462885
2025-01-04T01:48:00Z,40315.565279,40320.427142,40251.682141,40257.936534,3260.128561
2025-01-04T01:49:00Z,40257.936534,40265.213865,40233.626273,40260.624426,4903.444493
2025-01-04T01:50:00Z,40260.624426,40265.802651,40202.105424,40209.503360,2018.618015
2025-01-04T01:51:00Z,40209.503360,40294.395381,40198.263464,40287.084459,2912.662544
2025-01-04T01:52:00Z,40287.084459,40360.652360,40256.693402,40323.440673,2560.664961
2025-01-04T01:53:00Z,40323.440673,40334.121277,40259.240583,40296.038319,2097.136571
2025-01-04T01:54:00Z,40296.038319,40304.068608,40247.379654,40257.478016,3826.684091
2025-01-04T01:55:00Z,40257.478016,40262.354016,40177.451174,40181.305959,5283.746149
2025-01-04T01:56:00Z,40181.305959,40233.095078,40170.146283,40195.663848,2479.193500
2025-01-04T01:57:00Z,40195.663848,40231.236113,40182.249533,40197.494641,2461.712379
2025-01-04T01:58:00Z,40197.494641,40212.435741,40158.453046,40181.763265,2786.498193
2025-01-04T01:59:00Z,40181.763265,40192.494508,40135.621238,40153.703359,3453.545934
2025-01-04T02:00:00Z,40153.703359,40213.001488,40131.772446,40199.160630,4913.789811
2025-01-04T02:01:00Z,40199.160630,40202.323873,40180.853381,40185.930765,4681.588815
2025-01-04T02:02:00Z,40185.930765,40189.098267,40176.192864,40179.934784,7253.860767
2025-01-04T02:03:00Z,40179.934784,40189.089834,40120.408293,40129.604646,6090.757839
2025-01-04T02:04:00Z,40129.604646,40153.265399,40120.527852,40146.140870,3953.387615
2025-01-04T02:05:00Z,40146.140870,40164.784347,40077.462603,40087.275396,2156.265634
2025-01-04T02:06:00Z,40087.275396,40096.228185,40047.941239,40057.513231,2290.193650
2025-01-04T02:07:00Z,40057.513231,40093.680568,40019.715245,40037.537429,1995.850058
2025-01-04T02:08:00Z,40037.537429,40086.072064,40002.091696,40051.379047,3253.952246
2025-01-04T02:09:00Z,40051.379047,40067.815869,39997.404653,40005.508814,8796.440099
2025-01-04T02:10:00Z,40005.508814,40049.585063,39957.190952,39994.136195,2202.152080
2025-01-04T02:11:00Z,39994.136195,40024.776077,39985.085965,40008.578673,2549.492047
2025-01-04T02:12:00Z,40008.578673,40023.343664,40006.800349,40020.647877,2508.090215
2025-01-04T02:13:00Z,40020.647877,40030.479045,39999.811638,40015.782778,4194.805753
2025-01-04T02:14:00Z,40015.782778,40065.583248,40010.709179,40050.609602,4205.318946
2025-01-04T02:15:00Z,40050.609602,40085.275276,40027.526384,40064.093618,3614.009035
2025-01-04T02:16:00Z,40064.093618,40070.856792,40031.876182,40033.185448,2416.947054
2025-01-04T02:17:00Z,40033.185448,40063.035255,40025.054104,40054.134852,3086.453937
2025-01-04T02:18:00Z,40054.134852,40093.758088,40033.643398,40064.441828,3518.894664
2025-01-04T02:19:00Z,40064.441828,40132.360532,40057.767826,40105.152300,3883.603119
2025-01-04T02:20:00Z,40105.152300,40107.095295,40098.655715,40101.800909,3575.057173
2025-01-04T02:21:00Z,40101.800909,40132.458545,40056.236591,40061.985983,3146.911762
2025-01-04T02:22:00Z,40061.985983,40067.003126,40041.150919,40058.970784,2508.449373
2025-01-04T02:23:00Z,40058.970784,40066.853955,40023.289433,40033.006817,2231.424183
2025-01-04T02:24:00Z,40033.006817,40075.254875,40003.744846,40069.689822,3679.269522
2025-01-04T02:25:00Z,40069.689822,40096.439889,40066.200169,40083.504342,1649.503293
2025-01-04T02:26:00Z,40083.504342,40102.288881,40076.315113,40095.747033,2695.429444
2025-01-04T02:27:00Z,40095.747033,40120.139547,40072.839223,40093.505830,3421.358572
2025-01-04T02:28:00Z,40093.505830,40101.559233,40021.509364,40040.880231,1264.162216
2025-01-04T02:29:00Z,40040.880231,40053.084111,40010.534524,40044.000075,2348.330960
2025-01-04T02:30:00Z,40044.000075,40072.846028,40041.569374,40070.101201,3225.310266
2025-01-04T02:31:00Z,40070.101201,40075.655282,40058.108831,40060.933959,1668.646960
2025-01-04T02:32:00Z,40060.933959,40082.303404,40050.627861,40071.844839,2463.897501
2025-01-04T02:33:00Z,40071.844839,40089.023150,40024.811196,40071.615056,3274.704100
2025-01-04T02:34:00Z,40071.615056,40101.334206,40066.730472,40098.033424,4848.585434
2025-01-04T02:35:00Z,40098.033424,40137.692933,40090.818010,40131.241379,4338.465458
2025-01-04T02:36:00Z,40131.241379,40137.634156,40122.217075,40126.759771,2109.835212
2025-01-04T02:37:00Z,40126.759771,40132.876815,40111.471509,40123.866150,3927.733887
2025-01-04T02:38:00Z,40123.866150,40137.708926,40092.282342,40123.749755,2314.710938
2025-01-04T02:39:00Z,40123.749755,40128.068991,40090.017697,40096.018430,3617.163398
2025-01-04T02:40:00Z,40096.018430,40112.342985,40067.989602,40073.316198,6472.505489
2025-01-04T02:41:00Z,40073.316198,40082.430098,40046.332475,40064.758637,5100.224233
2025-01-04T02:42:00Z,40064.758637,40075.503410,40043.183975,40054.207822,1651.408567
2025-01-04T02:43:00Z,40054.207822,40069.799480,39997.174028,40027.542183,1715.699956
2025-01-04T02:44:00Z,40027.542183,40034.516002,39975.471647,39979.956052,2452.007655
2025-01-04T02:45:00Z,39979.956052,39986.003726,39920.175480,39929.524142,4616.686810
2025-01-04T02:46:00Z,39929.524142,39971.293144,39922.066204,39954.589949,2675.163763
2025-01-04T02:47:00Z,39954.589949,39964.135448,39942.413504,39952.778711,1908.833138
2025-01-04T02:48:00Z,39952.778711,39962.256677,39895.102596,39903.944867,2856.055488
2025-01-04T02:49:00Z,39903.944867,39919.401732,39892.324113,39905.826518,1952.632049
2025-01-04T02:50:00Z,39905.826518,39973.607600,39869.934561,39936.911820,6485.106518
2025-01-04T02:51:00Z,39936.911820,39951.942161,39871.458191,39892.721449,4647.665768
2025-01-04T02:52:00Z,39892.721449,39910.630576,39852.887239,39873.008394,1537.447692
2025-01-04T02:53:00Z,39873.008394,39883.907032,39797.497081,39809.887013,1927.480075
2025-01-04T02:54:00Z,39809.887013,39871.448492,39803.605203,39851.321116,1995.687451
2025-01-04T02:55:00Z,39851.321116,39882.780308,39843.202184,39876.460277,4058.556776
2025-01-04T02:56:00Z,39876.460277,39967.562256,39863.392882,39944.571441,1910.140755
2025-01-04T02:57:00Z,39944.571441,39955.270584,39920.908325,39930.916838,8589.901016
2025-01-04T02:58:00Z,39930.916838,39935.768507,39881.792341,39884.715270,3975.835397
2025-01-04T02:59:00Z,39884.715270,39902.213702,39838.520559,39855.539157,2724.140040
2025-01-04T03:00:00Z,39855.539157,39864.470780,39843.596621,39853.141085,1395.505304
2025-01-04T03:01:00Z,39853.141085,39887.309918,39829.076781,39880.695560,1776.137673
2025-01-04T03:02:00Z,39880.695560,39885.407258,39852.241921,39856.828122,2897.104927
2025-01-04T03:03:00Z,39856.828122,39878.472190,39850.384047,39866.650208,1847.553359
2025-01-04T03:04:00Z,39866.650208,39872.106280,39860.822428,39865.443436,2876.735026
2025-01-04T03:05:00Z,39865.443436,39887.732512,39812.688567,39822.711828,3179.952125
2025-01-04T03:06:00Z,39822.711828,39832.385735,39805.981238,39815.653780,1662.449432
2025-01-04T03:07:00Z,39815.653780,39846.612958,39776.315700,39796.535961,3560.327005
2025-01-04T03:08:00Z,39796.535961,39845.137617,39756.001390,39812.864097,5380.814260
2025-01-04T03:09:00Z,39812.864097,39828.728464,39772.052102,39789.693449,2141.382492
2025-01-04T03:10:00Z,39789.693449,39808.530569,39780.781560,39805.861177,2576.497923
2025-01-04T03:11:00Z,39805.861177,39838.991852,39784.294985,39831.336685,1880.395790
2025-01-04T03:12:00Z,39831.336685,39864.509783,39787.205956,39795.817997,2355.563662
2025-01-04T03:13:00Z,39795.817997,39804.524941,39751.590676,39763.270511,1727.488061
2025-01-04T03:14:00Z,39763.270511,39780.406974,39706.106058,39736.614330,2124.819045
2025-01-04T03:15:00Z,39736.614330,39745.944595,39707.211384,39740.021400,4431.267318
2025-01-04T03:16:00Z,39740.021400,39769.214357,39720.987751,39762.012396,3869.899735
2025-01-04T03:17:00Z,39762.012396,39772.776694,39739.797183,39752.978919,1683.544176
2025-01-04T03:18:00Z,39752.978919,39778.552421,39743.701143,39772.078142,3489.981409
2025-01-04T03:19:00Z,39772.078142,39783.204940,39716.738446,39741.063331,1428.671197
2025-01-04T03:20:00Z,39741.063331,39745.340123,39720.659300,39726.245940,2854.859456
2025-01-04T03:21:00Z,39726.245940,39766.835041,39694.501308,39720.937197,6143.639022
2025-01-04T03:22:00Z,39720.937197,39732.925749,39717.004676,39723.287623,3542.043808
2025-01-04T03:23:00Z,39723.287623,39770.676083,39699.797618,39749.031428,3053.413501
2025-01-04T03:24:00Z,39749.031428,39767.009556,39743.564484,39750.392348,2593.638221
2025-01-04T03:25:00Z,39750.392348,39792.039237,39725.026870,39765.987744,2604.004186
2025-01-04T03:26:00Z,39765.987744,39800.658912,39738.645223,39795.190006,2426.535712
2025-01-04T03:27:00Z,39795.190006,39830.806666,39780.390141,39826.393012,1941.331961
2025-01-04T03:28:00Z,39826.393012,39870.907822,39808.269012,39829.976672,2111.519962
2025-01-04T03:29:00Z,39829.976672,39833.160010,39827.673018,39829.357022,3871.460112
2025-01-04T03:30:00Z,39829.357022,39875.472923,39788.586641,39863.832599,3615.715875
2025-01-04T03:31:00Z,39863.832599,39899.485645,39853.468892,39877.925593,2724.443490
2025-01-04T03:32:00Z,39877.925593,39890.730129,39857.629168,39882.372108,2441.178187
2025-01-04T03:33:00Z,39882.372108,39911.506365,39867.438769,39888.554937,3760.096642
2025-01-04T03:34:00Z,39888.554937,39903.003106,39880.864897,39893.213982,2788.998798
2025-01-04T03:35:00Z,39893.213982,40002.235626,39886.660145,39979.431857,3078.982060
2025-01-04T03:36:00Z,39979.431857,40019.709937,39967.849588,39995.316875,3398.627693
2025-01-04T03:37:00Z,39995.316875,40049.429191,39971.804762,40021.112153,4412.969951
2025-01-04T03:38:00Z,40021.112153,40074.216421,40010.036098,40058.744213,2706.178002
2025-01-04T03:39:00Z,40058.744213,40071.205787,40017.834346,40021.359864,3888.324414
2025-01-04T03:40:00Z,40021.359864,40064.393063,39990.331811,40056.250633,2296.423971
2025-01-04T03:41:00Z,40056.250633,40095.231331,40051.207426,40088.786617,4492.229944
2025-01-04T03:42:00Z,40088.786617,40091.739451,40045.571200,40053.131546,6316.040282
2025-01-04T03:43:00Z,40053.131546,40073.895741,40031.134388,40057.731566,3439.923754
2025-01-04T03:44:00Z,40057.731566,40064.879100,40030.514594,40035.335959,4008.847787
2025-01-04T03:45:00Z,40035.335959,40046.543378,40008.143618,40014.165679,5878.059768
2025-01-04T03:46:00Z,40014.165679,40058.317211,39989.738972,40036.593487,4136.569584
2025-01-04T03:47:00Z,40036.593487,40050.572424,39979.095291,40000.411350,3352.549923
2025-01-04T03:48:00Z,40000.411350,40050.205590,39969.936582,40031.985220,2311.190049
2025-01-04T03:49:00Z,40031.985220,40033.544920,39955.447283,39961.515522,1433.985912
2025-01-04T03:50:00Z,39961.515522,39984.557700,39933.402658,39955.998477,2015.723851
2025-01-04T03:51:00Z,39955.998477,39991.456039,39932.695033,39967.382085,4507.451042
2025-01-04T03:52:00Z,39967.382085,39991.830334,39963.086599,39989.298983,5364.859014
2025-01-04T03:53:00Z,39989.298983,40002.910232,39970.817818,39995.011760,1948.006168
2025-01-04T03:54:00Z,39995.011760,40002.403470,39946.203933,39952.164012,3288.070745
2025-01-04T03:55:00Z,39952.164012,39956.418738,39943.814110,39946.777193,6972.068573
2025-01-04T03:56:00Z,39946.777193,39985.494420,39937.343607,39982.974506,2619.669004
2025-01-04T03:57:00Z,39982.974506,39990.198342,39902.715349,39932.478912,3930.629098
2025-01-04T03:58:00Z,39932.478912,39971.651491,39902.118714,39949.363998,1946.408083
2025-01-04T03:59:00Z,39949.363998,39961.707654,39943.404869,39958.684952,2452.831121
2025-01-04T04:00:00Z,39958.684952,39986.102932,39950.739152,39981.691399,4735.646458
2025-01-04T04:01:00Z,39981.691399,40007.632278,39963.637413,39998.534888,3927.366506
2025-01-04T04:02:00Z,39998.534888,40020.879640,39979.682075,39994.895484,5141.458628
2025-01-04T04:03:00Z,39994.895484,40000.791707,39960.333064,39972.354800,4809.353649
2025-01-04T04:04:00Z,39972.354800,40040.060705,39968.041595,40029.062125,3576.665272
2025-01-04T04:05:00Z,40029.062125,40062.414918,39979.051792,39995.112314,5229.293575
2025-01-04T04:06:00Z,39995.112314,40074.429091,39957.850959,40061.843296,3510.430023
2025-01-04T04:07:00Z,40061.843296,40144.417989,40053.951229,40136.016956,2085.188554
2025-01-04T04:08:00Z,40136.016956,40163.325715,40104.452109,40144.930673,2905.078283
2025-01-04T04:09:00Z,40144.930673,40203.940249,40127.585746,40178.306069,2524.529420
2025-01-04T04:10:00Z,40178.306069,40184.695442,40151.584288,40160.657621,3210.166763
2025-01-04T04:11:00Z,40160.657621,40222.615627,40136.462082,40193.175744,3154.134455
2025-01-04T04:12:00Z,40193.175744,40221.249962,40177.373828,40185.921102,4165.410781
2025-01-04T04:13:00Z,40185.921102,40202.324017,40182.272355,40195.924188,1395.343787
2025-01-04T04:14:00Z,40195.924188,40211.547141,40142.954727,40147.695771,2260.585041
2025-01-04T04:15:00Z,40147.695771,40183.883898,40129.504905,40166.922852,3111.992069
2025-01-04T04:16:00Z,40166.922852,40215.060387,40154.412855,40195.595607,3118.391421
2025-01-04T04:17:00Z,40195.595607,40226.645126,40164.162281,40200.036740,2702.647081
2025-01-04T04:18:00Z,40200.036740,40230.236672,40188.881248,40219.861523,3524.957708
2025-01-04T04:19:00Z,40219.861523,40237.852123,40185.579724,40221.482055,2131.926491
2025-01-04T04:20:00Z,40221.482055,40248.763650,40182.692995,40223.551916,2856.735021
2025-01-04T04:21:00Z,40223.551916,40291.511577,40198.862756,40278.606400,1995.553360
2025-01-04T04:22:00Z,40278.606400,40301.921174,40234.500031,40260.243063,2695.130545
2025-01-04T04:23:00Z,40260.243063,40284.362203,40224.512294,40239.678059,2237.176460
2025-01-04T04:24:00Z,40239.678059,40276.710493,40233.353548,40271.616957,4940.849967
2025-01-04T04:25:00Z,40271.616957,40315.036592,40251.818662,40306.059805,3364.775398
2025-01-04T04:26:00Z,40306.059805,40309.705986,40261.336208,40265.867381,5939.378226
2025-01-04T04:27:00Z,40265.867381,40299.474644,40243.729072,40291.911688,3556.690857
2025-01-04T04:28:00Z,40291.911688,40294.558155,40276.435578,40282.200944,2754.288112
2025-01-04T04:29:00Z,40282.200944,40304.266456,40229.571549,40257.119160,3165.114363
2025-01-04T04:30:00Z,40257.119160,40279.528419,40220.996065,40256.567517,4295.881115
2025-01-04T04:31:00Z,40256.567517,40258.666463,40232.935659,40234.608712,6801.223361
2025-01-04T04:32:00Z,40234.608712,40244.451862,40232.493599,40239.271888,1133.433565
2025-01-04T04:33:00Z,40239.271888,40274.605489,40211.914638,40259.507454,3092.086865
2025-01-04T04:34:00Z,40259.507454,40265.188014,40211.332782,40224.880321,7333.168130
2025-01-04T04:35:00Z,40224.880321,40268.488476,40199.306359,40221.886974,4170.203084
2025-01-04T04:36:00Z,40221.886974,40256.693515,40215.417077,40250.266048,1807.818302
2025-01-04T04:37:00Z,40250.266048,40263.609966,40224.180450,40235.080301,3289.446437
2025-01-04T04:38:00Z,40235.080301,40261.660475,40228.927019,40256.104070,1558.259120
2025-01-04T04:39:00Z,40256.104070,40316.439262,40234.119316,40303.728860,4100.866109
2025-01-04T04:40:00Z,40303.728860,40345.114367,40283.542014,40317.675277,3059.469623
2025-01-04T04:41:00Z,40317.675277,40382.821847,40309.944380,40366.217910,2022.641301
2025-01-04T04:42:00Z,40366.217910,40371.685853,40361.658936,40368.679849,3836.469246
2025-01-04T04:43:00Z,40368.679849,40404.000199,40324.946295,40342.817282,4061.247459
2025-01-04T04:44:00Z,40342.817282,40366.935887,40330.141033,40351.831143,3942.659088
2025-01-04T04:45:00Z,40351.831143,40366.859245,40345.130084,40362.920344,2973.008008
2025-01-04T04:46:00Z,40362.920344,40420.001365,40338.738505,40392.840185,3179.778502
2025-01-04T04:47:00Z,40392.840185,40399.875161,40370.799811,40382.702366,6259.206905
2025-01-04T04:48:00Z,40382.702366,40387.209787,40343.829401,40348.723053,4149.980598
2025-01-04T04:49:00Z,40348.723053,40382.394336,40331.188433,40367.401196,5470.238321
2025-01-04T04:50:00Z,40367.401196,40430.332689,40361.590431,40421.945068,3006.109551
2025-01-04T04:51:00Z,40421.945068,40464.716386,40390.108958,40444.719647,3456.529955
2025-01-04T04:52:00Z,40444.719647,40458.465800,40418.095401,40445.528007,4984.780210
2025-01-04T04:53:00Z,40445.528007,40466.173855,40407.061666,40434.664494,5859.294324
2025-01-04T04:54:00Z,40434.664494,40476.625372,40396.486897,40446.568906,4295.074281
2025-01-04T04:55:00Z,40446.568906,40503.361445,40420.422096,40470.091998,3823.800698
2025-01-04T04:56:00Z,40470.091998,40516.391072,40466.761086,40512.775303,2252.727757
2025-01-04T04:57:00Z,40512.775303,40534.521625,40506.333890,40514.639560,1269.007292
2025-01-04T04:58:00Z,40514.639560,40523.750813,40494.853235,40507.300696,6160.212630
2025-01-04T04:59:00Z,40507.300696,40582.562618,40482.714022,40557.691226,2158.434808
2025-01-04T05:00:00Z,40557.691226,40564.741782,40544.152696,40555.673607,3191.470206
2025-01-04T05:01:00Z,40555.673607,40567.434230,40539.821683,40549.179359,3342.519105
2025-01-04T05:02:00Z,40549.179359,40563.762049,40541.909947,40548.499275,2044.850169
2025-01-04T05:03:00Z,40548.499275,40556.931845,40545.713618,40554.542276,2551.463884
2025-01-04T05:04:00Z,40554.542276,40563.027361,40490.749206,40522.153488,3217.689336
2025-01-04T05:05:00Z,40522.153488,40527.611862,40489.811845,40496.294252,3184.398368
2025-01-04T05:06:00Z,40496.294252,40503.187492,40455.568181,40464.147781,3128.084379
2025-01-04T05:07:00Z,40464.147781,40498.768089,40455.295535,40488.495302,1820.892527
2025-01-04T05:08:00Z,40488.495302,40513.098359,40481.087782,40507.998186,2699.292505
2025-01-04T05:09:00Z,40507.998186,40544.187228,40491.213476,40523.746151,3025.198213
2025-01-04T05:10:00Z,40523.746151,40593.257270,40515.488504,40567.006830,2168.217333
2025-01-04T05:11:00Z,40567.006830,40582.392223,40560.676773,40577.049330,5973.333527
2025-01-04T05:12:00Z,40577.049330,40591.621756,40558.281096,40564.141765,1907.508413
2025-01-04T05:13:00Z,40564.141765,40573.256194,40463.104977,40488.923582,3479.919906
2025-01-04T05:14:00Z,40488.923582,40526.120633,40468.250518,40511.411595,5715.658200
2025-01-04T05:15:00Z,40511.411595,40516.995514,40500.259086,40507.165072,3866.986594
2025-01-04T05:16:00Z,40507.165072,40541.037646,40492.468358,40504.739731,7327.236595
2025-01-04T05:17:00Z,40504.739731,40525.796922,40466.909667,40488.184695,3511.537978
2025-01-04T05:18:00Z,40488.184695,40540.317365,40448.295578,40517.326527,2182.270575
2025-01-04T05:19:00Z,40517.326527,40560.751333,40485.970359,40512.935414,4355.725282
2025-01-04T05:20:00Z,40512.935414,40559.769378,40500.314048,40545.010683,1668.881472
2025-01-04T05:21:00Z,40545.010683,40587.422229,40532.384938,40577.466543,2837.331963
2025-01-04T05:22:00Z,40577.466543,40638.232810,40551.518771,40615.364723,6061.764786
2025-01-04T05:23:00Z,40615.364723,40657.575906,40609.772695,40655.699238,3173.063817
2025-01-04T05:24:00Z,40655.699238,40703.761330,40647.134626,40691.987348,4553.909647
2025-01-04T05:25:00Z,40691.987348,40749.461247,40690.008388,40745.691568,5060.789108
2025-01-04T05:26:00Z,40745.691568,40763.319582,40711.370887,40720.909592,3470.879744
2025-01-04T05:27:00Z,40720.909592,40745.013234,40711.655984,40725.235017,3247.256245
2025-01-04T05:28:00Z,40725.235017,40784.534501,40721.849536,40779.295603,1589.074428
2025-01-04T05:29:00Z,40779.295603,40833.118675,40742.580214,40818.764281,1838.228800
2025-01-04T05:30:00Z,40818.764281,40844.438671,40788.140448,40815.706657,4944.533184
2025-01-04T05:31:00Z,40815.706657,40820.494066,40801.054492,40806.108092,1493.090865
2025-01-04T05:32:00Z,40806.108092,40827.680513,40767.486711,40806.860899,1816.922359
2025-01-04T05:33:00Z,40806.860899,40815.309943,40783.665316,40801.453217,5624.584381
2025-01-04T05:34:00Z,40801.453217,40819.685126,40770.235500,40793.978588,2872.635576
2025-01-04T05:35:00Z,40793.978588,40827.152885,40781.864958,40818.765559,2911.582819
2025-01-04T05:36:00Z,40818.765559,40854.052370,40805.883425,40831.533271,3384.773206
2025-01-04T05:37:00Z,40831.533271,40849.004907,40827.483494,40831.462260,1916.578780
2025-01-04T05:38:00Z,40831.462260,40883.069522,40803.174607,40852.916417,5431.591849
2025-01-04T05:39:00Z,40852.916417,40872.682729,40851.479593,40871.547247,1913.630753
2025-01-04T05:40:00Z,40871.547247,40918.633158,40834.089525,40882.902887,2325.539910
2025-01-04T05:41:00Z,40882.902887,40893.493566,40868.399190,40881.686626,1747.501629
2025-01-04T05:42:00Z,40881.686626,40895.852806,40858.749745,40886.112357,9541.965298
2025-01-04T05:43:00Z,40886.112357,40891.747754,40835.372270,40860.396607,3750.860909
2025-01-04T05:44:00Z,40860.396607,40925.929063,40838.241033,40911.407697,8701.764154
2025-01-04T05:45:00Z,40911.407697,40930.461191,40869.293342,40884.511826,1753.171028
2025-01-04T05:46:00Z,40884.511826,40928.449222,40855.042341,40888.756612,8140.914246
2025-01-04T05:47:00Z,40888.756612,41006.579208,40854.038874,40988.373040,3629.039788
2025-01-04T05:48:00Z,40988.373040,41064.084385,40979.233714,41056.291549,3984.403122
2025-01-04T05:49:00Z,41056.291549,41099.950853,41045.996993,41096.934972,4111.691682
2025-01-04T05:50:00Z,41096.934972,41107.670376,41092.134331,41103.354277,2944.606237
2025-01-04T05:51:00Z,41103.354277,41124.476923,41029.910909,41051.449845,3370.673821
2025-01-04T05:52:00Z,41051.449845,41127.955696,41042.840787,41119.172514,4186.935018
2025-01-04T05:53:00Z,41119.172514,41121.644714,41088.611719,41090.067722,1708.620039
2025-01-04T05:54:00Z,41090.067722,41093.987054,41082.691942,41089.768900,4235.958986
2025-01-04T05:55:00Z,41089.768900,41103.419793,41038.600382,41067.733349,5320.640513
2025-01-04T05:56:00Z,41067.733349,41110.143314,41061.420362,41103.944806,4131.913212
2025-01-04T05:57:00Z,41103.944806,41109.711854,41056.220077,41086.743445,2949.380443
2025-01-04T05:58:00Z,41086.743445,41091.245040,41047.492075,41062.606239,2863.267997
2025-01-04T05:59:00Z,41062.606239,41071.029832,41040.764022,41042.536729,3316.860572
2025-01-04T06:00:00Z,41042.536729,41108.322084,41019.630731,41091.140698,1785.645057
2025-01-04T06:01:00Z,41091.140698,41101.652658,41071.485596,41078.899023,1622.085417
2025-01-04T06:02:00Z,41078.899023,41135.769421,41065.617069,41113.903999,4174.770083
2025-01-04T06:03:00Z,41113.903999,41139.820830,41090.732419,41105.510493,3258.321573
2025-01-04T06:04:00Z,41105.510493,41125.710581,41067.625653,41076.038456,5306.218315
2025-01-04T06:05:00Z,41076.038456,41173.188207,41059.652859,41140.442887,4291.473979
2025-01-04T06:06:00Z,41140.442887,41172.391133,41132.208444,41166.190812,2863.253850
2025-01-04T06:07:00Z,41166.190812,41173.328283,41128.616871,41140.234573,2327.142308
2025-01-04T06:08:00Z,41140.234573,41151.597676,41114.534016,41127.414576,3827.923465
2025-01-04T06:09:00Z,41127.414576,41143.280161,41098.354935,41103.787051,2918.635697
2025-01-04T06:10:00Z,41103.787051,41153.107324,41089.221525,41149.086079,2015.893408
2025-01-04T06:11:00Z,41149.086079,41163.939119,41110.787377,41126.766216,2732.314062
2025-01-04T06:12:00Z,41126.766216,41152.046934,41094.273808,41145.261831,6619.742604
2025-01-04T06:13:00Z,41145.261831,41158.399600,41104.358423,41137.446546,3720.624048
2025-01-04T06:14:00Z,41137.446546,41150.213616,41094.197858,41101.762837,3810.756996
2025-01-04T06:15:00Z,41101.762837,41105.074709,41060.151132,41066.997293,5086.252515
2025-01-04T06:16:00Z,41066.997293,41070.523041,41042.076559,41050.146542,3928.260034
2025-01-04T06:17:00Z,41050.146542,41078.011186,41002.367476,41031.336291,3165.319549
2025-01-04T06:18:00Z,41031.336291,41060.827475,40931.998474,40965.940787,3514.702866
2025-01-04T06:19:00Z,40965.940787,41019.058184,40930.927224,40978.518741,7247.371942
2025-01-04T06:20:00Z,40978.518741,40990.863594,40865.773462,40907.924808,3622.047519
2025-01-04T06:21:00Z,40907.924808,40916.139880,40883.970406,40891.480563,2975.114002
2025-01-04T06:22:00Z,40891.480563,40920.637824,40870.390885,40912.056089,2587.283539
2025-01-04T06:23:00Z,40912.056089,40956.068467,40895.512329,40924.397611,3253.052668
2025-01-04T06:24:00Z,40924.397611,40966.677528,40898.657071,40942.614185,5612.053695
2025-01-04T06:25:00Z,40942.614185,40974.134180,40892.816182,40915.686704,5098.414053
2025-01-04T06:26:00Z,40915.686704,40949.885790,40824.108283,40862.464919,3441.101926
2025-01-04T06:27:00Z,40862.464919,40925.547302,40847.749174,40908.314944,2275.001864
2025-01-04T06:28:00Z,40908.314944,40927.902460,40878.877263,40900.175190,1872.021689
2025-01-04T06:29:00Z,40900.175190,40917.914332,40855.497948,40887.887972,5376.102627
2025-01-04T06:30:00Z,40887.887972,40911.358805,40885.234549,40907.542447,6218.477600
2025-01-04T06:31:00Z,40907.542447,40944.841262,40894.890758,40939.945173,6078.462568
2025-01-04T06:32:00Z,40939.945173,40967.006518,40889.104472,40927.101595,2017.956221
2025-01-04T06:33:00Z,40927.101595,40977.228692,40915.803782,40952.788148,6514.514656
2025-01-04T06:34:00Z,40952.788148,40957.145622,40945.441659,40948.750161,2830.938579
2025-01-04T06:35:00Z,40948.750161,40954.587709,40941.776299,40948.839281,3443.015942
2025-01-04T06:36:00Z,40948.839281,41017.563556,40944.031682,41002.220847,5690.725102
2025-01-04T06:37:00Z,41002.220847,41071.661903,40993.520927,41048.319628,4015.595601
2025-01-04T06:38:00Z,41048.319628,41102.907375,41026.730246,41080.117546,3271.447919
2025-01-04T06:39:00Z,41080.117546,41147.517477,41050.770147,41119.613076,1316.419564
2025-01-04T06:40:00Z,41119.613076,41147.831207,41106.830669,41126.905776,4347.468300
2025-01-04T06:41:00Z,41126.905776,41167.078615,41121.456315,41160.830691,2048.470752
2025-01-04T06:42:00Z,41160.830691,41194.967657,41151.587361,41180.601932,3590.865743
2025-01-04T06:43:00Z,41180.601932,41211.973352,41123.537840,41139.247676,4150.102654
2025-01-04T06:44:00Z,41139.247676,41184.215831,41134.027421,41175.238768,6398.614649
2025-01-04T06:45:00Z,41175.238768,41211.415647,41161.000924,41204.553781,4934.880471
2025-01-04T06:46:00Z,41204.553781,41219.690564,41172.201372,41187.514271,5014.035788
2025-01-04T06:47:00Z,41187.514271,41225.915788,41178.526549,41224.114288,2869.406470
2025-01-04T06:48:00Z,41224.114288,41230.409851,41185.113615,41201.968695,1509.937444
2025-01-04T06:49:00Z,41201.968695,41257.927031,41185.437943,41226.435425,3352.912399
2025-01-04T06:50:00Z,41226.435425,41233.234578,41182.570229,41188.283595,2194.290936
2025-01-04T06:51:00Z,41188.283595,41235.999926,41157.753698,41209.698946,2171.021316
2025-01-04T06:52:00Z,41209.698946,41223.776569,41186.379466,41199.770446,2248.331804
2025-01-04T06:53:00Z,41199.770446,41255.787702,41187.519870,41224.223609,2351.221411
2025-01-04T06:54:00Z,41224.223609,41294.458398,41222.647884,41292.974433,3226.643117
2025-01-04T06:55:00Z,41292.974433,41313.107304,41290.907525,41308.871767,1734.549137
2025-01-04T06:56:00Z,41308.871767,41410.485529,41300.073713,41384.194496,3052.920644
2025-01-04T06:57:00Z,41384.194496,41395.611396,41282.033564,41288.112438,2407.168952
2025-01-04T06:58:00Z,41288.112438,41298.138718,41226.664318,41249.978476,6624.570093
2025-01-04T06:59:00Z,41249.978476,41284.769716,41197.217918,41229.209822,2379.842750
2025-01-04T07:00:00Z,41229.209822,41248.626907,41189.237113,41213.227448,3282.478011
2025-01-04T07:01:00Z,41213.227448,41224.856849,41173.275170,41184.794365,1956.658509
2025-01-04T07:02:00Z,41184.794365,41204.965418,41138.161715,41154.532244,1979.602419
2025-01-04T07:03:00Z,41154.532244,41168.195691,41118.866736,41138.564032,4775.256728
2025-01-04T07:04:00Z,41138.564032,41173.233098,41106.987666,41164.829283,3010.272046
2025-01-04T07:05:00Z,41164.829283,41182.286946,41157.806098,41169.530747,2976.067092
2025-01-04T07:06:00Z,41169.530747,41192.551483,41128.790936,41169.739930,2140.707446
2025-01-04T07:07:00Z,41169.739930,41174.783520,41117.793107,41129.049173,2034.564969
2025-01-04T07:08:00Z,41129.049173,41184.618463,41125.022647,41178.829693,2810.626632
2025-01-04T07:09:00Z,41178.829693,41231.644077,41162.738035,41227.678992,2963.169097
2025-01-04T07:10:00Z,41227.678992,41251.013966,41175.795602,41191.306413,3985.009189
2025-01-04T07:11:00Z,41191.306413,41197.699125,41111.585684,41120.425369,3364.848069
2025-01-04T07:12:00Z,41120.425369,41145.595031,41103.024532,41130.987754,8157.894437
2025-01-04T07:13:00Z,41130.987754,41161.570006,41089.174424,41117.013846,3465.170292
2025-01-04T07:14:00Z,41117.013846,41154.982907,41110.461688,41151.220923,7103.091792
2025-01-04T07:15:00Z,41151.220923,41157.489507,41082.833512,41109.524458,3695.864403
2025-01-04T07:16:00Z,41109.524458,41124.475544,41102.119671,41120.142178,5474.099459
2025-01-04T07:17:00Z,41120.142178,41159.223074,41094.695066,41134.837897,4899.189977
2025-01-04T07:18:00Z,41134.837897,41146.516396,41115.327195,41130.353853,2970.959295
2025-01-04T07:19:00Z,41130.353853,41143.578432,41099.364807,41110.302750,2736.914888
2025-01-04T07:20:00Z,41110.302750,41139.568266,41097.179174,41121.167092,4124.585354
2025-01-04T07:21:00Z,41121.167092,41149.822962,41076.886716,41094.980890,2729.640904
2025-01-04T07:22:00Z,41094.980890,41138.397611,41039.697161,41058.373844,7576.823573
2025-01-04T07:23:00Z,41058.373844,41081.348991,41027.834373,41054.536743,2406.002679
2025-01-04T07:24:00Z,41054.536743,41067.859373,40965.721446,41011.191689,2228.296468
2025-01-04T07:25:00Z,41011.191689,41052.865580,40998.682353,41047.867618,1501.009244
2025-01-04T07:26:00Z,41047.867618,41084.797179,41038.243287,41055.624706,3317.868895
2025-01-04T07:27:00Z,41055.624706,41076.102373,41053.430993,41070.850763,2197.618614
2025-01-04T07:28:00Z,41070.850763,41083.239035,41049.714701,41057.929467,5983.538736
2025-01-04T07:29:00Z,41057.929467,41079.933687,41048.740719,41074.631827,2279.984318
2025-01-04T07:30:00Z,41074.631827,41089.615113,41064.052174,41085.939381,3059.336109
2025-01-04T07:31:00Z,41085.939381,41111.101468,41079.237638,41106.525136,4992.689933
2025-01-04T07:32:00Z,41106.525136,41154.887149,41091.325334,41125.345737,3233.314814
2025-01-04T07:33:00Z,41125.345737,41140.165120,41056.543848,41099.562397,2156.259350
2025-01-04T07:34:00Z,41099.562397,41106.035825,41068.600703,41073.573592,3530.075754
2025-01-04T07:35:00Z,41073.573592,41106.547808,41061.952234,41070.591912,2838.938805
2025-01-04T07:36:00Z,41070.591912,41086.356152,41061.034971,41080.217460,3883.649391
2025-01-04T07:37:00Z,41080.217460,41120.128798,41063.241148,41105.842372,5096.094227
2025-01-04T07:38:00Z,41105.842372,41147.584147,41084.306218,41110.890384,1609.721689
2025-01-04T07:39:00Z,41110.890384,41173.835651,41093.724884,41141.119356,1884.628653
2025-01-04T07:40:00Z,41141.119356,41223.555324,41123.776523,41212.762230,2035.932512
2025-01-04T07:41:00Z,41212.762230,41232.867270,41176.713211,41194.736483,2991.639167
2025-01-04T07:42:00Z,41194.736483,41211.045783,41148.397320,41169.045563,3992.748248
2025-01-04T07:43:00Z,41169.045563,41205.991612,41154.295733,41190.991153,3556.276342
2025-01-04T07:44:00Z,41190.991153,41211.481612,41156.382191,41196.921721,2043.712341
2025-01-04T07:45:00Z,41196.921721,41211.151881,41180.305533,41186.784785,4013.205600
2025-01-04T07:46:00Z,41186.784785,41222.963284,41177.997217,41207.611340,2552.486165
2025-01-04T07:47:00Z,41207.611340,41219.564075,41156.383692,41166.479314,3878.988887
2025-01-04T07:48:00Z,41166.479314,41202.881030,41127.054789,41151.268357,3790.392643
2025-01-04T07:49:00Z,41151.268357,41169.808942,41130.106233,41140.275636,2961.305005
2025-01-04T07:50:00Z,41140.275636,41166.746965,41125.601767,41139.275340,1563.109793
2025-01-04T07:51:00Z,41139.275340,41158.730563,41130.986408,41143.281118,2205.509969
2025-01-04T07:52:00Z,41143.281118,41156.585333,41087.779280,41110.824888,2359.569408
2025-01-04T07:53:00Z,41110.824888,41118.368518,41108.599299,41110.063666,2034.726361
2025-01-04T07:54:00Z,41110.063666,41133.698813,41105.637257,41113.865891,4094.381377
2025-01-04T07:55:00Z,41113.865891,41150.313931,41043.584648,41080.045201,3279.574316
2025-01-04T07:56:00Z,41080.045201,41103.008845,41011.413478,41025.628725,2242.332994
2025-01-04T07:57:00Z,41025.628725,41085.845351,41007.965427,41072.702215,7606.161382
2025-01-04T07:58:00Z,41072.702215,41075.963690,41020.326486,41021.304538,1063.528771
2025-01-04T07:59:00Z,41021.304538,41033.925765,40977.323888,40987.034038,3611.991136
2025-01-04T08:00:00Z,40987.034038,41018.066521,40986.078716,41012.961740,4988.738618
2025-01-04T08:01:00Z,41012.961740,41030.030232,40996.031289,41021.548486,5068.979167
2025-01-04T08:02:00Z,41021.548486,41049.130497,41009.436586,41036.859697,4384.151133
2025-01-04T08:03:00Z,41036.859697,41060.413047,41009.898600,41031.225838,4098.563171
2025-01-04T08:04:00Z,41031.225838,41054.557920,41020.656808,41045.275626,6273.797956
2025-01-04T08:05:00Z,41045.275626,41060.501223,41004.734882,41013.296827,1823.687190
2025-01-04T08:06:00Z,41013.296827,41030.059702,40998.880449,41019.649346,4715.109389
2025-01-04T08:07:00Z,41019.649346,41028.587932,40988.983745,40996.200860,3624.821341
2025-01-04T08:08:00Z,40996.200860,41006.441976,40966.589527,40972.747068,3797.399844
2025-01-04T08:09:00Z,40972.747068,40985.812459,40926.951973,40943.024895,8770.662661
2025-01-04T08:10:00Z,40943.024895,40974.357839,40928.787548,40953.047125,1338.911128
2025-01-04T08:11:00Z,40953.047125,41008.360706,40931.777597,40987.604684,4084.488951
2025-01-04T08:12:00Z,40987.604684,40992.422456,40960.180076,40980.281721,2171.251478
2025-01-04T08:13:00Z,40980.281721,41007.710404,40966.178561,40985.989888,3706.035402
2025-01-04T08:14:00Z,40985.989888,40999.899332,40935.891850,40947.614002,3489.573380
2025-01-04T08:15:00Z,40947.614002,40983.987480,40886.105771,40924.194938,4750.816486
2025-01-04T08:16:00Z,40924.194938,40928.285517,40902.189254,40915.122348,1392.285566
2025-01-04T08:17:00Z,40915.122348,40941.856544,40907.889349,40931.910509,3172.853801
2025-01-04T08:18:00Z,40931.910509,40938.903489,40898.766110,40919.566661,3126.075330
2025-01-04T08:19:00Z,40919.566661,40977.863373,40913.929274,40965.028371,4571.008160
2025-01-04T08:20:00Z,40965.028371,40971.462685,40927.451608,40935.222823,2262.195573
2025-01-04T08:21:00Z,40935.222823,40948.470792,40911.297584,40924.133397,3318.686937
2025-01-04T08:22:00Z,40924.133397,40988.243718,40900.744878,40954.077951,5724.031848
2025-01-04T08:23:00Z,40954.077951,40999.465135,40937.870499,40954.498254,6661.716670
2025-01-04T08:24:00Z,40954.498254,40976.682453,40927.104912,40958.786167,1303.217534
2025-01-04T08:25:00Z,40958.786167,40991.865370,40907.351004,40940.146394,4383.710222
2025-01-04T08:26:00Z,40940.146394,40982.349522,40920.794062,40961.819167,3470.032229
2025-01-04T08:27:00Z,40961.819167,40975.441610,40958.572048,40965.688082,2453.123478
2025-01-04T08:28:00Z,40965.688082,40986.456861,40935.186820,40956.764735,4953.397569
2025-01-04T08:29:00Z,40956.764735,40971.825648,40932.934582,40939.789033,2693.601108
2025-01-04T08:30:00Z,40939.789033,40966.529103,40893.016358,40926.648162,4186.991879
2025-01-04T08:31:00Z,40926.648162,40947.598950,40863.370050,40904.185766,2272.457252
2025-01-04T08:32:00Z,40904.185766,40914.630996,40870.947499,40904.592370,3176.630618
2025-01-04T08:33:00Z,40904.592370,40919.030171,40863.964342,40880.822995,3050.235267
2025-01-04T08:34:00Z,40880.822995,40900.082902,40857.497117,40866.915270,2433.513277
2025-01-04T08:35:00Z,40866.915270,40965.321205,40852.897997,40927.715094,1553.124699
2025-01-04T08:36:00Z,40927.715094,40946.437073,40922.094187,40928.876856,3590.501395
2025-01-04T08:37:00Z,40928.876856,40968.535134,40924.409820,40958.285094,3554.143259
2025-01-04T08:38:00Z,40958.285094,40965.169517,40917.650721,40930.700704,2470.371859
2025-01-04T08:39:00Z,40930.700704,40941.261311,40923.268774,40930.979717,4864.699514
2025-01-04T08:40:00Z,40930.979717,40953.843872,40913.499167,40949.678670,4490.246272
2025-01-04T08:41:00Z,40949.678670,40974.648091,40902.350599,40917.755919,4903.052112
2025-01-04T08:42:00Z,40917.755919,40922.547790,40898.987844,40919.225172,4127.519486
2025-01-04T08:43:00Z,40919.225172,40987.228335,40911.228893,40969.095594,3067.901362
2025-01-04T08:44:00Z,40969.095594,41003.823696,40898.576670,40917.311447,3047.076857
2025-01-04T08:45:00Z,40917.311447,40935.571402,40887.518534,40904.469125,3377.434783
2025-01-04T08:46:00Z,40904.469125,40919.934684,40852.434682,40878.786591,3643.067185
2025-01-04T08:47:00Z,40878.786591,40895.778387,40851.278390,40868.072464,2209.291163
2025-01-04T08:48:00Z,40868.072464,40878.538068,40828.236206,40858.128177,3506.507345
2025-01-04T08:49:00Z,40858.128177,40861.170880,40832.565211,40837.705998,2828.646959
2025-01-04T08:50:00Z,40837.705998,40850.718331,40835.945373,40845.143398,3657.147369
2025-01-04T08:51:00Z,40845.143398,40849.115047,40837.474856,40840.189225,4611.272356
2025-01-04T08:52:00Z,40840.189225,40880.786237,40829.635981,40867.192813,4119.013686
2025-01-04T08:53:00Z,40867.192813,40912.419800,40854.927054,40901.858454,3334.035679
2025-01-04T08:54:00Z,40901.858454,40927.569025,40864.415345,40877.383530,1838.564976
2025-01-04T08:55:00Z,40877.383530,40906.363139,40870.265884,40884.768677,2256.095793
2025-01-04T08:56:00Z,40884.768677,40921.410668,40881.976310,40913.788888,2455.549839
2025-01-04T08:57:00Z,40913.788888,40924.331607,40897.589615,40908.071649,1631.132221
2025-01-04T08:58:00Z,40908.071649,40913.540844,40899.948911,40909.494144,3065.150353
2025-01-04T08:59:00Z,40909.494144,40945.283880,40885.585603,40920.505685,942.568752
2025-01-04T09:00:00Z,40920.505685,40953.657679,40882.588779,40911.634878,4563.966501
2025-01-04T09:01:00Z,40911.634878,40928.764633,40903.809845,40921.694197,2128.556901
2025-01-04T09:02:00Z,40921.694197,40961.904444,40894.671150,40930.567419,3313.738721
2025-01-04T09:03:00Z,40930.567419,40941.799267,40919.568121,40934.106407,2068.591827
2025-01-04T09:04:00Z,40934.106407,40966.987527,40920.851418,40950.043480,4234.522885
2025-01-04T09:05:00Z,40950.043480,40958.308926,40897.259790,40908.572367,3471.073295
2025-01-04T09:06:00Z,40908.572367,40958.841387,40900.871984,40944.962332,4934.516521
2025-01-04T09:07:00Z,40944.962332,40951.265118,40890.470170,40901.809068,3899.577292
2025-01-04T09:08:00Z,40901.809068,40941.480234,40897.230543,40932.968725,1215.603323
2025-01-04T09:09:00Z,40932.968725,40938.713405,40906.097008,40914.215287,3759.909446
2025-01-04T09:10:00Z,40914.215287,40929.075924,40869.751926,40883.553137,3138.012919
2025-01-04T09:11:00Z,40883.553137,40899.230061,40832.284257,40850.915415,1149.986140
2025-01-04T09:12:00Z,40850.915415,40882.782928,40838.093217,40872.047329,3492.634725
2025-01-04T09:13:00Z,40872.047329,40888.023178,40867.970865,40874.816439,4037.004222
2025-01-04T09:14:00Z,40874.816439,40885.746439,40791.053665,40816.498727,3671.526333
2025-01-04T09:15:00Z,40816.498727,40826.434623,40779.042412,40793.808583,3893.316073
2025-01-04T09:16:00Z,40793.808583,40811.345859,40780.097261,40788.723424,2195.895477
2025-01-04T09:17:00Z,40788.723424,40806.978175,40766.599049,40785.516339,4403.152627
2025-01-04T09:18:00Z,40785.516339,40852.568216,40773.723368,40843.523016,1648.261450
2025-01-04T09:19:00Z,40843.523016,40859.983620,40822.261168,40841.525791,3317.940121
2025-01-04T09:20:00Z,40841.525791,40854.480479,40805.753940,40817.746826,2095.133251
2025-01-04T09:21:00Z,40817.746826,40855.982791,40761.390636,40796.795690,2612.918721
2025-01-04T09:22:00Z,40796.795690,40828.378534,40789.651396,40809.452287,2776.986342
2025-01-04T09:23:00Z,40809.452287,40816.591926,40794.292206,40795.902588,3945.494736
2025-01-04T09:24:00Z,40795.902588,40803.046193,40774.889362,40791.399811,1504.392323
2025-01-04T09:25:00Z,40791.399811,40818.058224,40786.616628,40802.464672,3603.586384
2025-01-04T09:26:00Z,40802.464672,40832.758741,40750.593355,40765.893983,2667.345020
2025-01-04T09:27:00Z,40765.893983,40832.356987,40752.581868,40821.741000,3935.791634
2025-01-04T09:28:00Z,40821.741000,40862.227772,40802.649556,40833.110284,1476.672211
2025-01-04T09:29:00Z,40833.110284,40840.050676,40811.945973,40821.705685,5466.105688
2025-01-04T09:30:00Z,40821.705685,40834.858761,40812.592985,40830.714725,2547.223551
2025-01-04T09:31:00Z,40830.714725,40869.916122,40817.785340,40853.811844,817.837776
2025-01-04T09:32:00Z,40853.811844,40898.951687,40813.348094,40837.800997,2849.948819
2025-01-04T09:33:00Z,40837.800997,40871.620372,40764.110495,40790.596601,3071.444048
2025-01-04T09:34:00Z,40790.596601,40806.808582,40757.475963,40769.393103,3591.876252
2025-01-04T09:35:00Z,40769.393103,40779.056092,40675.254019,40693.061238,1448.804593
2025-01-04T09:36:00Z,40693.061238,40699.318481,40684.283655,40690.636081,1404.615705
2025-01-04T09:37:00Z,40690.636081,40711.079578,40667.100513,40704.541495,7913.253117
2025-01-04T09:38:00Z,40704.541495,40745.060146,40671.808994,40719.517838,7010.338294
2025-01-04T09:39:00Z,40719.517838,40791.936273,40707.328477,40757.068895,3578.418838
2025-01-04T09:40:00Z,40757.068895,40787.114196,40741.521788,40773.085008,6685.557563
2025-01-04T09:41:00Z,40773.085008,40797.850692,40762.675091,40791.734212,5608.821860
2025-01-04T09:42:00Z,40791.734212,40800.555448,40777.171706,40779.525686,1921.862290
2025-01-04T09:43:00Z,40779.525686,40782.813679,40735.134985,40749.695371,2077.090942
2025-01-04T09:44:00Z,40749.695371,40753.845140,40731.475304,40733.705026,5257.002750
2025-01-04T09:45:00Z,40733.705026,40745.949510,40707.467463,40717.230443,4001.848015
2025-01-04T09:46:00Z,40717.230443,40732.050074,40666.769471,40693.981958,1192.856113
2025-01-04T09:47:00Z,40693.981958,40699.837992,40643.638740,40647.748023,2017.799291
2025-01-04T09:48:00Z,40647.748023,40658.525079,40634.378371,40643.859393,1621.948765
2025-01-04T09:49:00Z,40643.859393,40666.005807,40616.926437,40656.926949,2608.071937
2025-01-04T09:50:00Z,40656.926949,40666.607144,40622.237488,40656.312772,2005.394726
2025-01-04T09:51:00Z,40656.312772,40745.690887,40647.999070,40736.405747,2624.118231
2025-01-04T09:52:00Z,40736.405747,40811.228461,40705.465332,40770.569499,7713.807137
2025-01-04T09:53:00Z,40770.569499,40788.197892,40741.888720,40764.738510,3194.662419
2025-01-04T09:54:00Z,40764.738510,40796.451598,40738.818550,40764.746829,4217.323303
2025-01-04T09:55:00Z,40764.746829,40782.674425,40745.868722,40760.620847,3574.611010
2025-01-04T09:56:00Z,40760.620847,40831.439788,40742.220619,40818.625658,3109.302708
2025-01-04T09:57:00Z,40818.625658,40823.168394,40772.594319,40777.763920,7826.115462
2025-01-04T09:58:00Z,40777.763920,40794.600273,40735.866024,40756.876526,7140.254706
2025-01-04T09:59:00Z,40756.876526,40799.096347,40713.985729,40766.461779,2810.923147
2025-01-04T10:00:00Z,40766.461779,40796.392078,40743.892936,40758.381310,1847.838902
2025-01-04T10:01:00Z,40758.381310,40844.918623,40753.193453,40831.134124,2114.762059
2025-01-04T10:02:00Z,40831.134124,40881.000948,40817.173342,40856.743477,9063.273830
2025-01-04T10:03:00Z,40856.743477,40865.989041,40831.467203,40842.173696,3081.606811
2025-01-04T10:04:00Z,40842.173696,40931.527792,40829.184786,40918.475698,3200.706197
2025-01-04T10:05:00Z,40918.475698,40924.646000,40906.087048,40914.242998,1013.005735
2025-01-04T10:06:00Z,40914.242998,40950.914993,40876.524779,40930.170135,2264.376604
2025-01-04T10:07:00Z,40930.170135,40960.362242,40925.576806,40943.156852,4031.598994
2025-01-04T10:08:00Z,40943.156852,40950.418702,40893.472506,40901.169572,2492.926847
2025-01-04T10:09:00Z,40901.169572,40982.507052,40888.945542,40970.265437,2540.836171
2025-01-04T10:10:00Z,40970.265437,41021.042314,40963.232083,40988.680317,4041.407224
2025-01-04T10:11:00Z,40988.680317,41007.327908,40959.256112,40964.211921,2237.786742
2025-01-04T10:12:00Z,40964.211921,40997.627890,40931.459527,40948.920614,1860.454397
2025-01-04T10:13:00Z,40948.920614,40956.593743,40928.732673,40946.329660,5501.565765
2025-01-04T10:14:00Z,40946.329660,40998.141859,40926.205249,40965.058723,5033.418215
2025-01-04T10:15:00Z,40965.058723,40974.449972,40932.435235,40943.194777,6423.635699
2025-01-04T10:16:00Z,40943.194777,40966.584375,40916.003312,40929.369440,1675.154000
2025-01-04T10:17:00Z,40929.369440,41004.107890,40916.231204,40996.639807,4656.775075
2025-01-04T10:18:00Z,40996.639807,41005.025019,40954.822222,40967.650287,4522.829082
2025-01-04T10:19:00Z,40967.650287,41060.260219,40960.065327,41052.667090,3818.804526
2025-01-04T10:20:00Z,41052.667090,41060.027960,40983.542113,40990.796730,1759.956795
2025-01-04T10:21:00Z,40990.796730,41004.826304,40976.907025,40982.252250,3896.897699
2025-01-04T10:22:00Z,40982.252250,41056.278968,40953.311709,41043.344470,4165.054598
2025-01-04T10:23:00Z,41043.344470,41095.275367,41027.455153,41078.555901,1501.886760
2025-01-04T10:24:00Z,41078.555901,41081.172187,41069.692397,41071.274276,2471.996959
2025-01-04T10:25:00Z,41071.274276,41087.159472,41061.496677,41075.912709,2086.125206
2025-01-04T10:26:00Z,41075.912709,41081.186966,41051.096017,41058.464043,2755.783218
2025-01-04T10:27:00Z,41058.464043,41134.097749,41050.185475,41114.011191,2264.345985
2025-01-04T10:28:00Z,41114.011191,41188.456407,41101.215253,41153.993534,3332.760604
2025-01-04T10:29:00Z,41153.993534,41175.186157,41147.879363,41160.151029,5314.689466
2025-01-04T10:30:00Z,41160.151029,41170.520472,41145.606850,41162.916147,3232.344810
2025-01-04T10:31:00Z,41162.916147,41205.210750,41108.647116,41142.143248,2453.293094
2025-01-04T10:32:00Z,41142.143248,41236.248614,41098.131595,41203.263319,2165.297296
2025-01-04T10:33:00Z,41203.263319,41281.689756,41180.521784,41265.411753,1974.381979
2025-01-04T10:34:00Z,41265.411753,41337.614424,41255.047919,41327.170425,1776.222976
2025-01-04T10:35:00Z,41327.170425,41392.507716,41314.525897,41387.802794,4956.854229
2025-01-04T10:36:00Z,41387.802794,41411.593726,41383.501111,41407.447823,1775.849477
2025-01-04T10:37:00Z,41407.447823,41422.582734,41378.276669,41404.479506,3661.256741
2025-01-04T10:38:00Z,41404.479506,41481.559696,41388.932797,41465.348510,2793.200146
2025-01-04T10:39:00Z,41465.348510,41527.605651,41453.364023,41506.386529,2669.776096
2025-01-04T10:40:00Z,41506.386529,41587.022870,41488.464047,41564.614335,3203.219251
2025-01-04T10:41:00Z,41564.614335,41623.091446,41543.281806,41617.963826,1556.487987
2025-01-04T10:42:00Z,41617.963826,41626.317018,41569.415594,41572.394584,1512.163741
2025-01-04T10:43:00Z,41572.394584,41617.340897,41495.162068,41520.884504,2647.677855
2025-01-04T10:44:00Z,41520.884504,41531.974300,41499.169209,41508.393393,4630.317952
2025-01-04T10:45:00Z,41508.393393,41527.902321,41501.160400,41508.056567,2573.353391
2025-01-04T10:46:00Z,41508.056567,41558.724528,41494.122466,41547.208800,4010.312987
2025-01-04T10:47:00Z,41547.208800,41579.974609,41537.546440,41566.082880,4161.256327
2025-01-04T10:48:00Z,41566.082880,41571.219608,41523.217087,41550.854714,2059.420813
2025-01-04T10:49:00Z,41550.854714,41617.020595,41513.368407,41584.721695,2495.291772
2025-01-04T10:50:00Z,41584.721695,41599.204070,41530.220239,41548.542405,4374.378716
2025-01-04T10:51:00Z,41548.542405,41630.669265,41536.361407,41615.705400,3778.859590
2025-01-04T10:52:00Z,41615.705400,41641.722712,41598.488482,41611.472038,2793.101034
2025-01-04T10:53:00Z,41611.472038,41615.068803,41596.499163,41601.587723,4567.369848
2025-01-04T10:54:00Z,41601.587723,41698.534838,41562.599660,41671.643086,4052.854791
2025-01-04T10:55:00Z,41671.643086,41720.875699,41660.668879,41714.739978,2971.993418
2025-01-04T10:56:00Z,41714.739978,41741.405326,41651.500008,41663.974159,2777.741886
2025-01-04T10:57:00Z,41663.974159,41683.770838,41620.919812,41645.674881,1866.933841
2025-01-04T10:58:00Z,41645.674881,41693.786158,41642.108455,41684.814210,3435.398175
2025-01-04T10:59:00Z,41684.814210,41703.489169,41680.242250,41696.593934,2752.635051
2025-01-04T11:00:00Z,41696.593934,41703.960151,41658.573396,41664.783351,2236.073916
2025-01-04T11:01:00Z,41664.783351,41741.728120,41651.329815,41700.695080,2991.763301
2025-01-04T11:02:00Z,41700.695080,41759.776622,41680.130558,41744.247279,1771.977610
2025-01-04T11:03:00Z,41744.247279,41780.369619,41725.357698,41774.652037,3277.264108
2025-01-04T11:04:00Z,41774.652037,41789.990150,41761.712072,41782.476923,2178.541781
2025-01-04T11:05:00Z,41782.476923,41813.923754,41757.983463,41788.671079,5093.764639
2025-01-04T11:06:00Z,41788.671079,41811.810041,41776.191942,41801.452699,5194.166979
2025-01-04T11:07:00Z,41801.452699,41824.490097,41752.854222,41777.217088,3547.750763
2025-01-04T11:08:00Z,41777.217088,41782.931046,41758.943997,41763.185849,3297.223239
2025-01-04T11:09:00Z,41763.185849,41780.914426,41726.198537,41748.282074,4407.728974
2025-01-04T11:10:00Z,41748.282074,41758.981355,41690.543201,41695.570908,5983.436458
2025-01-04T11:11:00Z,41695.570908,41726.545684,41609.835602,41648.819436,1558.033672
2025-01-04T11:12:00Z,41648.819436,41672.520382,41633.148450,41653.476600,5035.648173
2025-01-04T11:13:00Z,41653.476600,41666.582365,41645.537084,41656.144068,4121.789725
2025-01-04T11:14:00Z,41656.144068,41669.910316,41599.794524,41609.263182,1888.556545
2025-01-04T11:15:00Z,41609.263182,41635.437016,41590.183222,41621.189985,2712.348910
2025-01-04T11:16:00Z,41621.189985,41626.653921,41595.252325,41596.386411,3814.343296
2025-01-04T11:17:00Z,41596.386411,41636.841799,41585.127618,41627.974311,2100.810145
2025-01-04T11:18:00Z,41627.974311,41651.509232,41621.431770,41640.738364,3582.738054
2025-01-04T11:19:00Z,41640.738364,41676.940010,41618.625452,41651.014226,2552.366992
2025-01-04T11:20:00Z,41651.014226,41753.374912,41632.747424,41721.591199,3839.212225
2025-01-04T11:21:00Z,41721.591199,41728.095400,41699.042135,41705.186809,4528.443171
2025-01-04T11:22:00Z,41705.186809,41746.221505,41683.875229,41716.968471,10780.695688
2025-01-04T11:23:00Z,41716.968471,41768.307697,41704.261736,41727.319312,9096.936766
2025-01-04T11:24:00Z,41727.319312,41758.363650,41629.844950,41654.089537,5893.040942
2025-01-04T11:25:00Z,41654.089537,41749.100864,41637.353901,41745.907273,3280.784887
2025-01-04T11:26:00Z,41745.907273,41785.362832,41720.932892,41753.069731,2512.337119
2025-01-04T11:27:00Z,41753.069731,41767.523974,41735.267334,41761.946393,1946.354382
2025-01-04T11:28:00Z,41761.946393,41794.816833,41696.801656,41734.762893,2129.905036
2025-01-04T11:29:00Z,41734.762893,41782.455773,41699.180595,41756.116834,3321.362849
2025-01-04T11:30:00Z,41756.116834,41761.438187,41673.542557,41691.443925,4160.580010
2025-01-04T11:31:00Z,41691.443925,41697.895174,41658.516701,41665.006785,3253.849788
2025-01-04T11:32:00Z,41665.006785,41674.716063,41612.072839,41623.572519,2844.894609
2025-01-04T11:33:00Z,41623.572519,41643.076179,41556.178938,41592.466252,4376.854824
2025-01-04T11:34:00Z,41592.466252,41604.869660,41581.519960,41598.832830,2758.353850
2025-01-04T11:35:00Z,41598.832830,41654.520219,41597.549027,41650.484217,2744.762961
2025-01-04T11:36:00Z,41650.484217,41656.610872,41636.625926,41648.074707,1501.435953
2025-01-04T11:37:00Z,41648.074707,41688.396716,41625.124478,41644.821769,1798.022259
2025-01-04T11:38:00Z,41644.821769,41696.168672,41614.122021,41679.028026,1672.334561
2025-01-04T11:39:00Z,41679.028026,41704.126318,41674.129374,41696.927123,3171.024419
2025-01-04T11:40:00Z,41696.927123,41713.694626,41677.678302,41684.168065,3910.156974
2025-01-04T11:41:00Z,41684.168065,41704.100493,41668.097595,41679.531420,2681.934718
2025-01-04T11:42:00Z,41679.531420,41690.169229,41673.511860,41685.077096,4352.713885
2025-01-04T11:43:00Z,41685.077096,41690.335875,41666.008835,41671.155315,2378.438236
2025-01-04T11:44:00Z,41671.155315,41728.119588,41656.868602,41705.267751,5558.937497
2025-01-04T11:45:00Z,41705.267751,41739.260879,41667.172766,41703.972716,3447.711797
2025-01-04T11:46:00Z,41703.972716,41729.548800,41668.888556,41687.328216,3697.220881
2025-01-04T11:47:00Z,41687.328216,41730.413769,41653.521833,41719.728207,9306.357271
2025-01-04T11:48:00Z,41719.728207,41766.601749,41698.863766,41758.079802,3050.131728
2025-01-04T11:49:00Z,41758.079802,41777.182734,41699.625938,41739.652244,3616.325402
2025-01-04T11:50:00Z,41739.652244,41806.304552,41733.943718,41799.721471,2194.973579
2025-01-04T11:51:00Z,41799.721471,41837.118354,41768.724454,41778.304098,2631.052467
2025-01-04T11:52:00Z,41778.304098,41815.548860,41749.646657,41759.990980,2492.957340
2025-01-04T11:53:00Z,41759.990980,41844.621322,41718.636815,41822.858048,11990.118345
2025-01-04T11:54:00Z,41822.858048,41882.997345,41814.853552,41877.476201,1071.465714
2025-01-04T11:55:00Z,41877.476201,41914.117796,41860.775067,41902.313231,4928.127270
2025-01-04T11:56:00Z,41902.313231,41910.646738,41819.821838,41827.192614,2375.855716
2025-01-04T11:57:00Z,41827.192614,41837.882851,41803.488955,41821.970880,732.215118
2025-01-04T11:58:00Z,41821.970880,41858.206068,41797.397482,41808.833333,3752.521367
2025-01-04T11:59:00Z,41808.833333,41843.889453,41790.869965,41828.453723,2678.460990
2025-01-04T12:00:00Z,41828.453723,41922.304604,41794.666175,41884.727999,1048.142276
2025-01-04T12:01:00Z,41884.727999,41911.292264,41878.418832,41900.506419,3284.564331
2025-01-04T12:02:00Z,41900.506419,41927.585853,41886.350392,41918.511269,3306.560798
2025-01-04T12:03:00Z,41918.511269,41937.243861,41880.043859,41900.621093,5218.225265
2025-01-04T12:04:00Z,41900.621093,41905.560012,41899.273110,41902.307663,3342.882181
2025-01-04T12:05:00Z,41902.307663,41936.259936,41869.199828,41894.551079,3197.127856
2025-01-04T12:06:00Z,41894.551079,41939.993059,41868.067338,41926.229963,2213.208301
2025-01-04T12:07:00Z,41926.229963,41948.898428,41883.082235,41917.123444,4520.572730
2025-01-04T12:08:00Z,41917.123444,41932.492539,41873.710561,41888.437072,10482.694166
2025-01-04T12:09:00Z,41888.437072,41922.619909,41878.364374,41911.775130,5168.716612
2025-01-04T12:10:00Z,41911.775130,41914.950508,41890.109068,41891.876214,2351.084393
2025-01-04T12:11:00Z,41891.876214,41896.871271,41854.239361,41856.696291,1817.444606
2025-01-04T12:12:00Z,41856.696291,41881.899800,41842.095236,41850.400395,1967.486944
2025-01-04T12:13:00Z,41850.400395,41939.806242,41824.335579,41907.430649,3914.222272
2025-01-04T12:14:00Z,41907.430649,41954.140740,41901.837185,41945.442356,4872.839581
2025-01-04T12:15:00Z,41945.442356,42003.232853,41934.332713,41989.451656,5717.089735
2025-01-04T12:16:00Z,41989.451656,42016.078754,41961.635252,42005.585643,2014.515115
2025-01-04T12:17:00Z,42005.585643,42038.682654,41992.000421,42032.235292,1806.339701
2025-01-04T12:18:00Z,42032.235292,42063.515722,41977.158490,42009.724648,2023.241553
2025-01-04T12:19:00Z,42009.724648,42066.748073,42001.830419,42057.278502,3104.944864
2025-01-04T12:20:00Z,42057.278502,42127.173109,42040.100607,42105.221072,2331.049474
2025-01-04T12:21:00Z,42105.221072,42107.568268,42046.729384,42058.543114,3612.255481
2025-01-04T12:22:00Z,42058.543114,42066.266358,42012.894518,42022.818305,1283.379352
2025-01-04T12:23:00Z,42022.818305,42097.137015,42014.104177,42068.339770,5372.512487
2025-01-04T12:24:00Z,42068.339770,42078.663674,42052.541538,42055.295753,4044.193656
2025-01-04T12:25:00Z,42055.295753,42088.341159,42005.204236,42040.758983,1839.100356
2025-01-04T12:26:00Z,42040.758983,42077.643750,42026.983821,42072.516133,4956.569265
2025-01-04T12:27:00Z,42072.516133,42108.916187,42056.724200,42073.660372,3312.551815
2025-01-04T12:28:00Z,42073.660372,42084.206032,42038.800137,42048.941622,3669.420353
2025-01-04T12:29:00Z,42048.941622,42083.847512,42023.981840,42069.136595,1554.891806
2025-01-04T12:30:00Z,42069.136595,42172.289375,42046.953163,42139.143838,3404.056399
2025-01-04T12:31:00Z,42139.143838,42151.387957,42116.493095,42125.391163,4415.244390
2025-01-04T12:32:00Z,42125.391163,42143.119304,42084.117056,42091.533755,4474.329803
2025-01-04T12:33:00Z,42091.533755,42116.784474,42012.748708,42055.176737,2440.291616
2025-01-04T12:34:00Z,42055.176737,42086.631281,41987.560587,42027.378034,5265.355918
2025-01-04T12:35:00Z,42027.378034,42084.195518,42014.092825,42059.215525,3643.047751
2025-01-04T12:36:00Z,42059.215525,42120.717863,42057.701806,42119.252465,2035.921449
2025-01-04T12:37:00Z,42119.252465,42140.234813,42105.031422,42117.784101,2225.982787
2025-01-04T12:38:00Z,42117.784101,42140.665791,42056.963873,42077.127735,2092.897969
2025-01-04T12:39:00Z,42077.127735,42079.688024,42056.434039,42061.077585,2422.898914
2025-01-04T12:40:00Z,42061.077585,42084.947815,42031.090004,42054.186390,1235.887723
2025-01-04T12:41:00Z,42054.186390,42085.110738,42029.497772,42049.913659,1682.260615
2025-01-04T12:42:00Z,42049.913659,42064.052644,41990.197841,42003.246464,1998.183754
2025-01-04T12:43:00Z,42003.246464,42043.621488,41986.794175,42027.747770,2731.226806
2025-01-04T12:44:00Z,42027.747770,42099.205221,42022.699588,42091.030038,1394.722158
2025-01-04T12:45:00Z,42091.030038,42099.378415,42035.421340,42041.645008,2239.125476
2025-01-04T12:46:00Z,42041.645008,42068.178309,42017.772491,42051.307962,2157.350931
2025-01-04T12:47:00Z,42051.307962,42070.316093,41963.111876,41994.883326,2595.373872
2025-01-04T12:48:00Z,41994.883326,42052.553279,41979.265044,42036.914985,6397.958048
2025-01-04T12:49:00Z,42036.914985,42048.204039,41992.323760,42001.680720,1363.664912
2025-01-04T12:50:00Z,42001.680720,42051.265298,41997.940054,42047.752492,1914.463800
2025-01-04T12:51:00Z,42047.752492,42069.323318,42030.470043,42056.562128,4754.251355
2025-01-04T12:52:00Z,42056.562128,42078.896985,42015.388562,42032.324428,8314.121026
2025-01-04T12:53:00Z,42032.324428,42042.428264,41971.131684,41985.626813,2953.506586
2025-01-04T12:54:00Z,41985.626813,41993.401882,41947.154832,41958.620058,3119.568090
2025-01-04T12:55:00Z,41958.620058,41965.707663,41930.783425,41950.907564,3490.025016
2025-01-04T12:56:00Z,41950.907564,41968.870549,41908.339138,41936.432381,4322.671803
2025-01-04T12:57:00Z,41936.432381,41998.280970,41921.538682,41981.572554,2160.637500
2025-01-04T12:58:00Z,41981.572554,41987.114144,41958.109850,41965.869227,9500.085038
2025-01-04T12:59:00Z,41965.869227,41990.518363,41891.162701,41911.681892,5532.633051
2025-01-04T13:00:00Z,41911.681892,41957.788787,41905.691912,41950.726378,4977.200164
2025-01-04T13:01:00Z,41950.726378,41965.917609,41933.863519,41948.034902,4105.871743
2025-01-04T13:02:00Z,41948.034902,41975.121693,41931.279074,41952.679727,1370.896717
2025-01-04T13:03:00Z,41952.679727,41964.814038,41893.906533,41908.551407,3721.082145
2025-01-04T13:04:00Z,41908.551407,41998.383489,41901.852031,41986.085700,4211.700373
2025-01-04T13:05:00Z,41986.085700,42003.826489,41975.114057,42001.106596,2020.600228
2025-01-04T13:06:00Z,42001.106596,42011.669471,41967.364944,41980.996436,4684.734649
2025-01-04T13:07:00Z,41980.996436,42021.005530,41968.532739,41997.694016,3867.488792
2025-01-04T13:08:00Z,41997.694016,42011.717777,41970.245347,41984.537715,2362.485649
2025-01-04T13:09:00Z,41984.537715,41991.749235,41948.145718,41956.326179,2855.590994
2025-01-04T13:10:00Z,41956.326179,41957.462448,41924.695165,41926.900916,2001.755736
2025-01-04T13:11:00Z,41926.900916,41967.199011,41919.499070,41959.908730,2194.583113
2025-01-04T13:12:00Z,41959.908730,41984.757260,41913.148562,41933.665132,3381.208453
2025-01-04T13:13:00Z,41933.665132,41941.619730,41919.500100,41930.138585,2413.419111
2025-01-04T13:14:00Z,41930.138585,41957.761986,41921.972714,41951.821325,3082.151823
2025-01-04T13:15:00Z,41951.821325,41992.092905,41863.643820,41887.338431,4185.253599
2025-01-04T13:16:00Z,41887.338431,41890.534428,41869.308369,41871.745211,1805.590553
2025-01-04T13:17:00Z,41871.745211,41938.424992,41866.994058,41926.459360,2000.459886
2025-01-04T13:18:00Z,41926.459360,41945.759333,41880.781010,41903.435421,1540.247399
2025-01-04T13:19:00Z,41903.435421,41922.875636,41855.536699,41863.891463,1832.004982
2025-01-04T13:20:00Z,41863.891463,41975.022846,41826.973088,41928.213403,2671.552181
2025-01-04T13:21:00Z,41928.213403,41974.412850,41897.471251,41952.474442,1759.325279
2025-01-04T13:22:00Z,41952.474442,41980.341427,41920.314030,41931.078801,1921.642901
2025-01-04T13:23:00Z,41931.078801,41954.167647,41923.087522,41938.173440,3789.086374
2025-01-04T13:24:00Z,41938.173440,41947.146359,41884.070854,41893.803095,3214.109275
2025-01-04T13:25:00Z,41893.803095,41930.355866,41830.187098,41840.200031,1737.244010
2025-01-04T13:26:00Z,41840.200031,41851.499550,41822.132669,41843.808512,1689.949109
2025-01-04T13:27:00Z,41843.808512,41849.030447,41801.687663,41807.689629,3356.960695
2025-01-04T13:28:00Z,41807.689629,41817.511333,41773.774195,41784.693069,6385.388546
2025-01-04T13:29:00Z,41784.693069,41850.315219,41758.285087,41839.914195,5391.910210
2025-01-04T13:30:00Z,41839.914195,41864.453473,41817.978157,41837.197196,1733.500401
2025-01-04T13:31:00Z,41837.197196,41846.775202,41778.376350,41798.628288,3557.862235
2025-01-04T13:32:00Z,41798.628288,41811.278285,41748.501688,41761.710212,3132.828438
2025-01-04T13:33:00Z,41761.710212,41780.260428,41733.929526,41743.829991,1603.237227
2025-01-04T13:34:00Z,41743.829991,41754.081214,41687.107941,41699.930672,3280.653246
2025-01-04T13:35:00Z,41699.930672,41761.772996,41671.200284,41745.307872,2391.100521
2025-01-04T13:36:00Z,41745.307872,41805.864638,41725.487593,41770.319001,2182.281552
2025-01-04T13:37:00Z,41770.319001,41799.497745,41738.669060,41781.828909,3644.659631
2025-01-04T13:38:00Z,41781.828909,41815.464323,41741.067504,41767.480723,2474.765092
2025-01-04T13:39:00Z,41767.480723,41809.965729,41743.916699,41797.331349,1644.121445
2025-01-04T13:40:00Z,41797.331349,41832.321316,41786.028948,41811.599727,1636.219362
2025-01-04T13:41:00Z,41811.599727,41854.285040,41804.601663,41840.437088,2493.556130
2025-01-04T13:42:00Z,41840.437088,41862.236467,41798.056694,41807.413868,5132.690346
2025-01-04T13:43:00Z,41807.413868,41814.958798,41718.400587,41734.168365,2453.877787
2025-01-04T13:44:00Z,41734.168365,41794.382402,41720.793207,41765.984233,6174.887783
2025-01-04T13:45:00Z,41765.984233,41848.622824,41732.392543,41816.681078,3248.878855
2025-01-04T13:46:00Z,41816.681078,41836.626728,41740.038793,41764.932833,3144.518897
2025-01-04T13:47:00Z,41764.932833,41775.924021,41731.470878,41738.787848,2047.836889
2025-01-04T13:48:00Z,41738.787848,41774.757498,41735.627345,41771.375438,2117.098938
2025-01-04T13:49:00Z,41771.375438,41805.109120,41749.624996,41776.805441,6094.610384
2025-01-04T13:50:00Z,41776.805441,41790.531359,41741.727481,41758.046647,4808.378102
2025-01-04T13:51:00Z,41758.046647,41774.224919,41689.122713,41701.052472,3803.611583
2025-01-04T13:52:00Z,41701.052472,41716.605955,41616.113420,41633.247860,3152.219234
2025-01-04T13:53:00Z,41633.247860,41663.781516,41558.177572,41576.533167,2332.866081
2025-01-04T13:54:00Z,41576.533167,41603.025887,41572.238780,41585.517495,8439.213367
2025-01-04T13:55:00Z,41585.517495,41596.044128,41547.378494,41557.102264,3197.788323
2025-01-04T13:56:00Z,41557.102264,41563.989723,41511.999624,41520.773514,5182.521580
2025-01-04T13:57:00Z,41520.773514,41541.910650,41503.104773,41513.127542,1024.735129
2025-01-04T13:58:00Z,41513.127542,41557.695450,41490.997954,41546.217908,3352.519588
2025-01-04T13:59:00Z,41546.217908,41559.727916,41496.696850,41532.711108,3597.650987
2025-01-04T14:00:00Z,41532.711108,41542.436659,41472.058891,41484.921101,5513.908173
2025-01-04T14:01:00Z,41484.921101,41501.173377,41434.547221,41446.243704,2322.416461
2025-01-04T14:02:00Z,41446.243704,41461.810246,41302.923366,41312.829116,6789.039966
2025-01-04T14:03:00Z,41312.829116,41327.418681,41264.306401,41271.726293,2756.530894
2025-01-04T14:04:00Z,41271.726293,41274.742698,41231.167345,41238.466008,2737.578786
2025-01-04T14:05:00Z,41238.466008,41261.567215,41228.005643,41254.198839,1509.209064
2025-01-04T14:06:00Z,41254.198839,41265.006185,41180.626676,41188.582081,1636.872878
2025-01-04T14:07:00Z,41188.582081,41228.599351,41135.980865,41154.286227,2174.458734
2025-01-04T14:08:00Z,41154.286227,41173.117841,41112.786435,41133.869645,1472.887902
2025-01-04T14:09:00Z,41133.869645,41166.401427,41095.366938,41150.643838,2674.789127
2025-01-04T14:10:00Z,41150.643838,41222.825106,41125.536546,41190.801701,2667.419080
2025-01-04T14:11:00Z,41190.801701,41219.425005,41166.135742,41187.002742,4556.484031
2025-01-04T14:12:00Z,41187.002742,41241.195946,41174.425765,41213.981790,5938.999287
2025-01-04T14:13:00Z,41213.981790,41264.408118,41200.920373,41252.385614,2410.158660
2025-01-04T14:14:00Z,41252.385614,41304.599797,41228.462732,41293.037855,2356.775187
2025-01-04T14:15:00Z,41293.037855,41304.887697,41248.246841,41287.666733,1908.269355
2025-01-04T14:16:00Z,41287.666733,41300.008219,41224.955958,41240.586527,1100.577776
2025-01-04T14:17:00Z,41240.586527,41246.375452,41205.180593,41216.438247,2138.819158
2025-01-04T14:18:00Z,41216.438247,41240.946618,41149.772081,41158.219352,1984.218357
2025-01-04T14:19:00Z,41158.219352,41176.393140,41112.389581,41127.197070,5123.199833
2025-01-04T14:20:00Z,41127.197070,41143.008595,41078.738251,41094.406296,3313.399892
2025-01-04T14:21:00Z,41094.406296,41110.923015,41054.508958,41093.190776,4561.886977
2025-01-04T14:22:00Z,41093.190776,41120.422247,41058.875982,41096.489401,3392.590729
2025-01-04T14:23:00Z,41096.489401,41126.668653,41091.829370,41113.186019,2364.935555
2025-01-04T14:24:00Z,41113.186019,41157.832383,41103.481232,41153.989591,2581.491985
2025-01-04T14:25:00Z,41153.989591,41170.794709,41106.355357,41136.370261,2534.561303
2025-01-04T14:26:00Z,41136.370261,41144.002425,41099.301755,41103.041103,3514.414135
2025-01-04T14:27:00Z,41103.041103,41109.141145,41077.229549,41081.384643,2992.512680
2025-01-04T14:28:00Z,41081.384643,41122.200107,41075.251313,41116.382385,4019.857283
2025-01-04T14:29:00Z,41116.382385,41126.090535,41111.927682,41122.052509,3211.889890
2025-01-04T14:30:00Z,41122.052509,41146.754642,41083.596835,41097.222985,3606.326713
2025-01-04T14:31:00Z,41097.222985,41101.718162,41063.807352,41070.735444,7710.321933
2025-01-04T14:32:00Z,41070.735444,41076.763933,41034.744807,41042.654639,1921.843882
2025-01-04T14:33:00Z,41042.654639,41054.862037,40980.621776,40995.885083,4990.553486
2025-01-04T14:34:00Z,40995.885083,41018.409970,40969.699288,40983.290264,2555.859093
2025-01-04T14:35:00Z,40983.290264,41036.011775,40974.485595,41015.008756,3452.076553
2025-01-04T14:36:00Z,41015.008756,41029.424100,40980.523517,40995.069164,4938.583024
2025-01-04T14:37:00Z,40995.069164,41026.286766,40959.940358,40996.149563,2352.847562
2025-01-04T14:38:00Z,40996.149563,41008.068784,40982.440828,40986.721752,4799.494073
2025-01-04T14:39:00Z,40986.721752,41042.211193,40960.811130,41029.554868,3515.598504
2025-01-04T14:40:00Z,41029.554868,41055.281001,40927.860025,40966.836033,5691.557701
2025-01-04T14:41:00Z,40966.836033,40978.806097,40939.301183,40948.518076,1427.742493
2025-01-04T14:42:00Z,40948.518076,41010.207881,40921.940167,40986.234355,691.272658
2025-01-04T14:43:00Z,40986.234355,41014.598388,40975.455828,40987.326721,3358.436502
2025-01-04T14:44:00Z,40987.326721,41004.241634,40941.394528,40946.759439,4188.555850
2025-01-04T14:45:00Z,40946.759439,40954.052278,40923.249796,40936.286702,3722.195408
2025-01-04T14:46:00Z,40936.286702,40946.164212,40896.659446,40907.253634,2111.304552
2025-01-04T14:47:00Z,40907.253634,40913.801562,40887.649723,40897.469567,3046.320922
2025-01-04T14:48:00Z,40897.469567,40910.427541,40880.815544,40891.704818,1688.356892
2025-01-04T14:49:00Z,40891.704818,40966.094446,40854.452153,40949.553303,3162.607180
2025-01-04T14:50:00Z,40949.553303,40960.827863,40906.132225,40926.108745,3790.835920
2025-01-04T14:51:00Z,40926.108745,40938.511930,40888.181666,40908.936477,2619.379082
2025-01-04T14:52:00Z,40908.936477,40926.330675,40886.332203,40895.313073,3525.401716
2025-01-04T14:53:00Z,40895.313073,40901.994742,40889.217887,40898.199181,5853.560482
2025-01-04T14:54:00Z,40898.199181,40909.660071,40860.623257,40899.903936,3192.219443
2025-01-04T14:55:00Z,40899.903936,40911.493922,40879.729451,40893.294774,3610.605260
2025-01-04T14:56:00Z,40893.294774,40895.198390,40870.309884,40874.872739,1702.613481
2025-01-04T14:57:00Z,40874.872739,40906.655916,40851.380939,40891.255543,2045.332165
2025-01-04T14:58:00Z,40891.255543,40903.017362,40859.081357,40877.682730,2254.687004
2025-01-04T14:59:00Z,40877.682730,40902.507127,40869.722636,40892.674222,2349.904563
2025-01-04T15:00:00Z,40892.674222,40914.144120,40884.673768,40900.419036,2998.954717
2025-01-04T15:01:00Z,40900.419036,40907.393200,40856.853668,40866.148759,1941.581137
2025-01-04T15:02:00Z,40866.148759,40887.591215,40842.880857,40856.532584,6340.559502
2025-01-04T15:03:00Z,40856.532584,40877.000347,40853.850939,40873.286753,2080.403842
2025-01-04T15:04:00Z,40873.286753,40912.939682,40795.196779,40830.216310,8077.758225
2025-01-04T15:05:00Z,40830.216310,40866.693920,40750.025259,40779.376866,3561.977553
2025-01-04T15:06:00Z,40779.376866,40784.061227,40739.881451,40749.573813,3155.744201
2025-01-04T15:07:00Z,40749.573813,40765.909649,40660.511381,40689.760723,4475.257599
2025-01-04T15:08:00Z,40689.760723,40711.584699,40553.117660,40592.682241,2983.964342
2025-01-04T15:09:00Z,40592.682241,40598.405760,40566.432442,40578.281751,4213.184151
2025-01-04T15:10:00Z,40578.281751,40631.691174,40553.546938,40596.871088,2109.558575
2025-01-04T15:11:00Z,40596.871088,40660.203305,40584.058424,40623.232243,2905.481954
2025-01-04T15:12:00Z,40623.232243,40697.320791,40603.567719,40659.001766,3612.235405
2025-01-04T15:13:00Z,40659.001766,40679.486607,40582.957014,40593.552961,1893.481886
2025-01-04T15:14:00Z,40593.552961,40644.445615,40573.098662,40617.290614,4120.469781
2025-01-04T15:15:00Z,40617.290614,40636.585739,40565.779196,40586.416372,3347.663148
2025-01-04T15:16:00Z,40586.416372,40592.046706,40516.526303,40523.970283,2811.310202
2025-01-04T15:17:00Z,40523.970283,40557.811002,40473.632245,40510.468059,4410.033300
2025-01-04T15:18:00Z,40510.468059,40522.363116,40456.767421,40466.554882,2215.126384
2025-01-04T15:19:00Z,40466.554882,40486.657515,40414.665149,40442.100303,4359.176360
2025-01-04T15:20:00Z,40442.100303,40477.620922,40353.980995,40377.500327,1661.540345
2025-01-04T15:21:00Z,40377.500327,40391.655838,40371.803317,40376.228113,3770.531878
2025-01-04T15:22:00Z,40376.228113,40389.386514,40359.558346,40375.522581,1837.618869
2025-01-04T15:23:00Z,40375.522581,40384.300813,40306.068874,40317.835301,3461.070936
2025-01-04T15:24:00Z,40317.835301,40335.707073,40297.948592,40327.635312,3833.857733
2025-01-04T15:25:00Z,40327.635312,40335.726839,40292.864621,40325.365587,1831.957541
2025-01-04T15:26:00Z,40325.365587,40333.306995,40320.097699,40326.895665,780.052211
2025-01-04T15:27:00Z,40326.895665,40366.805912,40310.849498,40344.860105,6233.682642
2025-01-04T15:28:00Z,40344.860105,40362.705056,40332.700711,40351.690279,3876.862813
2025-01-04T15:29:00Z,40351.690279,40394.806459,40339.731815,40364.950074,3229.538356
2025-01-04T15:30:00Z,40364.950074,40401.544063,40285.382856,40320.127039,5143.409727
2025-01-04T15:31:00Z,40320.127039,40364.888527,40303.150269,40346.637233,2616.514583
2025-01-04T15:32:00Z,40346.637233,40376.974224,40337.694906,40371.511300,2378.341590
2025-01-04T15:33:00Z,40371.511300,40397.309518,40327.572669,40336.949849,2683.109521
2025-01-04T15:34:00Z,40336.949849,40344.402908,40280.243758,40309.793005,2944.459516
2025-01-04T15:35:00Z,40309.793005,40347.059304,40297.293800,40323.101123,2275.804868
2025-01-04T15:36:00Z,40323.101123,40328.121015,40246.190056,40265.210607,2553.059187
2025-01-04T15:37:00Z,40265.210607,40270.006397,40217.015029,40225.397571,1696.406839
2025-01-04T15:38:00Z,40225.397571,40234.618916,40201.623524,40206.444937,4081.242755
2025-01-04T15:39:00Z,40206.444937,40283.403715,40183.840626,40236.583417,2768.379349
2025-01-04T15:40:00Z,40236.583417,40286.226305,40210.189308,40245.748232,1828.984679
2025-01-04T15:41:00Z,40245.748232,40261.907198,40216.322770,40220.773675,2054.252187
2025-01-04T15:42:00Z,40220.773675,40225.322149,40202.106199,40204.892981,1004.153591
2025-01-04T15:43:00Z,40204.892981,40213.511674,40125.980722,40134.118118,3355.354451
2025-01-04T15:44:00Z,40134.118118,40177.021743,40018.835963,40055.191455,1940.691848
2025-01-04T15:45:00Z,40055.191455,40070.411517,40018.108827,40032.479166,1850.311981
2025-01-04T15:46:00Z,40032.479166,40076.139549,40029.350002,40064.841239,2290.727013
2025-01-04T15:47:00Z,40064.841239,40106.227215,40055.695100,40081.819875,1377.138480
2025-01-04T15:48:00Z,40081.819875,40112.068874,40067.777176,40095.447705,1872.612280
2025-01-04T15:49:00Z,40095.447705,40118.762816,40051.030449,40073.234848,3447.612404
2025-01-04T15:50:00Z,40073.234848,40074.885569,40060.974055,40065.947345,3029.433359
2025-01-04T15:51:00Z,40065.947345,40068.029564,40038.177917,40046.471933,5609.369279
2025-01-04T15:52:00Z,40046.471933,40050.288901,40037.154690,40040.003893,1552.136262
2025-01-04T15:53:00Z,40040.003893,40043.050560,40012.014496,40016.489326,8457.210327
2025-01-04T15:54:00Z,40016.489326,40064.480109,40013.457923,40057.575060,5911.223703
2025-01-04T15:55:00Z,40057.575060,40072.144266,39985.795956,40000.988374,4752.331759
2025-01-04T15:56:00Z,40000.988374,40019.427743,39967.091810,39980.644670,4280.673725
2025-01-04T15:57:00Z,39980.644670,39998.704095,39958.637087,39991.052124,2231.582576
2025-01-04T15:58:00Z,39991.052124,40020.713161,39981.903898,39993.905607,2054.721448
2025-01-04T15:59:00Z,39993.905607,40093.029406,39969.307050,40077.552480,3291.455638
2025-01-04T16:00:00Z,40077.552480,40097.221375,40054.851524,40069.441201,2228.015654
2025-01-04T16:01:00Z,40069.441201,40106.958705,40063.743726,40087.976911,1257.773265
2025-01-04T16:02:00Z,40087.976911,40124.865603,40080.557626,40113.048457,4394.939284
2025-01-04T16:03:00Z,40113.048457,40119.145671,40095.872614,40100.910455,1635.212435
2025-01-04T16:04:00Z,40100.910455,40155.696550,40083.129916,40128.454840,4015.344544
2025-01-04T16:05:00Z,40128.454840,40172.279251,40124.347759,40159.410939,4725.302109
2025-01-04T16:06:00Z,40159.410939,40187.979493,40146.181028,40171.291536,2409.946157
2025-01-04T16:07:00Z,40171.291536,40175.422347,40139.332276,40148.833659,951.538949
2025-01-04T16:08:00Z,40148.833659,40160.308228,40129.700547,40137.376051,2347.739435
2025-01-04T16:09:00Z,40137.376051,40196.024759,40115.134775,40163.685490,2386.556975
2025-01-04T16:10:00Z,40163.685490,40171.714075,40142.263871,40157.975935,3672.413503
2025-01-04T16:11:00Z,40157.975935,40160.163112,40125.324678,40135.169670,3385.132781
2025-01-04T16:12:00Z,40135.169670,40150.988155,40081.146031,40098.991202,7417.179086
2025-01-04T16:13:00Z,40098.991202,40185.265454,40083.767100,40170.278941,2370.823779
2025-01-04T16:14:00Z,40170.278941,40177.269554,40149.778161,40156.034557,2613.828940
2025-01-04T16:15:00Z,40156.034557,40164.932982,40098.894768,40110.915329,2453.586777
2025-01-04T16:16:00Z,40110.915329,40196.305691,40076.821550,40183.091841,2439.478415
2025-01-04T16:17:00Z,40183.091841,40206.191564,40123.866045,40133.642621,4100.718229
2025-01-04T16:18:00Z,40133.642621,40160.700759,40120.144822,40146.177653,4266.447058
2025-01-04T16:19:00Z,40146.177653,40191.620871,40140.426909,40179.902851,2145.377639
2025-01-04T16:20:00Z,40179.902851,40196.930682,40144.459463,40153.943142,3165.127499
2025-01-04T16:21:00Z,40153.943142,40236.150596,40131.611646,40207.736856,1708.620166
2025-01-04T16:22:00Z,40207.736856,40221.498854,40151.367054,40161.703219,2141.064647
2025-01-04T16:23:00Z,40161.703219,40184.085680,40130.006413,40154.426260,2489.609509
2025-01-04T16:24:00Z,40154.426260,40159.560479,40115.344426,40121.859274,1784.431886
2025-01-04T16:25:00Z,40121.859274,40128.822080,40090.809336,40113.752857,1825.233607
2025-01-04T16:26:00Z,40113.752857,40154.008238,40063.715078,40076.411286,4392.575227
2025-01-04T16:27:00Z,40076.411286,40081.975768,40072.253286,40078.790214,3863.602089
2025-01-04T16:28:00Z,40078.790214,40147.896118,40047.944602,40133.870459,3823.499199
2025-01-04T16:29:00Z,40133.870459,40217.750411,40121.244389,40207.794557,2544.890439
2025-01-04T16:30:00Z,40207.794557,40247.823024,40195.468820,40226.737142,2763.102768
2025-01-04T16:31:00Z,40226.737142,40272.595353,40196.797544,40252.097284,2480.297640
2025-01-04T16:32:00Z,40252.097284,40291.556610,40243.295006,40272.062452,1214.004449
2025-01-04T16:33:00Z,40272.062452,40304.085032,40212.120544,40258.923117,2430.304234
2025-01-04T16:34:00Z,40258.923117,40266.638077,40246.850527,40255.184139,6637.005204
2025-01-04T16:35:00Z,40255.184139,40315.889566,40238.202478,40301.499886,1099.556329
2025-01-04T16:36:00Z,40301.499886,40333.974083,40254.337089,40263.533739,4232.959599
2025-01-04T16:37:00Z,40263.533739,40265.282908,40226.728878,40229.722850,6100.803555
2025-01-04T16:38:00Z,40229.722850,40300.367144,40217.136295,40279.913767,2026.765216
2025-01-04T16:39:00Z,40279.913767,40343.337576,40272.760678,40336.294203,3126.770772
2025-01-04T16:40:00Z,40336.294203,40356.855219,40316.232395,40328.196673,1615.831055
2025-01-04T16:41:00Z,40328.196673,40373.894636,40317.880600,40364.136833,1832.347264
2025-01-04T16:42:00Z,40364.136833,40410.556120,40360.196616,40397.156770,1653.474976
2025-01-04T16:43:00Z,40397.156770,40428.223397,40388.092587,40420.365099,2609.087161
2025-01-04T16:44:00Z,40420.365099,40461.285915,40413.149032,40457.316029,5177.398102
2025-01-04T16:45:00Z,40457.316029,40493.073878,40444.751173,40472.653873,2145.116080
2025-01-04T16:46:00Z,40472.653873,40495.607267,40445.834427,40483.461537,5346.677488
2025-01-04T16:47:00Z,40483.461537,40521.397084,40451.842240,40486.138986,1524.940830
2025-01-04T16:48:00Z,40486.138986,40524.465556,40474.454128,40508.781950,4676.522729
2025-01-04T16:49:00Z,40508.781950,40546.373617,40507.100764,40543.149543,1416.026816
2025-01-04T16:50:00Z,40543.149543,40557.554249,40511.849672,40523.382582,3109.687173
2025-01-04T16:51:00Z,40523.382582,40625.365427,40515.986514,40619.477863,4488.228379
2025-01-04T16:52:00Z,40619.477863,40630.587349,40606.123824,40615.969711,4878.959837
2025-01-04T16:53:00Z,40615.969711,40648.568119,40610.600944,40644.231332,6471.606707
2025-01-04T16:54:00Z,40644.231332,40647.712307,40642.296163,40645.098401,3484.553688
2025-01-04T16:55:00Z,40645.098401,40675.114218,40628.404191,40658.145735,3168.829257
2025-01-04T16:56:00Z,40658.145735,40696.825990,40611.891953,40627.510083,2662.033415
2025-01-04T16:57:00Z,40627.510083,40655.475571,40617.718117,40644.937617,2974.518047
2025-01-04T16:58:00Z,40644.937617,40649.937963,40601.497584,40616.131940,1130.032227
2025-01-04T16:59:00Z,40616.131940,40667.832430,40600.826907,40656.100031,5914.921239
2025-01-04T17:00:00Z,40656.100031,40681.515056,40638.905526,40665.840410,2657.025076
2025-01-04T17:01:00Z,40665.840410,40740.303648,40631.726995,40706.731036,1490.156241
2025-01-04T17:02:00Z,40706.731036,40722.424738,40646.787926,40682.509884,5442.437004
2025-01-04T17:03:00Z,40682.509884,40798.371249,40674.231824,40769.685753,1795.703436
2025-01-04T17:04:00Z,40769.685753,40780.542390,40748.971027,40753.981217,1298.254636
2025-01-04T17:05:00Z,40753.981217,40807.406931,40743.545444,40792.868771,2443.294908
2025-01-04T17:06:00Z,40792.868771,40831.751145,40784.595461,40818.107620,3892.667722
2025-01-04T17:07:00Z,40818.107620,40855.850325,40780.148180,40825.013347,2341.646582
2025-01-04T17:08:00Z,40825.013347,40838.299409,40784.515249,40794.581189,1350.252954
2025-01-04T17:09:00Z,40794.581189,40808.531462,40789.730007,40803.045160,2943.588252
2025-01-04T17:10:00Z,40803.045160,40841.255899,40778.083756,40826.768871,4112.421522
2025-01-04T17:11:00Z,40826.768871,40848.792051,40807.222990,40817.568930,1981.834890
2025-01-04T17:12:00Z,40817.568930,40839.376675,40791.779253,40805.597629,1578.306192
2025-01-04T17:13:00Z,40805.597629,40814.273804,40801.674860,40812.017865,1631.100242
2025-01-04T17:14:00Z,40812.017865,40854.165839,40783.785613,40821.246993,1435.458983
2025-01-04T17:15:00Z,40821.246993,40827.945299,40772.207062,40790.042141,3130.135299
2025-01-04T17:16:00Z,40790.042141,40886.412381,40768.350461,40854.702987,3612.011217
2025-01-04T17:17:00Z,40854.702987,40877.858353,40837.385221,40864.346044,5151.383177
2025-01-04T17:18:00Z,40864.346044,40889.760655,40843.156898,40870.867888,2458.148139
2025-01-04T17:19:00Z,40870.867888,40894.218575,40778.184920,40793.966803,1334.839232
2025-01-04T17:20:00Z,40793.966803,40865.522556,40777.811117,40856.944886,2886.723840
2025-01-04T17:21:00Z,40856.944886,40895.609350,40843.040064,40859.948370,2949.760831
2025-01-04T17:22:00Z,40859.948370,40936.006161,40831.939951,40914.620246,3002.401939
2025-01-04T17:23:00Z,40914.620246,40922.554040,40907.673447,40917.951282,3836.127780
2025-01-04T17:24:00Z,40917.951282,40993.421215,40910.880734,40965.237687,3166.210050
2025-01-04T17:25:00Z,40965.237687,40977.370262,40942.692144,40963.137488,2892.864115
2025-01-04T17:26:00Z,40963.137488,40997.243057,40929.008395,40974.076682,1644.585645
2025-01-04T17:27:00Z,40974.076682,40988.954988,40940.391278,40966.946442,4032.183229
2025-01-04T17:28:00Z,40966.946442,41001.202341,40952.527886,40972.714338,4984.936658
2025-01-04T17:29:00Z,40972.714338,40991.758411,40937.371238,40946.954371,2851.636985
2025-01-04T17:30:00Z,40946.954371,40957.903965,40935.198101,40940.046174,3014.482333
2025-01-04T17:31:00Z,40940.046174,40954.025732,40902.452355,40919.742628,1480.520206
2025-01-04T17:32:00Z,40919.742628,40945.461892,40915.977804,40940.595596,2732.067077
2025-01-04T17:33:00Z,40940.595596,40950.840547,40910.804613,40933.126487,2607.588168
2025-01-04T17:34:00Z,40933.126487,40988.205507,40902.005320,40974.932429,2658.339795
2025-01-04T17:35:00Z,40974.932429,40986.350449,40968.390009,40972.288270,1818.280987
2025-01-04T17:36:00Z,40972.288270,40980.231838,40930.242699,40938.646058,3033.816902
2025-01-04T17:37:00Z,40938.646058,40975.354107,40915.696589,40967.638970,3751.840577
2025-01-04T17:38:00Z,40967.638970,41011.130037,40958.260761,41005.833725,5024.319097
2025-01-04T17:39:00Z,41005.833725,41013.619389,41000.909376,41010.239654,3243.238154
2025-01-04T17:40:00Z,41010.239654,41147.150224,40986.061452,41120.522096,3942.696513
2025-01-04T17:41:00Z,41120.522096,41141.833882,41083.945734,41107.269639,2707.553073
2025-01-04T17:42:00Z,41107.269639,41111.898119,41071.721439,41078.173292,2791.375524
2025-01-04T17:43:00Z,41078.173292,41114.087605,41064.028010,41103.524949,6396.938815
2025-01-04T17:44:00Z,41103.524949,41122.116181,41101.004360,41119.130015,3104.039784
2025-01-04T17:45:00Z,41119.130015,41147.199259,41052.340588,41099.966458,8022.846426
2025-01-04T17:46:00Z,41099.966458,41130.988415,41084.569493,41101.797039,4795.426510
2025-01-04T17:47:00Z,41101.797039,41156.806576,41088.937202,41143.661419,2898.349703
2025-01-04T17:48:00Z,41143.661419,41172.081440,41134.494768,41156.746912,3619.076904
2025-01-04T17:49:00Z,41156.746912,41203.746190,41146.666800,41196.702968,5688.967803
2025-01-04T17:50:00Z,41196.702968,41222.798682,41175.315955,41204.599851,3778.700107
2025-01-04T17:51:00Z,41204.599851,41252.006644,41190.923515,41210.974174,1820.997383
2025-01-04T17:52:00Z,41210.974174,41252.704667,41199.388271,41246.603958,3659.917651
2025-01-04T17:53:00Z,41246.603958,41322.288922,41235.450200,41311.346423,1981.888520
2025-01-04T17:54:00Z,41311.346423,41336.221083,41297.163770,41331.569524,3019.454952
2025-01-04T17:55:00Z,41331.569524,41372.543384,41312.216762,41354.874038,3593.862212
2025-01-04T17:56:00Z,41354.874038,41388.760274,41339.167831,41367.596868,1782.094586
2025-01-04T17:57:00Z,41367.596868,41385.476518,41362.695804,41379.938650,3553.249121
2025-01-04T17:58:00Z,41379.938650,41398.057532,41317.286888,41330.091577,2293.034239
2025-01-04T17:59:00Z,41330.091577,41384.356176,41323.866433,41373.931925,5633.035423
2025-01-04T18:00:00Z,41373.931925,41387.743616,41328.967797,41349.530370,2635.142217
2025-01-04T18:01:00Z,41349.530370,41356.021115,41323.810249,41329.702336,3261.257212
2025-01-04T18:02:00Z,41329.702336,41389.399563,41325.030631,41387.526185,1452.131421
2025-01-04T18:03:00Z,41387.526185,41425.444513,41322.775031,41353.642927,1628.664072
2025-01-04T18:04:00Z,41353.642927,41362.418819,41351.614543,41361.170935,5364.975754
2025-01-04T18:05:00Z,41361.170935,41449.248760,41326.513057,41421.068289,2133.697560
2025-01-04T18:06:00Z,41421.068289,41485.504530,41389.181408,41457.647717,1448.260552
2025-01-04T18:07:00Z,41457.647717,41506.033180,41426.404055,41483.089752,2080.181235
2025-01-04T18:08:00Z,41483.089752,41509.089501,41470.967596,41484.891487,1888.312280
2025-01-04T18:09:00Z,41484.891487,41516.721367,41478.121720,41514.644029,2802.268933
2025-01-04T18:10:00Z,41514.644029,41552.826932,41475.155525,41505.324388,2917.720443
2025-01-04T18:11:00Z,41505.324388,41510.159013,41465.893877,41481.177242,8223.165112
2025-01-04T18:12:00Z,41481.177242,41530.200906,41476.975942,41513.845686,5078.601918
2025-01-04T18:13:00Z,41513.845686,41520.321370,41497.172662,41516.768028,3350.233310
2025-01-04T18:14:00Z,41516.768028,41563.735956,41497.971610,41538.976563,1356.873287
2025-01-04T18:15:00Z,41538.976563,41563.096858,41535.287895,41560.410823,1892.361118
2025-01-04T18:16:00Z,41560.410823,41595.944262,41534.654096,41577.910525,2015.111033
2025-01-04T18:17:00Z,41577.910525,41621.414725,41564.759817,41602.062781,2736.445771
2025-01-04T18:18:00Z,41602.062781,41623.306155,41587.052209,41617.311241,1844.959091
2025-01-04T18:19:00Z,41617.311241,41668.718042,41586.662539,41647.377419,2603.003696
2025-01-04T18:20:00Z,41647.377419,41668.009084,41635.269749,41650.356376,2962.732598
2025-01-04T18:21:00Z,41650.356376,41683.781210,41634.297922,41663.431239,6249.640051
2025-01-04T18:22:00Z,41663.431239,41670.471929,41608.895606,41610.373440,1281.338300
2025-01-04T18:23:00Z,41610.373440,41652.740726,41604.783601,41643.604146,5769.080017
2025-01-04T18:24:00Z,41643.604146,41669.419204,41632.898099,41642.825080,2673.232009
2025-01-04T18:25:00Z,41642.825080,41648.345503,41639.693332,41644.553507,2664.324109
2025-01-04T18:26:00Z,41644.553507,41648.578371,41628.313232,41632.908892,4446.676557
2025-01-04T18:27:00Z,41632.908892,41637.050258,41609.540139,41616.975992,3787.331220
2025-01-04T18:28:00Z,41616.975992,41638.368672,41554.611738,41585.507245,4263.212001
2025-01-04T18:29:00Z,41585.507245,41591.981968,41551.723642,41555.579003,2267.051743
2025-01-04T18:30:00Z,41555.579003,41614.249761,41532.601253,41608.322257,3132.449789
2025-01-04T18:31:00Z,41608.322257,41666.000050,41594.319774,41645.284844,2355.464070
2025-01-04T18:32:00Z,41645.284844,41712.212352,41635.608395,41703.706525,2349.179458
2025-01-04T18:33:00Z,41703.706525,41717.692491,41697.190994,41699.975569,3933.988498
2025-01-04T18:34:00Z,41699.975569,41723.981704,41659.434177,41688.350468,2870.153690
2025-01-04T18:35:00Z,41688.350468,41715.832542,41679.087406,41696.031449,1275.578051
2025-01-04T18:36:00Z,41696.031449,41740.721136,41680.675110,41723.317706,2521.216028
2025-01-04T18:37:00Z,41723.317706,41732.283889,41695.600361,41704.689126,5014.799713
2025-01-04T18:38:00Z,41704.689126,41720.084941,41670.740622,41693.595835,2153.010033
2025-01-04T18:39:00Z,41693.595835,41708.704644,41645.171954,41653.837892,7278.721993
2025-01-04T18:40:00Z,41653.837892,41671.426999,41596.312260,41631.066136,1405.825610
2025-01-04T18:41:00Z,41631.066136,41688.628391,41618.623924,41674.458968,1753.745533
2025-01-04T18:42:00Z,41674.458968,41714.614269,41650.468552,41697.644891,5279.791084
2025-01-04T18:43:00Z,41697.644891,41765.427869,41688.015750,41742.614033,4800.862754
2025-01-04T18:44:00Z,41742.614033,41781.816630,41726.594398,41768.965669,2948.467830
2025-01-04T18:45:00Z,41768.965669,41815.728226,41743.210284,41794.679137,2473.190693
2025-01-04T18:46:00Z,41794.679137,41829.736737,41776.337091,41815.867610,6020.311490
2025-01-04T18:47:00Z,41815.867610,41884.970377,41801.620679,41873.985517,1179.180849
2025-01-04T18:48:00Z,41873.985517,41880.203952,41839.357939,41858.519861,2049.185592
2025-01-04T18:49:00Z,41858.519861,41951.219477,41853.810483,41945.401017,2796.046904
2025-01-04T18:50:00Z,41945.401017,41976.304485,41933.460137,41954.764162,1096.113017
2025-01-04T18:51:00Z,41954.764162,41963.361161,41920.207748,41928.420408,4588.762234
2025-01-04T18:52:00Z,41928.420408,41940.448003,41900.951153,41913.533002,3147.443925
2025-01-04T18:53:00Z,41913.533002,41988.057315,41883.600715,41966.623681,3316.573154
2025-01-04T18:54:00Z,41966.623681,41973.001071,41937.900215,41950.269156,3845.853442
2025-01-04T18:55:00Z,41950.269156,41954.251684,41929.782743,41939.235225,1881.131680
2025-01-04T18:56:00Z,41939.235225,41943.935937,41917.870471,41921.369093,2126.551178
2025-01-04T18:57:00Z,41921.369093,41949.612628,41914.750159,41926.596178,5768.551237
2025-01-04T18:58:00Z,41926.596178,41958.042794,41881.150012,41895.239934,2657.187697
2025-01-04T18:59:00Z,41895.239934,41904.489669,41868.149027,41876.276608,5171.342148
2025-01-04T19:00:00Z,41876.276608,41908.251633,41874.535950,41906.711588,2426.871385
2025-01-04T19:01:00Z,41906.711588,41995.268638,41898.387091,41967.344945,2404.483761
2025-01-04T19:02:00Z,41967.344945,41972.729302,41959.171546,41961.862467,3484.700361
2025-01-04T19:03:00Z,41961.862467,41989.305011,41937.256774,41961.059694,4199.796865
2025-01-04T19:04:00Z,41961.059694,41973.798103,41948.914452,41970.607861,3456.617124
2025-01-04T19:05:00Z,41970.607861,41982.706629,41911.999991,41921.943715,2837.171100
2025-01-04T19:06:00Z,41921.943715,41927.332386,41883.929163,41890.968669,4509.184807
2025-01-04T19:07:00Z,41890.968669,41968.604900,41876.537507,41943.934408,1934.840863
2025-01-04T19:08:00Z,41943.934408,41962.195990,41939.336619,41955.651766,2771.842240
2025-01-04T19:09:00Z,41955.651766,41973.688187,41901.241603,41919.278735,1134.133211
2025-01-04T19:10:00Z,41919.278735,41928.508896,41846.174988,41857.225813,4938.034131
2025-01-04T19:11:00Z,41857.225813,41865.432773,41837.738161,41842.883897,2579.975255
2025-01-04T19:12:00Z,41842.883897,41850.531190,41831.554052,41847.090195,2796.248661
2025-01-04T19:13:00Z,41847.090195,41852.951818,41805.630933,41824.113580,3722.617016
2025-01-04T19:14:00Z,41824.113580,41848.600101,41821.675770,41846.543511,2834.009396
2025-01-04T19:15:00Z,41846.543511,41897.271026,41835.998834,41880.379989,4548.042425
2025-01-04T19:16:00Z,41880.379989,41925.306004,41876.137282,41918.301414,2163.361513
2025-01-04T19:17:00Z,41918.301414,41951.657793,41914.901432,41941.784920,3076.528054
2025-01-04T19:18:00Z,41941.784920,41947.745206,41907.580586,41918.423997,2589.569691
2025-01-04T19:19:00Z,41918.423997,41935.351346,41830.024289,41848.410083,2448.740078
2025-01-04T19:20:00Z,41848.410083,41890.604105,41836.038346,41872.825311,3876.353507
2025-01-04T19:21:00Z,41872.825311,41908.531262,41858.882004,41895.348586,1843.605426
2025-01-04T19:22:00Z,41895.348586,41926.658693,41866.254597,41911.577050,5274.051536
2025-01-04T19:23:00Z,41911.577050,41944.160469,41872.437606,41894.086806,9227.745306
2025-01-04T19:24:00Z,41894.086806,41919.076315,41854.325926,41879.587811,1739.568309
2025-01-04T19:25:00Z,41879.587811,41932.428041,41873.827080,41929.326312,4249.236970
2025-01-04T19:26:00Z,41929.326312,41940.712220,41889.890416,41894.531027,2134.441031
2025-01-04T19:27:00Z,41894.531027,41917.371940,41841.687343,41865.440001,5461.454850
2025-01-04T19:28:00Z,41865.440001,41883.313588,41844.645333,41872.118053,1120.283776
2025-01-04T19:29:00Z,41872.118053,41878.041016,41820.311244,41823.483563,3234.298131
2025-01-04T19:30:00Z,41823.483563,41859.226361,41817.292018,41850.833506,5326.681192
2025-01-04T19:31:00Z,41850.833506,41908.293786,41828.462444,41864.450376,4466.112048
2025-01-04T19:32:00Z,41864.450376,41887.743747,41852.393243,41879.593616,3088.900470
2025-01-04T19:33:00Z,41879.593616,41936.809643,41866.389458,41922.720570,3060.970995
2025-01-04T19:34:00Z,41922.720570,41959.427000,41830.388892,41861.652403,3133.274012
2025-01-04T19:35:00Z,41861.652403,41922.136460,41840.501381,41878.972517,6626.533333
2025-01-04T19:36:00Z,41878.972517,41888.808152,41824.302352,41850.445867,4803.917242
2025-01-04T19:37:00Z,41850.445867,41856.231840,41836.784338,41844.633948,3599.875778
2025-01-04T19:38:00Z,41844.633948,41885.418829,41840.306762,41876.381057,2660.110415
2025-01-04T19:39:00Z,41876.381057,41890.018362,41813.759030,41820.315472,7289.163349
2025-01-04T19:40:00Z,41820.315472,41831.718938,41774.826405,41787.736965,4584.622337
2025-01-04T19:41:00Z,41787.736965,41815.778140,41783.611312,41795.223230,1738.298378
2025-01-04T19:42:00Z,41795.223230,41849.120206,41783.474329,41839.619064,2380.243465
2025-01-04T19:43:00Z,41839.619064,41864.865939,41800.340319,41822.913982,2471.469227
2025-01-04T19:44:00Z,41822.913982,41858.902568,41795.771646,41825.695838,3611.192514
2025-01-04T19:45:00Z,41825.695838,41845.743972,41801.121293,41826.687532,3882.253825
2025-01-04T19:46:00Z,41826.687532,41833.335308,41812.094629,41823.730406,2055.444469
2025-01-04T19:47:00Z,41823.730406,41891.848612,41811.564498,41864.816528,3058.831218
2025-01-04T19:48:00Z,41864.816528,41870.803364,41795.128158,41797.573227,3494.135075
2025-01-04T19:49:00Z,41797.573227,41828.715971,41745.485475,41765.249313,2183.928794
2025-01-04T19:50:00Z,41765.249313,41798.349519,41750.668070,41789.578382,5478.475474
2025-01-04T19:51:00Z,41789.578382,41875.878387,41777.761806,41867.156952,3421.561468
2025-01-04T19:52:00Z,41867.156952,41871.703615,41838.942650,41847.641696,5052.661053
2025-01-04T19:53:00Z,41847.641696,41868.520231,41842.054668,41865.631772,5483.925493
2025-01-04T19:54:00Z,41865.631772,41881.463026,41861.527385,41876.137508,3827.448119
2025-01-04T19:55:00Z,41876.137508,41968.669406,41844.390447,41942.650506,3032.916744
2025-01-04T19:56:00Z,41942.650506,41964.228873,41905.667003,41922.261324,2369.189723
2025-01-04T19:57:00Z,41922.261324,41983.900724,41920.064848,41972.860858,2715.106549
2025-01-04T19:58:00Z,41972.860858,41985.895820,41893.826885,41913.080829,1696.693709
2025-01-04T19:59:00Z,41913.080829,41949.421383,41895.708065,41935.211188,2254.809811
2025-01-04T20:00:00Z,41935.211188,41951.821557,41902.501350,41919.996981,4104.388681
2025-01-04T20:01:00Z,41919.996981,41932.005692,41903.242875,41912.003578,8747.592788
2025-01-04T20:02:00Z,41912.003578,41924.159504,41873.971659,41897.144701,3056.301741
2025-01-04T20:03:00Z,41897.144701,41906.483098,41856.585292,41875.808154,2788.788873
2025-01-04T20:04:00Z,41875.808154,41932.509877,41868.578402,41919.372421,6958.305033
2025-01-04T20:05:00Z,41919.372421,41931.937674,41915.505591,41922.758830,3452.795915
2025-01-04T20:06:00Z,41922.758830,41955.008775,41852.036167,41868.888949,1774.218373
2025-01-04T20:07:00Z,41868.888949,41877.996834,41846.876334,41854.858460,1381.426392
2025-01-04T20:08:00Z,41854.858460,41864.981097,41781.457450,41811.634126,4915.912784
2025-01-04T20:09:00Z,41811.634126,41828.924549,41767.122556,41794.484730,2847.330003
2025-01-04T20:10:00Z,41794.484730,41809.070065,41746.522148,41758.752151,1785.412234
2025-01-04T20:11:00Z,41758.752151,41832.699366,41752.875010,41813.937779,2329.067860
2025-01-04T20:12:00Z,41813.937779,41820.503405,41759.018296,41770.326076,6428.197215
2025-01-04T20:13:00Z,41770.326076,41860.161909,41752.977440,41826.186564,5007.129721
2025-01-04T20:14:00Z,41826.186564,41845.711191,41777.470684,41793.713703,1358.996504
2025-01-04T20:15:00Z,41793.713703,41798.410540,41785.020773,41790.346499,3347.281939
2025-01-04T20:16:00Z,41790.346499,41823.180465,41776.549075,41807.159972,3099.049636
2025-01-04T20:17:00Z,41807.159972,41811.415901,41738.015766,41740.992366,2518.033746
2025-01-04T20:18:00Z,41740.992366,41787.546071,41723.562931,41751.642147,1980.117213
2025-01-04T20:19:00Z,41751.642147,41778.251452,41703.676242,41760.835963,2529.834672
2025-01-04T20:20:00Z,41760.835963,41775.033527,41716.553177,41728.698062,5477.819192
2025-01-04T20:21:00Z,41728.698062,41759.184514,41706.853482,41733.243320,4284.615801
2025-01-04T20:22:00Z,41733.243320,41745.070286,41646.672622,41682.802976,3664.811584
2025-01-04T20:23:00Z,41682.802976,41711.365372,41651.821086,41696.925326,792.825269
2025-01-04T20:24:00Z,41696.925326,41723.012122,41672.640731,41690.926179,1799.684284
2025-01-04T20:25:00Z,41690.926179,41695.321499,41682.682256,41688.274707,1513.156779
2025-01-04T20:26:00Z,41688.274707,41775.683671,41643.210301,41744.448910,2655.515836
2025-01-04T20:27:00Z,41744.448910,41822.747473,41701.127397,41790.773472,3580.975928
2025-01-04T20:28:00Z,41790.773472,41817.431636,41781.423564,41806.738741,6051.795755
2025-01-04T20:29:00Z,41806.738741,41817.844680,41780.687437,41795.563475,3101.011728
2025-01-04T20:30:00Z,41795.563475,41813.660777,41770.485131,41787.150223,2351.049700
2025-01-04T20:31:00Z,41787.150223,41820.761406,41746.717981,41761.136903,2398.563668
2025-01-04T20:32:00Z,41761.136903,41827.828816,41736.188148,41797.766618,1948.889298
2025-01-04T20:33:00Z,41797.766618,41836.896970,41778.474509,41790.698368,1783.387506
2025-01-04T20:34:00Z,41790.698368,41849.676304,41786.583733,41839.847275,5436.602139
2025-01-04T20:35:00Z,41839.847275,41855.615949,41828.336479,41844.972065,1266.417867
2025-01-04T20:36:00Z,41844.972065,41886.649777,41823.796465,41873.710875,1887.722874
2025-01-04T20:37:00Z,41873.710875,41899.756628,41789.178518,41815.239915,1283.698563
2025-01-04T20:38:00Z,41815.239915,41858.470243,41804.453592,41852.421012,4791.563467
2025-01-04T20:39:00Z,41852.421012,41886.385971,41817.777666,41824.237493,3655.969225
2025-01-04T20:40:00Z,41824.237493,41861.937216,41793.194343,41840.487822,3006.324344
2025-01-04T20:41:00Z,41840.487822,41893.348253,41826.750463,41879.020243,1246.592663
2025-01-04T20:42:00Z,41879.020243,41910.025224,41785.855105,41800.630924,3734.735603
2025-01-04T20:43:00Z,41800.630924,41874.909840,41778.819838,41858.333568,6237.730008
2025-01-04T20:44:00Z,41858.333568,41890.205941,41835.553690,41849.273552,2338.831323
2025-01-04T20:45:00Z,41849.273552,41891.592757,41836.336689,41847.297537,6406.849751
2025-01-04T20:46:00Z,41847.297537,41861.574243,41753.281463,41778.047782,5818.203917
2025-01-04T20:47:00Z,41778.047782,41804.166019,41755.589014,41789.783767,2567.674708
2025-01-04T20:48:00Z,41789.783767,41796.074972,41765.271788,41770.889785,1694.166769
2025-01-04T20:49:00Z,41770.889785,41782.813585,41714.416239,41730.818949,2418.462067
2025-01-04T20:50:00Z,41730.818949,41745.342325,41714.300376,41730.999606,5780.149632
2025-01-04T20:51:00Z,41730.999606,41773.139136,41712.176762,41756.958345,3729.647789
2025-01-04T20:52:00Z,41756.958345,41773.399810,41683.760265,41731.664100,1867.399384
2025-01-04T20:53:00Z,41731.664100,41751.611764,41680.091252,41714.755625,2522.900215
2025-01-04T20:54:00Z,41714.755625,41780.184388,41690.643292,41769.126053,5242.142504
2025-01-04T20:55:00Z,41769.126053,41778.848010,41741.257252,41759.492510,2906.383070
2025-01-04T20:56:00Z,41759.492510,41780.719026,41752.885440,41764.590633,3789.065766
2025-01-04T20:57:00Z,41764.590633,41798.977750,41734.258240,41784.781511,2295.552943
2025-01-04T20:58:00Z,41784.781511,41798.156837,41717.961308,41748.387191,5795.116667
2025-01-04T20:59:00Z,41748.387191,41832.922880,41736.559921,41815.204794,2332.737512
2025-01-04T21:00:00Z,41815.204794,41830.820520,41769.854763,41779.232209,3295.778178
2025-01-04T21:01:00Z,41779.232209,41785.955465,41748.425600,41757.429190,2482.494335
2025-01-04T21:02:00Z,41757.429190,41778.972507,41735.109514,41767.904585,3850.216707
2025-01-04T21:03:00Z,41767.904585,41775.316600,41748.382173,41755.943371,3303.860865
2025-01-04T21:04:00Z,41755.943371,41762.733264,41713.518504,41714.878530,859.135753
2025-01-04T21:05:00Z,41714.878530,41719.161763,41671.788264,41675.316653,3900.720851
2025-01-04T21:06:00Z,41675.316653,41747.632368,41650.001550,41722.314091,2191.058203
2025-01-04T21:07:00Z,41722.314091,41741.036909,41700.861778,41729.864495,3536.652941
2025-01-04T21:08:00Z,41729.864495,41782.490325,41708.053571,41761.858275,4243.714458
2025-01-04T21:09:00Z,41761.858275,41783.205241,41739.041056,41770.720720,2136.463205
2025-01-04T21:10:00Z,41770.720720,41807.407230,41735.648868,41772.626526,3727.394061
2025-01-04T21:11:00Z,41772.626526,41782.098792,41730.181479,41743.871407,2171.781620
2025-01-04T21:12:00Z,41743.871407,41751.742022,41722.700708,41736.671480,3109.191381
2025-01-04T21:13:00Z,41736.671480,41742.084276,41705.328468,41713.392972,4195.501259
2025-01-04T21:14:00Z,41713.392972,41729.976320,41648.421108,41670.908491,3749.573025
2025-01-04T21:15:00Z,41670.908491,41675.241735,41633.702702,41641.547883,6249.395138
2025-01-04T21:16:00Z,41641.547883,41690.490944,41614.224290,41678.134281,2832.112703
2025-01-04T21:17:00Z,41678.134281,41741.647608,41659.984531,41710.663413,3361.288752
2025-01-04T21:18:00Z,41710.663413,41722.604685,41628.273040,41668.757940,4730.713784
2025-01-04T21:19:00Z,41668.757940,41704.876033,41664.889047,41695.076720,2059.941897
2025-01-04T21:20:00Z,41695.076720,41698.830778,41653.640319,41658.752707,2511.902019
2025-01-04T21:21:00Z,41658.752707,41690.315742,41647.244385,41653.572700,2637.366134
2025-01-04T21:22:00Z,41653.572700,41664.593724,41624.633271,41632.199121,985.101061
2025-01-04T21:23:00Z,41632.199121,41635.870060,41596.154406,41606.174245,2552.601473
2025-01-04T21:24:00Z,41606.174245,41609.402213,41577.960185,41580.272621,3105.829899
2025-01-04T21:25:00Z,41580.272621,41613.232405,41518.611052,41544.132075,1717.080091
2025-01-04T21:26:00Z,41544.132075,41555.505662,41460.512154,41496.134678,1562.583851
2025-01-04T21:27:00Z,41496.134678,41508.388973,41492.591146,41499.619726,1630.009557
2025-01-04T21:28:00Z,41499.619726,41508.935416,41464.509149,41474.345388,3079.818567
2025-01-04T21:29:00Z,41474.345388,41494.102321,41389.451448,41404.389576,2121.910066
2025-01-04T21:30:00Z,41404.389576,41407.381886,41387.314578,41391.991123,4848.703896
2025-01-04T21:31:00Z,41391.991123,41428.812292,41304.583446,41345.177904,3077.203664
2025-01-04T21:32:00Z,41345.177904,41354.657093,41335.425564,41350.589665,2792.303232
2025-01-04T21:33:00Z,41350.589665,41373.311330,41344.488769,41371.888347,1551.985283
2025-01-04T21:34:00Z,41371.888347,41374.886638,41324.694828,41328.455127,3943.507944
2025-01-04T21:35:00Z,41328.455127,41343.665917,41281.580476,41289.192759,3862.727540
2025-01-04T21:36:00Z,41289.192759,41306.683763,41226.445946,41230.746192,4783.273169
2025-01-04T21:37:00Z,41230.746192,41235.705868,41158.704452,41170.246632,4347.014105
2025-01-04T21:38:00Z,41170.246632,41281.611533,41163.260201,41274.539694,1263.613142
2025-01-04T21:39:00Z,41274.539694,41299.419669,41235.023607,41245.389802,3206.506144
2025-01-04T21:40:00Z,41245.389802,41259.581771,41169.140774,41184.699005,4003.131427
2025-01-04T21:41:00Z,41184.699005,41188.546494,41122.410039,41124.487271,3480.161450
2025-01-04T21:42:00Z,41124.487271,41147.910888,41075.534522,41091.113418,2100.640282
2025-01-04T21:43:00Z,41091.113418,41120.685064,41057.680195,41109.402631,4687.376628
2025-01-04T21:44:00Z,41109.402631,41153.395610,41080.013496,41125.495954,4284.903072
2025-01-04T21:45:00Z,41125.495954,41127.142981,41117.099974,41119.981897,4828.402038
2025-01-04T21:46:00Z,41119.981897,41123.115591,41063.423496,41068.318542,1275.126914
2025-01-04T21:47:00Z,41068.318542,41078.591993,41046.587373,41060.020539,2929.499307
2025-01-04T21:48:00Z,41060.020539,41083.059240,41011.268706,41033.621993,3726.131043
2025-01-04T21:49:00Z,41033.621993,41043.633348,41009.878083,41018.155672,2466.376744
2025-01-04T21:50:00Z,41018.155672,41050.775589,41010.414300,41040.333798,5868.639068
2025-01-04T21:51:00Z,41040.333798,41100.550909,41026.354753,41085.914329,2774.607212
2025-01-04T21:52:00Z,41085.914329,41151.861722,41067.320157,41121.399771,4067.989969
2025-01-04T21:53:00Z,41121.399771,41165.915087,41113.635117,41153.622083,3164.942325
2025-01-04T21:54:00Z,41153.622083,41173.907957,41092.483241,41098.211519,2792.241442
2025-01-04T21:55:00Z,41098.211519,41139.525780,41091.045958,41113.527280,4682.174651
2025-01-04T21:56:00Z,41113.527280,41124.077922,41104.194110,41116.283574,2596.800923
2025-01-04T21:57:00Z,41116.283574,41132.594633,41073.660942,41089.042160,4223.266044
2025-01-04T21:58:00Z,41089.042160,41096.199426,41081.271981,41083.048983,3570.964137
2025-01-04T21:59:00Z,41083.048983,41122.767218,41082.012229,41119.147669,2295.824135
2025-01-04T22:00:00Z,41119.147669,41166.273729,41115.435268,41150.035524,4248.525888
2025-01-04T22:01:00Z,41150.035524,41187.209517,41136.894873,41177.220599,3373.800729
2025-01-04T22:02:00Z,41177.220599,41208.072818,41168.923595,41197.017583,2597.051172
2025-01-04T22:03:00Z,41197.017583,41240.799931,41155.543217,41215.615362,2928.396966
2025-01-04T22:04:00Z,41215.615362,41248.184443,41191.551322,41223.543113,1820.449664
2025-01-04T22:05:00Z,41223.543113,41251.272435,41216.941710,41241.152398,2181.286937
2025-01-04T22:06:00Z,41241.152398,41320.151463,41210.483771,41305.636092,1107.477751
2025-01-04T22:07:00Z,41305.636092,41329.554623,41258.396865,41286.024488,4288.437245
2025-01-04T22:08:00Z,41286.024488,41294.835456,41270.824317,41275.386849,2353.012605
2025-01-04T22:09:00Z,41275.386849,41295.718626,41260.617312,41278.640612,2197.363355
2025-01-04T22:10:00Z,41278.640612,41301.138934,41253.944204,41286.602234,2539.696945
2025-01-04T22:11:00Z,41286.602234,41303.028561,41278.699989,41294.867998,1622.894946
2025-01-04T22:12:00Z,41294.867998,41324.103169,41273.636473,41295.017897,1421.925116
2025-01-04T22:13:00Z,41295.017897,41331.332043,41233.778923,41241.468831,2551.807773
2025-01-04T22:14:00Z,41241.468831,41274.303162,41190.203736,41211.623801,2757.680322
2025-01-04T22:15:00Z,41211.623801,41220.387349,41187.125709,41203.369565,2749.990373
2025-01-04T22:16:00Z,41203.369565,41214.932009,41180.050597,41190.235605,2926.188807
2025-01-04T22:17:00Z,41190.235605,41215.150228,41182.197746,41205.157529,6689.875525
2025-01-04T22:18:00Z,41205.157529,41242.470971,41194.750351,41235.250642,3354.341993
2025-01-04T22:19:00Z,41235.250642,41241.502634,41199.756322,41204.587730,2378.512054
2025-01-04T22:20:00Z,41204.587730,41234.774871,41196.339003,41227.031365,4378.127426
2025-01-04T22:21:00Z,41227.031365,41244.267197,41196.909191,41223.819619,2582.350060
2025-01-04T22:22:00Z,41223.819619,41273.684914,41210.037963,41261.595521,3787.432660
2025-01-04T22:23:00Z,41261.595521,41268.364494,41154.566106,41160.430765,1824.092924
2025-01-04T22:24:00Z,41160.430765,41178.050738,41152.490996,41164.481725,6916.961193
2025-01-04T22:25:00Z,41164.481725,41206.431718,41137.814651,41181.028927,1901.551394
2025-01-04T22:26:00Z,41181.028927,41220.081211,41169.807139,41185.081365,2844.844438
2025-01-04T22:27:00Z,41185.081365,41222.809949,41173.290448,41203.007410,2266.263477
2025-01-04T22:28:00Z,41203.007410,41226.483457,41166.367238,41208.756423,2908.994998
2025-01-04T22:29:00Z,41208.756423,41253.484268,41172.125825,41228.208892,1831.043585
2025-01-04T22:30:00Z,41228.208892,41267.324813,41219.235960,41264.851676,1739.098585
2025-01-04T22:31:00Z,41264.851676,41277.489516,41242.950829,41249.482260,9679.309947
2025-01-04T22:32:00Z,41249.482260,41255.444512,41242.529779,41250.695056,3108.968553
2025-01-04T22:33:00Z,41250.695056,41328.852017,41205.270489,41295.082440,4610.328285
2025-01-04T22:34:00Z,41295.082440,41320.751884,41281.025804,41307.520209,2626.360892
2025-01-04T22:35:00Z,41307.520209,41313.335373,41234.170600,41251.616247,2489.381297
2025-01-04T22:36:00Z,41251.616247,41294.120350,41207.796616,41269.544285,4645.904497
2025-01-04T22:37:00Z,41269.544285,41288.831751,41209.796138,41226.984329,2772.896960
2025-01-04T22:38:00Z,41226.984329,41234.465463,41192.426563,41203.075648,3193.174105
2025-01-04T22:39:00Z,41203.075648,41207.624471,41191.141541,41202.823680,3511.388673
2025-01-04T22:40:00Z,41202.823680,41281.826870,41192.205020,41258.896256,2915.811494
2025-01-04T22:41:00Z,41258.896256,41370.671188,41239.942605,41335.968797,2883.353644
2025-01-04T22:42:00Z,41335.968797,41384.667387,41297.533605,41329.569390,2035.963516
2025-01-04T22:43:00Z,41329.569390,41338.088671,41321.330952,41332.788710,7762.179261
2025-01-04T22:44:00Z,41332.788710,41340.099286,41308.373744,41320.257985,10087.526287
2025-01-04T22:45:00Z,41320.257985,41325.712708,41254.253859,41272.852442,4331.043378
2025-01-04T22:46:00Z,41272.852442,41322.032386,41261.554455,41310.605539,2822.912668
2025-01-04T22:47:00Z,41310.605539,41380.765909,41306.314273,41373.400935,1942.741215
2025-01-04T22:48:00Z,41373.400935,41376.516044,41354.294219,41361.276115,2122.728703
2025-01-04T22:49:00Z,41361.276115,41372.346401,41353.733157,41369.362886,4611.485261
2025-01-04T22:50:00Z,41369.362886,41377.089671,41355.719650,41366.285997,4119.572221
2025-01-04T22:51:00Z,41366.285997,41431.393443,41358.050836,41397.257385,1176.745317
2025-01-04T22:52:00Z,41397.257385,41406.920743,41345.192270,41361.004352,4168.679453
2025-01-04T22:53:00Z,41361.004352,41371.338103,41280.621168,41308.578710,4624.558805
2025-01-04T22:54:00Z,41308.578710,41349.889720,41291.597115,41326.411477,5852.685770
2025-01-04T22:55:00Z,41326.411477,41329.917542,41274.336349,41275.971713,3152.156401
2025-01-04T22:56:00Z,41275.971713,41295.339237,41252.647936,41272.095647,2083.288908
2025-01-04T22:57:00Z,41272.095647,41288.871249,41250.838842,41255.382736,4000.052239
2025-01-04T22:58:00Z,41255.382736,41310.362831,41241.893430,41278.770095,2657.081934
2025-01-04T22:59:00Z,41278.770095,41361.761480,41250.515080,41334.154656,6740.699443
2025-01-04T23:00:00Z,41334.154656,41374.025757,41299.659402,41331.020695,3145.412528
2025-01-04T23:01:00Z,41331.020695,41356.618046,41269.135524,41279.138277,5698.231276
2025-01-04T23:02:00Z,41279.138277,41301.008382,41251.198355,41265.723140,2973.588226
2025-01-04T23:03:00Z,41265.723140,41295.170737,41263.293630,41293.556289,2279.091329
2025-01-04T23:04:00Z,41293.556289,41319.378807,41255.915252,41271.893802,1429.639702
2025-01-04T23:05:00Z,41271.893802,41302.473296,41260.314630,41292.677374,1440.301342
2025-01-04T23:06:00Z,41292.677374,41319.729948,41283.646494,41308.070317,4733.730213
2025-01-04T23:07:00Z,41308.070317,41356.053818,41297.314369,41332.213636,1088.496217
2025-01-04T23:08:00Z,41332.213636,41399.810182,41320.822862,41387.024554,2348.647986
2025-01-04T23:09:00Z,41387.024554,41389.337178,41361.019076,41362.095509,3300.320920
2025-01-04T23:10:00Z,41362.095509,41432.488182,41346.123917,41406.659322,2922.878946
2025-01-04T23:11:00Z,41406.659322,41477.933010,41398.398016,41461.203147,4262.163674
2025-01-04T23:12:00Z,41461.203147,41494.568889,41444.843631,41476.271352,5604.188888
2025-01-04T23:13:00Z,41476.271352,41544.915496,41462.447489,41532.930141,2460.449032
2025-01-04T23:14:00Z,41532.930141,41594.912544,41509.245654,41556.774189,5490.742963
2025-01-04T23:15:00Z,41556.774189,41560.086933,41525.431090,41528.800433,1627.858015
2025-01-04T23:16:00Z,41528.800433,41542.849039,41496.576281,41508.587236,4758.004637
2025-01-04T23:17:00Z,41508.587236,41537.342461,41489.543846,41524.391926,5591.035580
2025-01-04T23:18:00Z,41524.391926,41583.418880,41510.496334,41563.824699,2382.182428
2025-01-04T23:19:00Z,41563.824699,41590.989443,41542.054931,41569.490253,6397.210556
2025-01-04T23:20:00Z,41569.490253,41638.922167,41556.224508,41610.681395,2213.395616
2025-01-04T23:21:00Z,41610.681395,41635.969996,41576.918363,41586.089205,2359.308861
2025-01-04T23:22:00Z,41586.089205,41650.808664,41539.295617,41620.915119,3960.589442
2025-01-04T23:23:00Z,41620.915119,41650.748830,41583.616431,41600.428821,4721.288775
2025-01-04T23:24:00Z,41600.428821,41618.975165,41572.988522,41593.169705,2301.242349
2025-01-04T23:25:00Z,41593.169705,41616.616118,41558.107070,41597.356794,3115.012301
2025-01-04T23:26:00Z,41597.356794,41668.423137,41589.078062,41649.189250,1907.681249
2025-01-04T23:27:00Z,41649.189250,41655.247791,41642.560116,41645.851749,1618.220483
2025-01-04T23:28:00Z,41645.851749,41665.058752,41623.871170,41628.816292,2318.439431
2025-01-04T23:29:00Z,41628.816292,41637.781208,41613.097575,41617.815809,2003.413673
2025-01-04T23:30:00Z,41617.815809,41631.960189,41590.590308,41601.209645,6606.110957
2025-01-04T23:31:00Z,41601.209645,41607.047656,41598.563079,41603.226512,4987.214315
2025-01-04T23:32:00Z,41603.226512,41640.713684,41567.324935,41627.493521,3248.073387
2025-01-04T23:33:00Z,41627.493521,41636.236657,41621.463521,41628.351272,2835.379576
2025-01-04T23:34:00Z,41628.351272,41687.704126,41623.036009,41683.651169,4497.978265
2025-01-04T23:35:00Z,41683.651169,41711.777123,41636.203631,41681.251344,2847.517522
2025-01-04T23:36:00Z,41681.251344,41760.349714,41664.624410,41737.861443,3498.372340
2025-01-04T23:37:00Z,41737.861443,41744.856179,41682.107486,41684.670127,3747.576979
2025-01-04T23:38:00Z,41684.670127,41694.708003,41666.096280,41668.908263,2057.348902
2025-01-04T23:39:00Z,41668.908263,41692.104094,41648.130102,41663.451695,4448.041835
2025-01-04T23:40:00Z,41663.451695,41684.390023,41630.988067,41657.267696,1701.002780
2025-01-04T23:41:00Z,41657.267696,41667.520188,41604.152689,41623.851390,2303.820817
2025-01-04T23:42:00Z,41623.851390,41641.417027,41587.621530,41610.468999,5330.986004
2025-01-04T23:43:00Z,41610.468999,41619.165030,41577.555547,41594.346749,2083.586709
2025-01-04T23:44:00Z,41594.346749,41661.342698,41565.659214,41640.637871,1323.973466
2025-01-04T23:45:00Z,41640.637871,41682.058961,41628.226223,41642.415214,2388.623732
2025-01-04T23:46:00Z,41642.415214,41760.141022,41610.506443,41723.384902,1921.398058
2025-01-04T23:47:00Z,41723.384902,41729.296896,41672.025384,41674.085831,2971.894699
2025-01-04T23:48:00Z,41674.085831,41730.818508,41661.769776,41725.266115,3863.709395
2025-01-04T23:49:00Z,41725.266115,41729.468365,41674.589466,41681.126290,3096.890947
2025-01-04T23:50:00Z,41681.126290,41714.423328,41663.066864,41701.570087,1564.042367
2025-01-04T23:51:00Z,41701.570087,41731.033689,41693.571076,41708.205003,4031.264385
2025-01-04T23:52:00Z,41708.205003,41764.959226,41694.261118,41737.094890,2729.772048
2025-01-04T23:53:00Z,41737.094890,41755.522306,41725.769074,41742.999216,2454.108600
2025-01-04T23:54:00Z,41742.999216,41747.269317,41728.794463,41739.173320,6104.582313
2025-01-04T23:55:00Z,41739.173320,41759.986749,41723.845573,41752.431927,5671.977565
2025-01-04T23:56:00Z,41752.431927,41823.172836,41732.705968,41784.501132,5646.297146
2025-01-04T23:57:00Z,41784.501132,41813.961531,41767.469723,41802.499452,2353.691035
2025-01-04T23:58:00Z,41802.499452,41831.780240,41786.680429,41803.564585,2093.340174
2025-01-04T23:59:00Z,41803.564585,41864.632864,41796.980910,41859.996482,6295.555933
2025-01-05T00:00:00Z,41859.996482,41941.441459,41833.873184,41910.712501,3069.584532
2025-01-05T00:01:00Z,41910.712501,41974.784391,41891.983740,41927.053232,4299.128681
2025-01-05T00:02:00Z,41927.053232,41929.862278,41896.621875,41903.178662,2962.164362
2025-01-05T00:03:00Z,41903.178662,41926.913311,41851.301739,41874.601112,1838.340906
2025-01-05T00:04:00Z,41874.601112,41903.551576,41863.497516,41892.466318,4047.769257
2025-01-05T00:05:00Z,41892.466318,41927.113348,41889.458503,41920.440965,3114.671606
2025-01-05T00:06:00Z,41920.440965,41955.231305,41916.560960,41949.149543,3500.251453
2025-01-05T00:07:00Z,41949.149543,42012.715167,41919.242082,42002.649911,3407.673388
2025-01-05T00:08:00Z,42002.649911,42014.010111,41979.281046,41998.015938,2891.793010
2025-01-05T00:09:00Z,41998.015938,42037.776015,41970.395044,42015.136301,3597.020884
2025-01-05T00:10:00Z,42015.136301,42053.583728,41997.607311,42041.981849,3160.681892
2025-01-05T00:11:00Z,42041.981849,42049.700991,41988.242130,41992.467908,2180.269529
2025-01-05T00:12:00Z,41992.467908,42023.980449,41959.258407,42004.778313,1180.246097
2025-01-05T00:13:00Z,42004.778313,42073.015872,41983.876258,42064.792407,2653.716130
2025-01-05T00:14:00Z,42064.792407,42154.972694,42055.908488,42121.475400,3123.693401
2025-01-05T00:15:00Z,42121.475400,42175.394462,42104.199002,42159.129239,4246.692296
2025-01-05T00:16:00Z,42159.129239,42208.793457,42152.077727,42177.740046,2532.905079
2025-01-05T00:17:00Z,42177.740046,42223.412060,42154.793456,42204.683332,2388.899298
2025-01-05T00:18:00Z,42204.683332,42260.966772,42191.139407,42250.923629,3265.648257
2025-01-05T00:19:00Z,42250.923629,42263.536082,42201.975122,42222.813680,5982.777220
2025-01-05T00:20:00Z,42222.813680,42232.040935,42165.903194,42188.111079,5966.155073
2025-01-05T00:21:00Z,42188.111079,42216.115164,42171.560969,42196.241909,2190.950600
2025-01-05T00:22:00Z,42196.241909,42248.224922,42188.719711,42242.134984,2608.349694
2025-01-05T00:23:00Z,42242.134984,42264.878504,42226.644954,42247.218837,1380.116617
2025-01-05T00:24:00Z,42247.218837,42382.218904,42215.826000,42343.260870,2500.370961
2025-01-05T00:25:00Z,42343.260870,42347.172948,42303.730584,42308.052325,5076.706322
2025-01-05T00:26:00Z,42308.052325,42376.880909,42292.169280,42360.230588,3139.431802
2025-01-05T00:27:00Z,42360.230588,42429.458884,42351.028602,42400.473074,2722.081979
2025-01-05T00:28:00Z,42400.473074,42414.611247,42393.742797,42409.602707,2177.266522
2025-01-05T00:29:00Z,42409.602707,42410.639659,42395.797941,42398.982957,1813.308498
2025-01-05T00:30:00Z,42398.982957,42432.566659,42396.241441,42428.781274,2472.052049
2025-01-05T00:31:00Z,42428.781274,42445.423356,42425.870664,42440.266140,4050.011476
2025-01-05T00:32:00Z,42440.266140,42453.820715,42394.628731,42408.147671,2663.724287
2025-01-05T00:33:00Z,42408.147671,42421.035151,42354.029974,42369.581179,2435.805928
2025-01-05T00:34:00Z,42369.581179,42377.461187,42344.340209,42368.544414,1264.968756
2025-01-05T00:35:00Z,42368.544414,42395.680979,42332.443504,42355.429862,4918.976345
2025-01-05T00:36:00Z,42355.429862,42372.866851,42340.535424,42347.240848,4052.474922
2025-01-05T00:37:00Z,42347.240848,42401.733246,42299.942768,42361.836865,1156.648184
2025-01-05T00:38:00Z,42361.836865,42413.540484,42355.213371,42403.516250,2288.356024
2025-01-05T00:39:00Z,42403.516250,42420.816105,42322.656943,42337.630368,2296.471158
2025-01-05T00:40:00Z,42337.630368,42341.931597,42296.701611,42298.820333,2333.666360
2025-01-05T00:41:00Z,42298.820333,42310.918413,42291.688235,42303.048394,4143.363700
2025-01-05T00:42:00Z,42303.048394,42325.464794,42227.728107,42255.059481,4375.710654
2025-01-05T00:43:00Z,42255.059481,42263.592597,42249.595117,42256.988932,4662.814343
2025-01-05T00:44:00Z,42256.988932,42273.697615,42245.840106,42267.298244,4879.646016
2025-01-05T00:45:00Z,42267.298244,42276.259754,42245.693182,42258.421370,3412.668931
2025-01-05T00:46:00Z,42258.421370,42312.088376,42249.554808,42308.213023,4913.691841
2025-01-05T00:47:00Z,42308.213023,42336.462685,42227.887022,42262.036108,2458.725282
2025-01-05T00:48:00Z,42262.036108,42308.924432,42252.277352,42304.497440,3816.092637
2025-01-05T00:49:00Z,42304.497440,42358.313671,42301.882486,42353.200632,1463.535499
2025-01-05T00:50:00Z,42353.200632,42366.740406,42339.143249,42357.604799,2710.236674
2025-01-05T00:51:00Z,42357.604799,42370.854643,42329.263899,42339.125814,3975.890244
2025-01-05T00:52:00Z,42339.125814,42358.822599,42325.450333,42344.162921,5088.548530
2025-01-05T00:53:00Z,42344.162921,42387.687127,42322.541506,42362.164581,2277.077870
2025-01-05T00:54:00Z,42362.164581,42413.259977,42346.694489,42388.259415,7142.004499
2025-01-05T00:55:00Z,42388.259415,42468.660805,42377.165208,42457.810531,2851.172380
2025-01-05T00:56:00Z,42457.810531,42578.396444,42415.217653,42567.604602,3223.936492
2025-01-05T00:57:00Z,42567.604602,42575.747184,42549.942777,42559.731180,2459.887184
2025-01-05T00:58:00Z,42559.731180,42570.141504,42495.508388,42502.768169,2658.366369
2025-01-05T00:59:00Z,42502.768169,42587.263466,42458.531327,42560.653348,5000.547782
2025-01-05T01:00:00Z,42560.653348,42587.349754,42547.696691,42579.891255,6479.201062
2025-01-05T01:01:00Z,42579.891255,42655.476148,42571.829483,42625.228284,3649.273209
2025-01-05T01:02:00Z,42625.228284,42638.701894,42621.058210,42633.763399,2239.485639
2025-01-05T01:03:00Z,42633.763399,42647.206287,42568.153114,42573.027602,5215.604091
2025-01-05T01:04:00Z,42573.027602,42588.518283,42517.381467,42531.198394,4288.905891
2025-01-05T01:05:00Z,42531.198394,42571.911400,42519.648713,42560.854347,3113.728761
2025-01-05T01:06:00Z,42560.854347,42631.630194,42529.269219,42623.337982,1302.044470
2025-01-05T01:07:00Z,42623.337982,42667.890146,42603.029944,42644.021497,4721.322056
2025-01-05T01:08:00Z,42644.021497,42686.815174,42624.352573,42658.699359,2533.865444
2025-01-05T01:09:00Z,42658.699359,42669.647064,42641.322768,42648.317597,6185.434388
2025-01-05T01:10:00Z,42648.317597,42730.980704,42620.435767,42698.616068,4338.009269
2025-01-05T01:11:00Z,42698.616068,42706.908337,42673.543799,42678.218091,4369.350676
2025-01-05T01:12:00Z,42678.218091,42758.669580,42634.665515,42715.074528,3087.261198
2025-01-05T01:13:00Z,42715.074528,42732.249006,42692.564303,42714.039441,2529.806871
2025-01-05T01:14:00Z,42714.039441,42730.143382,42651.081772,42663.002433,2040.869007
2025-01-05T01:15:00Z,42663.002433,42671.251147,42649.051840,42657.602132,3668.780708
2025-01-05T01:16:00Z,42657.602132,42699.190619,42627.853021,42673.082035,4063.429857
2025-01-05T01:17:00Z,42673.082035,42674.836144,42652.688845,42653.973548,1588.312666
2025-01-05T01:18:00Z,42653.973548,42662.241702,42573.001919,42577.388169,2047.072247
2025-01-05T01:19:00Z,42577.388169,42615.570290,42539.442876,42557.335707,1982.376313
2025-01-05T01:20:00Z,42557.335707,42639.640563,42540.228395,42600.773885,1453.043081
2025-01-05T01:21:00Z,42600.773885,42614.588097,42557.141634,42590.615895,5903.342576
2025-01-05T01:22:00Z,42590.615895,42603.081484,42530.935090,42544.222529,1455.725602
2025-01-05T01:23:00Z,42544.222529,42576.169949,42528.344202,42560.724795,1194.896307
2025-01-05T01:24:00Z,42560.724795,42593.658910,42547.199507,42581.165437,4847.346680
2025-01-05T01:25:00Z,42581.165437,42584.844139,42462.805144,42472.885318,3204.529168
2025-01-05T01:26:00Z,42472.885318,42482.539419,42433.190327,42446.589761,3656.736540
2025-01-05T01:27:00Z,42446.589761,42465.634644,42424.275119,42457.708504,3314.244554
2025-01-05T01:28:00Z,42457.708504,42564.665710,42414.371208,42521.315410,2744.496030
2025-01-05T01:29:00Z,42521.315410,42528.683648,42476.918170,42501.791664,1831.332601
2025-01-05T01:30:00Z,42501.791664,42566.254563,42498.955663,42555.694004,3008.671095
2025-01-05T01:31:00Z,42555.694004,42568.471772,42539.868607,42543.813347,4595.811453
2025-01-05T01:32:00Z,42543.813347,42584.615481,42525.483736,42578.470287,4267.699280
2025-01-05T01:33:00Z,42578.470287,42594.670113,42522.102981,42558.193461,3983.163189
2025-01-05T01:34:00Z,42558.193461,42593.620265,42533.000308,42569.454241,6064.265340
2025-01-05T01:35:00Z,42569.454241,42583.334308,42512.170285,42549.923807,2138.707185
2025-01-05T01:36:00Z,42549.923807,42576.574795,42480.361763,42504.170751,1049.966058
2025-01-05T01:37:00Z,42504.170751,42532.090506,42469.673269,42491.049742,3101.301729
2025-01-05T01:38:00Z,42491.049742,42505.271311,42439.813177,42477.714776,3764.149777
2025-01-05T01:39:00Z,42477.714776,42484.054910,42464.138867,42469.318488,1691.455313
2025-01-05T01:40:00Z,42469.318488,42490.987375,42407.178859,42430.213569,4129.090204
2025-01-05T01:41:00Z,42430.213569,42444.173797,42399.135365,42422.019274,3124.304989
2025-01-05T01:42:00Z,42422.019274,42480.664023,42401.870674,42450.258798,11523.265351
2025-01-05T01:43:00Z,42450.258798,42503.233620,42439.175792,42474.375157,3460.346654
2025-01-05T01:44:00Z,42474.375157,42527.458248,42431.456352,42513.467220,4677.119492
2025-01-05T01:45:00Z,42513.467220,42547.741787,42439.925553,42447.195227,3452.044120
2025-01-05T01:46:00Z,42447.195227,42474.788590,42427.131420,42468.496386,3286.852551
2025-01-05T01:47:00Z,42468.496386,42498.872131,42435.648819,42465.638345,1868.006170
2025-01-05T01:48:00Z,42465.638345,42490.395575,42460.022218,42484.745150,2644.726440
2025-01-05T01:49:00Z,42484.745150,42512.079646,42451.155803,42469.240990,1697.242867
2025-01-05T01:50:00Z,42469.240990,42488.815269,42434.534250,42462.963332,3859.993953
2025-01-05T01:51:00Z,42462.963332,42477.954647,42369.086817,42393.401530,2371.846709
2025-01-05T01:52:00Z,42393.401530,42441.497966,42378.040287,42425.356455,3589.605911
2025-01-05T01:53:00Z,42425.356455,42437.577215,42374.378292,42392.385641,4015.179033
2025-01-05T01:54:00Z,42392.385641,42430.071100,42379.977101,42426.932929,4125.554278
2025-01-05T01:55:00Z,42426.932929,42445.577622,42399.756234,42417.474256,4951.447813
2025-01-05T01:56:00Z,42417.474256,42426.901956,42413.886640,42423.655875,4361.696245
2025-01-05T01:57:00Z,42423.655875,42470.810688,42406.097702,42452.870706,2776.879240
2025-01-05T01:58:00Z,42452.870706,42485.727883,42437.761755,42467.211422,2060.781238
2025-01-05T01:59:00Z,42467.211422,42540.189490,42453.020304,42537.504548,1816.237153
2025-01-05T02:00:00Z,42537.504548,42561.154760,42527.466774,42539.775918,554.483913
2025-01-05T02:01:00Z,42539.775918,42543.486140,42529.201941,42538.459199,1437.837096
2025-01-05T02:02:00Z,42538.459199,42565.857662,42525.927574,42545.020040,3652.631101
2025-01-05T02:03:00Z,42545.020040,42588.981801,42535.780489,42577.532402,4913.750155
2025-01-05T02:04:00Z,42577.532402,42620.579445,42539.888653,42584.301604,2931.599262
2025-01-05T02:05:00Z,42584.301604,42606.769950,42508.588309,42516.419965,5451.368579
2025-01-05T02:06:00Z,42516.419965,42530.330636,42455.340205,42486.275052,3026.645176
2025-01-05T02:07:00Z,42486.275052,42519.085131,42445.006179,42459.568864,4271.099313
2025-01-05T02:08:00Z,42459.568864,42507.405747,42427.275796,42491.922998,5479.404421
2025-01-05T02:09:00Z,42491.922998,42511.040659,42479.597584,42508.168407,5948.413149
2025-01-05T02:10:00Z,42508.168407,42537.696041,42481.147739,42489.324412,1310.182837
2025-01-05T02:11:00Z,42489.324412,42493.274119,42428.886558,42439.890312,2540.521442
2025-01-05T02:12:00Z,42439.890312,42490.295495,42437.865064,42488.437177,3489.153914
2025-01-05T02:13:00Z,42488.437177,42509.397493,42457.224926,42485.953389,1510.051761
2025-01-05T02:14:00Z,42485.953389,42505.206613,42480.447355,42486.377356,4248.389487
2025-01-05T02:15:00Z,42486.377356,42514.607436,42443.087083,42454.897810,4449.011597
2025-01-05T02:16:00Z,42454.897810,42476.991938,42431.347519,42451.390428,3654.774651
2025-01-05T02:17:00Z,42451.390428,42461.260939,42439.039612,42445.663304,1501.387867
2025-01-05T02:18:00Z,42445.663304,42480.072369,42413.678403,42434.286110,3146.793093
2025-01-05T02:19:00Z,42434.286110,42461.577706,42428.850202,42445.273767,2099.048089
2025-01-05T02:20:00Z,42445.273767,42455.761440,42384.159200,42404.533979,4876.982916
2025-01-05T02:21:00Z,42404.533979,42428.142342,42390.786249,42413.001179,4067.060243
2025-01-05T02:22:00Z,42413.001179,42446.714875,42328.980668,42359.327760,3639.825096
2025-01-05T02:23:00Z,42359.327760,42369.940449,42299.320498,42337.335263,3755.822995
2025-01-05T02:24:00Z,42337.335263,42348.644183,42332.711367,42344.079273,6564.983615
2025-01-05T02:25:00Z,42344.079273,42365.605384,42265.693183,42278.217954,1601.518874
2025-01-05T02:26:00Z,42278.217954,42285.314499,42274.170697,42283.453761,5834.273753
2025-01-05T02:27:00Z,42283.453761,42318.206350,42214.875354,42244.669101,4547.661896
2025-01-05T02:28:00Z,42244.669101,42257.054837,42237.919572,42246.603986,1527.466917
2025-01-05T02:29:00Z,42246.603986,42269.896271,42148.490484,42175.446707,4276.922161
2025-01-05T02:30:00Z,42175.446707,42201.149535,42156.644358,42171.632778,1892.133673
2025-01-05T02:31:00Z,42171.632778,42199.303551,42070.820884,42096.885065,3515.019018
2025-01-05T02:32:00Z,42096.885065,42111.390904,42070.743169,42090.138717,5303.420496
2025-01-05T02:33:00Z,42090.138717,42127.557883,42082.615623,42123.663950,2990.985870
2025-01-05T02:34:00Z,42123.663950,42140.524828,42115.786022,42123.554366,3580.695226
2025-01-05T02:35:00Z,42123.554366,42154.282765,42092.159856,42103.247178,2127.399961
2025-01-05T02:36:00Z,42103.247178,42122.277724,42042.753961,42058.361254,2044.379928
2025-01-05T02:37:00Z,42058.361254,42078.245456,42002.592896,42023.147333,2560.020281
2025-01-05T02:38:00Z,42023.147333,42024.958742,41993.519116,41998.363893,2063.999061
2025-01-05T02:39:00Z,41998.363893,42016.980599,41985.745397,42009.124792,3134.041834
2025-01-05T02:40:00Z,42009.124792,42024.622728,42004.102766,42014.238037,1856.259630
2025-01-05T02:41:00Z,42014.238037,42041.671768,41984.076730,42005.247425,2270.084348
2025-01-05T02:42:00Z,42005.247425,42015.123515,41980.112988,41985.265868,1302.967865
2025-01-05T02:43:00Z,41985.265868,41999.738544,41942.922858,41950.603800,2947.919030
2025-01-05T02:44:00Z,41950.603800,41956.687937,41890.426209,41895.910530,4947.263262
2025-01-05T02:45:00Z,41895.910530,41924.939735,41824.115856,41853.787876,2581.295124
2025-01-05T02:46:00Z,41853.787876,41868.001972,41842.550397,41862.907582,7040.843279
2025-01-05T02:47:00Z,41862.907582,41893.983114,41785.539766,41800.466771,3829.512047
2025-01-05T02:48:00Z,41800.466771,41820.774077,41756.164974,41761.357723,3235.172543
2025-01-05T02:49:00Z,41761.357723,41840.072751,41753.814832,41812.485521,2859.324666
2025-01-05T02:50:00Z,41812.485521,41834.557503,41789.828502,41809.048145,3612.559122
2025-01-05T02:51:00Z,41809.048145,41821.311204,41763.750811,41783.118678,2083.766103
2025-01-05T02:52:00Z,41783.118678,41802.346168,41739.166064,41775.271724,1304.875437
2025-01-05T02:53:00Z,41775.271724,41789.449958,41748.879207,41780.047282,2215.588592
2025-01-05T02:54:00Z,41780.047282,41786.425680,41751.261785,41775.364344,4829.218792
2025-01-05T02:55:00Z,41775.364344,41818.417833,41773.271111,41808.011621,1908.593546
2025-01-05T02:56:00Z,41808.011621,41819.156219,41766.891655,41782.043334,4536.597970
2025-01-05T02:57:00Z,41782.043334,41802.573821,41680.018413,41705.369567,2320.417561
2025-01-05T02:58:00Z,41705.369567,41742.164582,41699.554638,41733.745090,2292.167653
2025-01-05T02:59:00Z,41733.745090,41758.488649,41695.908157,41724.525446,3406.788696
2025-01-05T03:00:00Z,41724.525446,41732.822171,41668.572354,41682.726849,2952.667689
2025-01-05T03:01:00Z,41682.726849,41705.717025,41618.503793,41631.154507,2857.607531
2025-01-05T03:02:00Z,41631.154507,41661.040444,41625.991054,41649.324669,1042.203596
2025-01-05T03:03:00Z,41649.324669,41682.263677,41640.289175,41663.203390,2208.361007
2025-01-05T03:04:00Z,41663.203390,41719.592390,41632.610806,41701.974345,5114.526024
2025-01-05T03:05:00Z,41701.974345,41707.785151,41669.044624,41681.617373,2967.544885
2025-01-05T03:06:00Z,41681.617373,41685.325762,41646.916850,41656.149490,5340.335592
2025-01-05T03:07:00Z,41656.149490,41668.494430,41642.657581,41655.354020,2221.829874
2025-01-05T03:08:00Z,41655.354020,41686.486354,41624.881892,41642.905583,1648.652365
2025-01-05T03:09:00Z,41642.905583,41662.852261,41633.801745,41641.169980,3661.345163
2025-01-05T03:10:00Z,41641.169980,41676.909612,41565.338929,41588.111265,2193.063044
2025-01-05T03:11:00Z,41588.111265,41598.588844,41517.363079,41546.958830,3977.691913
2025-01-05T03:12:00Z,41546.958830,41558.290591,41507.266151,41532.595129,2693.378761
2025-01-05T03:13:00Z,41532.595129,41539.326538,41520.402882,41528.680387,4062.282716
2025-01-05T03:14:00Z,41528.680387,41553.443768,41501.955175,41519.798771,2924.079373
2025-01-05T03:15:00Z,41519.798771,41583.635262,41508.809920,41578.021587,2986.399089
2025-01-05T03:16:00Z,41578.021587,41592.927800,41576.143854,41584.187840,4962.549737
2025-01-05T03:17:00Z,41584.187840,41599.019757,41563.947667,41587.435423,4205.808469
2025-01-05T03:18:00Z,41587.435423,41612.415567,41582.129350,41606.528002,3788.678345
2025-01-05T03:19:00Z,41606.528002,41641.987985,41596.611439,41622.179979,3651.605678
2025-01-05T03:20:00Z,41622.179979,41641.714110,41557.265161,41566.986875,4715.664271
2025-01-05T03:21:00Z,41566.986875,41592.199393,41482.301204,41515.149445,2192.543388
2025-01-05T03:22:00Z,41515.149445,41519.700438,41465.022902,41471.206855,2307.346102
2025-01-05T03:23:00Z,41471.206855,41473.545406,41462.067465,41467.318891,3059.819112
2025-01-05T03:24:00Z,41467.318891,41477.903768,41429.637108,41441.475887,2503.116540
2025-01-05T03:25:00Z,41441.475887,41479.232494,41366.184506,41384.988314,2306.867086
2025-01-05T03:26:00Z,41384.988314,41389.906850,41302.002714,41304.797087,3164.667547
2025-01-05T03:27:00Z,41304.797087,41313.793106,41274.071952,41278.553561,2524.825457
2025-01-05T03:28:00Z,41278.553561,41284.643692,41214.443891,41220.466225,7457.957287
2025-01-05T03:29:00Z,41220.466225,41227.685892,41214.258603,41216.761189,2638.381482
2025-01-05T03:30:00Z,41216.761189,41245.497496,41188.899428,41218.643628,2628.986614
2025-01-05T03:31:00Z,41218.643628,41234.030609,41188.310473,41200.535716,3685.309099
2025-01-05T03:32:00Z,41200.535716,41277.437568,41159.221169,41233.262108,4566.781339
2025-01-05T03:33:00Z,41233.262108,41265.789687,41198.776651,41239.554169,1455.001048
2025-01-05T03:34:00Z,41239.554169,41316.898462,41217.548039,41276.923577,2921.506481
2025-01-05T03:35:00Z,41276.923577,41283.121524,41253.593178,41255.631312,3017.014360
2025-01-05T03:36:00Z,41255.631312,41288.138589,41210.932151,41223.367907,1918.881167
2025-01-05T03:37:00Z,41223.367907,41234.491744,41180.293350,41193.493976,1696.010076
2025-01-05T03:38:00Z,41193.493976,41212.560182,41181.806053,41206.501247,2610.046821
2025-01-05T03:39:00Z,41206.501247,41216.843790,41142.253595,41161.640694,2903.471849
2025-01-05T03:40:00Z,41161.640694,41177.538692,41149.915131,41164.893926,3570.640462
2025-01-05T03:41:00Z,41164.893926,41200.850118,41080.940783,41111.457925,2362.829786
2025-01-05T03:42:00Z,41111.457925,41168.999776,41088.198229,41143.852514,1385.811507
2025-01-05T03:43:00Z,41143.852514,41166.157061,41081.960313,41103.645533,4104.573972
2025-01-05T03:44:00Z,41103.645533,41115.596299,41099.960492,41113.125644,3400.516294
2025-01-05T03:45:00Z,41113.125644,41117.443301,41061.399992,41074.059357,2823.614291
2025-01-05T03:46:00Z,41074.059357,41087.542942,41055.114248,41063.330566,2905.168369
2025-01-05T03:47:00Z,41063.330566,41102.891756,41055.694525,41097.296422,3457.200524
2025-01-05T03:48:00Z,41097.296422,41107.987115,41074.008180,41089.326502,6716.074292
2025-01-05T03:49:00Z,41089.326502,41097.706724,41049.711789,41071.732392,4124.161944
2025-01-05T03:50:00Z,41071.732392,41104.057895,40980.959931,41015.896521,1913.635370
2025-01-05T03:51:00Z,41015.896521,41090.311933,40999.845624,41070.808609,3578.519275
2025-01-05T03:52:00Z,41070.808609,41095.410207,40994.804709,41027.537775,3779.935333
2025-01-05T03:53:00Z,41027.537775,41035.078769,40968.772234,40994.878638,5085.668623
2025-01-05T03:54:00Z,40994.878638,41011.931661,40972.785821,41006.112151,3354.135129
2025-01-05T03:55:00Z,41006.112151,41037.197839,40928.425341,40939.065285,3836.976588
2025-01-05T03:56:00Z,40939.065285,40976.063521,40922.566381,40962.791852,1719.096674
2025-01-05T03:57:00Z,40962.791852,40977.096221,40941.162459,40947.585467,3363.836982
2025-01-05T03:58:00Z,40947.585467,40952.535949,40876.022161,40893.260730,5230.126085
2025-01-05T03:59:00Z,40893.260730,40906.832972,40842.869349,40859.089045,4006.156389
